Timestamp,Sensor_ID,Pressure (bar),Flow Rate (L/s),Temperature (°C),Leak Status,Burst Status
2024-01-07 04:30:00,S004,3.460463,110.377865,18.720322,0,0
2024-01-14 14:25:00,S010,2.501243,189.248859,16.993702,1,0
2024-01-01 18:25:00,S003,3.844331954027557,139.21649560654043,19.24906872793711,0,0
2024-01-08 09:55:00,S005,2.619969,165.023017,17.323329,1,0
2024-01-19 03:20:00,S002,3.055048,125.373446,16.778083,0,0
2024-01-05 01:20:00,S007,3.339503,84.820288,15.082195,0,0
2024-01-04 01:15:00,S007,3.640600100931224,151.4597553365009,14.514494794474324,0,0
2024-01-01 13:00:00,S010,3.7376609971339896,104.45888182926358,10.513421662307938,0,0
2024-01-06 18:05:00,S007,2.29495,133.645114,15.878643,1,0
2024-01-02 02:55:00,S002,3.033076853028609,167.5687676728096,18.31339771198025,0,0
2024-01-19 09:50:00,S007,3.05527,122.564865,17.755969,0,0
2024-01-10 01:35:00,S009,3.205719,143.950928,17.217592,0,0
2024-01-03 19:35:00,S001,3.7862959116278856,64.60503406868317,20.59557995214994,0,0
2024-01-02 08:45:00,S009,3.725023263176077,92.68434526443464,22.273100031223716,0,0
2024-01-13 11:25:00,S010,2.913427,126.860368,19.677074,0,0
2024-01-10 03:50:00,S009,2.339775,143.304557,17.818352,1,0
2024-01-08 14:15:00,S010,3.148765,139.893241,15.197807,0,0
2024-01-19 13:55:00,S003,2.602653,178.312223,16.854839,1,0
2024-01-02 02:35:00,S007,3.7610545420168,159.9202317149376,18.133558082377725,0,0
2024-01-01 13:55:00,S008,2.822410567886135,54.6774702591927,13.933960664497375,0,0
2024-01-03 14:10:00,S010,2.7179900386307563,125.85451156720607,10.930621254348315,0,0
2024-01-19 23:50:00,S010,2.771621,131.385432,19.608467,0,0
2024-01-13 20:55:00,S005,3.616354,118.319697,16.254049,0,0
2024-01-10 14:20:00,S006,2.572308,110.442589,17.8863,0,0
2024-01-18 18:00:00,S009,3.293283,135.847172,18.572165,0,0
2024-01-14 21:50:00,S009,3.223809,102.880661,18.032842,0,0
2024-01-07 11:55:00,S005,3.47588,174.052386,16.60963,0,0
2024-01-20 23:40:00,S004,2.249831,160.684774,17.4539,1,0
2024-01-12 02:05:00,S007,3.129729,96.257019,17.673445,0,0
2024-01-14 00:50:00,S008,3.295462,72.946159,15.813608,0,0
2024-01-20 12:45:00,S003,2.040549,149.281396,15.889794,1,0
2024-01-17 23:50:00,S003,3.247715,126.978859,22.293051,0,0
2024-01-15 05:50:00,S004,2.076503,175.949548,19.715026,1,0
2024-01-05 09:05:00,S003,1.030808,159.586012,17.698528,0,1
2024-01-09 02:50:00,S009,3.175117,142.978605,12.866543,0,0
2024-01-01 07:00:00,S006,3.1834851291785693,143.0198896702305,14.16071774471699,0,0
2024-01-14 06:25:00,S008,2.803432,149.349323,17.688105,0,0
2024-01-10 05:05:00,S001,3.434802,110.950352,18.681857,0,0
2024-01-20 06:05:00,S009,3.391552,166.266686,15.79996,0,0
2024-01-10 12:50:00,S005,3.303185,116.771299,19.731648,0,0
2024-01-10 22:10:00,S006,3.223099,112.516572,17.502492,0,0
2024-01-04 11:00:00,S010,3.836532524450817,172.04132200510338,20.72429235327666,0,0
2024-01-01 19:00:00,S001,3.7606786094154,76.12900048673805,24.41170827230465,0,0
2024-01-12 08:00:00,S001,3.151786,86.016443,17.913978,0,0
2024-01-17 18:20:00,S009,3.469323,144.830046,18.375088,0,0
2024-01-14 16:30:00,S007,2.965654,112.825384,15.969705,0,0
2024-01-19 22:55:00,S010,2.918766,96.182014,17.932986,0,0
2024-01-14 07:20:00,S008,3.149958,111.016654,14.455629,0,0
2024-01-06 17:40:00,S007,2.007175,177.251693,20.528103,1,0
2024-01-01 06:35:00,S009,3.616317485414947,152.15591406453635,13.56259706938705,0,0
2024-01-04 08:20:00,S005,3.839670611983709,153.41257008069869,14.256969145623238,0,0
2024-01-04 05:10:00,S003,3.410986625189599,63.28675094549661,20.153084137413646,0,0
2024-01-03 18:10:00,S009,2.3106859732152523,143.51848639881968,21.89594542555984,1,0
2024-01-12 17:35:00,S006,2.973993,92.20882,18.031986,0,0
2024-01-11 23:40:00,S005,2.81697,151.59336,16.791804,0,0
2024-01-17 04:05:00,S002,3.424312,139.601454,16.819169,0,0
2024-01-12 11:55:00,S001,3.120173,165.637517,18.946988,0,0
2024-01-14 15:50:00,S007,3.223826,88.324504,18.385518,0,0
2024-01-04 17:30:00,S005,3.590397,130.517324,13.424487,0,0
2024-01-17 19:20:00,S009,3.3798,113.208435,21.619481,0,0
2024-01-15 12:35:00,S010,2.302847,85.554487,19.063723,0,1
2024-01-08 00:40:00,S004,3.297733,149.635118,16.380695,0,0
2024-01-20 17:05:00,S006,2.870171,182.839513,18.464951,0,0
2024-01-17 02:10:00,S005,1.146699,154.647095,17.353829,0,1
2024-01-07 01:25:00,S002,3.040837,150.382607,15.376412,0,0
2024-01-11 21:55:00,S001,2.917426,98.006484,17.102117,0,0
2024-01-12 07:55:00,S001,3.097051,74.377519,12.391462,0,0
2024-01-11 20:05:00,S001,3.427673,80.196623,19.195559,0,0
2024-01-06 00:55:00,S002,3.059421,161.898563,16.101242,1,0
2024-01-02 12:35:00,S010,3.3787971826802785,143.71757941841037,11.076637093397697,0,0
2024-01-12 12:20:00,S001,3.480197,152.325605,18.842281,0,0
2024-01-16 18:35:00,S005,3.504209,127.005429,14.822293,0,0
2024-01-11 08:25:00,S008,3.075233,166.992448,18.281542,0,0
2024-01-08 05:20:00,S002,2.878873,130.338513,18.971177,0,0
2024-01-14 23:00:00,S003,2.65121,219.74384,17.654981,1,0
2024-01-06 01:10:00,S003,3.157512,121.534282,20.545192,0,0
2024-01-01 21:10:00,S009,3.3947282124781326,131.853033274321,16.666291791268023,0,0
2024-01-02 14:45:00,S008,3.9140864786411687,167.77843147226127,24.86991852346331,0,0
2024-01-08 08:25:00,S004,2.889603,123.881492,17.259682,0,0
2024-01-02 18:10:00,S002,3.156491992222305,85.24601074939292,20.573065150650727,0,0
2024-01-15 19:55:00,S010,3.004251,126.436536,18.566079,0,0
2024-01-15 21:20:00,S010,3.438188,139.629386,15.064439,0,0
2024-01-15 15:05:00,S006,3.453584,118.149893,17.161307,0,0
2024-01-01 19:25:00,S007,3.448810799839459,105.92729557834016,17.689228078087076,0,0
2024-01-02 22:05:00,S001,3.4471283818275644,129.87560996239728,11.73091963268376,0,0
2024-01-19 10:50:00,S010,2.264078,157.586077,16.952574,1,0
2024-01-02 21:20:00,S001,2.9779134441454107,185.53376651487957,11.16461163983172,0,0
2024-01-13 20:20:00,S005,3.107842,88.172114,18.178678,0,0
2024-01-13 07:00:00,S002,2.836147,174.014752,13.820896,0,0
2024-01-10 16:20:00,S006,2.827559,107.922167,16.676292,0,0
2024-01-10 22:40:00,S003,2.207016,145.578092,17.155298,1,0
2024-01-08 05:35:00,S002,3.557274,150.202961,16.214532,0,0
2024-01-20 05:50:00,S009,3.449099,119.702854,18.353403,0,0
2024-01-02 01:40:00,S003,2.777793351801202,76.11640030011264,11.47593474570096,0,0
2024-01-03 11:10:00,S007,2.621557915697585,174.45842994824366,24.651915592413797,0,0
2024-01-15 05:55:00,S004,2.181035,193.912294,17.809585,1,0
2024-01-06 11:40:00,S008,3.112751,117.992349,16.524517,0,0
2024-01-05 13:10:00,S008,3.402733,128.875211,18.348244,0,0
2024-01-03 04:05:00,S008,2.7997619069229094,58.328754921372585,18.526973477619094,0,0
2024-01-01 01:55:00,S008,3.554528438342767,104.5444403568941,24.57673124081441,0,0
2024-01-09 18:55:00,S002,2.181161,130.958438,22.113233,1,0
2024-01-07 11:50:00,S005,3.461402,156.450551,16.919897,0,0
2024-01-18 17:50:00,S009,3.076604,132.862659,14.830524,0,0
2024-01-13 02:40:00,S008,3.229884,104.234445,17.620987,0,0
2024-01-05 01:30:00,S007,3.006942,95.849293,18.416915,0,0
2024-01-17 11:25:00,S008,3.027899,121.294479,13.65662,1,0
2024-01-08 08:30:00,S004,3.426797,143.383356,17.8694,0,0
2024-01-11 11:30:00,S003,3.413103,114.041494,20.773588,0,0
2024-01-05 03:30:00,S009,2.844003,141.5842,16.173454,0,0
2024-01-08 19:05:00,S002,2.563404,110.371668,19.562787,1,0
2024-01-10 23:25:00,S001,2.603443,130.084551,20.631736,0,0
2024-01-20 13:55:00,S006,3.097803,102.958367,14.655444,0,0
2024-01-09 20:25:00,S006,2.555135,159.627493,15.050024,1,0
2024-01-11 22:50:00,S005,3.55008,137.066593,15.584608,0,0
2024-01-01 07:45:00,S003,2.912097695538863,81.08414735120847,23.173310012187883,0,0
2024-01-08 05:05:00,S007,2.107636,198.532106,21.386698,0,1
2024-01-02 15:05:00,S009,3.534999605963415,153.51448373567652,23.95910207269805,0,0
2024-01-03 17:35:00,S007,3.785846406054687,164.69764255773103,12.200426710227724,0,0
2024-01-06 21:35:00,S004,3.455115,113.23718,18.258242,0,0
2024-01-07 09:05:00,S003,2.638953,110.620477,19.351188,0,0
2024-01-11 15:15:00,S001,2.274908,127.467547,14.903596,0,1
2024-01-06 22:10:00,S004,3.189865,142.653091,16.037609,0,0
2024-01-14 18:35:00,S001,3.029154,115.308278,16.80407,0,0
2024-01-14 09:50:00,S008,3.068208,126.440358,17.300175,0,0
2024-01-13 17:20:00,S006,3.736313,137.394567,12.613725,0,0
2024-01-21 10:55:00,S009,3.093055,119.551195,17.069094,0,0
2024-01-12 03:00:00,S007,3.132204,117.162783,13.656242,0,0
2024-01-03 02:20:00,S005,3.2177441743839426,167.08340403308208,14.554359072157604,0,0
2024-01-18 03:50:00,S009,2.870576,157.359989,15.944448,1,0
2024-01-06 09:10:00,S002,3.34225,166.073372,18.260939,0,0
2024-01-17 08:20:00,S003,3.110676,119.794603,15.688864,0,0
2024-01-17 18:50:00,S009,3.286808,114.333704,14.275485,0,0
2024-01-12 01:25:00,S007,3.481524,94.488565,13.741384,0,0
2024-01-16 05:30:00,S006,2.313454,238.825453,14.386587,1,0
2024-01-06 12:10:00,S008,3.107868,75.946108,16.66094,0,0
2024-01-11 19:55:00,S001,3.416658,131.019629,19.5782,0,0
2024-01-12 19:15:00,S007,3.960496,93.073041,14.345899,0,0
2024-01-02 09:25:00,S003,3.5859595831991404,68.08376246055354,23.536799609287627,0,0
2024-01-01 02:35:00,S002,3.887040427417844,181.60090300714717,13.869124415727336,0,0
2024-01-06 03:35:00,S003,3.350452,130.606847,16.880414,0,0
2024-01-10 07:20:00,S008,3.029125,161.120418,16.86494,0,0
2024-01-03 01:55:00,S002,2.902843251180464,65.14671602266417,12.512366336411617,0,0
2024-01-11 22:25:00,S006,2.197215,68.825453,19.217576,1,0
2024-01-20 06:00:00,S009,3.318965,148.385862,21.221942,0,0
2024-01-07 11:00:00,S005,2.913365,93.144691,17.846541,0,0
2024-01-02 23:05:00,S009,3.3715226400626643,113.91064664391456,18.220485349963603,0,0
2024-01-08 16:25:00,S010,3.205998,131.633606,18.908654,0,0
2024-01-07 19:50:00,S001,3.402153,136.294827,17.338307,0,0
2024-01-04 00:05:00,S005,3.2770156470641467,142.1279366478517,13.54914674061261,0,0
2024-01-16 23:55:00,S010,3.335647,109.471381,17.108765,0,0
2024-01-09 12:10:00,S006,2.627063,169.820711,18.078949,0,0
2024-01-20 18:20:00,S005,3.424859,100.798687,14.961583,0,0
2024-01-03 19:40:00,S010,2.852131632587457,172.83039057807073,15.059959132686483,0,0
2024-01-06 03:05:00,S003,3.437439,130.359528,21.495152,0,0
2024-01-17 10:30:00,S003,2.861621,141.176661,20.461872,0,0
2024-01-08 21:15:00,S010,3.102847,103.52348,15.072607,1,0
2024-01-04 14:30:00,S009,3.250784,158.983658,12.37986,0,0
2024-01-16 17:10:00,S002,2.319732,82.936112,18.509706,0,1
2024-01-01 06:40:00,S009,3.8028986922841903,83.5393757779179,24.44833809160917,0,0
2024-01-05 04:20:00,S009,2.88702,105.793858,16.62326,0,0
2024-01-12 09:45:00,S004,2.932994,104.297342,17.537579,1,0
2024-01-06 08:45:00,S002,2.675257,124.679121,18.119466,0,0
2024-01-01 14:45:00,S002,3.8274975347849214,129.53976989523505,16.615482426222425,0,0
2024-01-09 23:25:00,S009,2.616603,83.814778,14.849768,1,0
2024-01-21 19:20:00,S009,3.35919,150.346889,15.110516,0,0
2024-01-17 21:15:00,S005,3.261153,110.761493,19.005513,0,0
2024-01-05 23:50:00,S005,3.320754,116.170105,18.510736,0,0
2024-01-02 00:40:00,S007,3.28825693295296,122.24522698022936,12.653307177157815,0,0
2024-01-13 13:15:00,S009,3.354227,188.344617,17.027258,0,0
2024-01-13 15:55:00,S006,3.227586,102.678606,21.383172,0,0
2024-01-01 13:05:00,S009,3.154189793702975,94.16986393128764,24.22679960443235,0,0
2024-01-04 13:35:00,S009,3.112686,134.731526,18.085441,0,0
2024-01-02 10:10:00,S005,3.296628017327864,176.25850426170143,18.70332278177544,0,0
2024-01-14 17:50:00,S005,2.02308,160.209606,15.655131,0,1
2024-01-21 14:45:00,S009,3.043698,130.580934,19.93473,0,0
2024-01-18 05:00:00,S004,3.435331,102.771176,16.597264,0,0
2024-01-17 12:20:00,S002,2.835786,129.495249,18.598676,0,0
2024-01-19 21:55:00,S003,2.629464,131.782195,16.276525,0,0
2024-01-08 13:45:00,S007,2.77714,128.999723,21.308823,1,0
2024-01-21 04:00:00,S009,3.165492,125.347778,18.682083,0,0
2024-01-03 19:30:00,S008,2.981086786689936,134.36440611768813,14.191679609783538,0,0
2024-01-18 01:35:00,S006,3.285478,122.946901,15.974417,0,0
2024-01-18 04:45:00,S004,3.310616,119.402897,16.97878,0,0
2024-01-13 23:05:00,S005,3.253666,100.409599,22.244714,0,0
2024-01-18 22:15:00,S009,3.212693,134.81253,20.085664,0,0
2024-01-11 08:05:00,S008,3.316932,109.280628,21.696849,0,0
2024-01-14 04:15:00,S008,3.180672,115.842613,17.517502,0,0
2024-01-08 12:40:00,S001,1.711245,254.30721,18.596171,0,1
2024-01-11 16:25:00,S005,2.904638,108.306388,18.006476,0,0
2024-01-06 21:10:00,S004,3.13973,135.893743,16.503875,0,0
2024-01-04 13:20:00,S009,2.66851,136.688011,15.544306,0,0
2024-01-14 16:50:00,S007,3.181152,128.668596,16.312453,0,0
2024-01-08 09:00:00,S004,3.551238,115.925787,21.291685,0,0
2024-01-19 09:10:00,S009,3.294235,125.240655,14.822544,0,0
2024-01-10 09:20:00,S007,3.139437,120.987927,16.589767,0,0
2024-01-04 14:05:00,S009,3.840793,94.837144,16.714033,0,0
2024-01-21 09:15:00,S009,3.188815,158.860018,17.033228,0,0
2024-01-19 15:00:00,S006,2.805015,154.728692,19.305433,0,0
2024-01-15 10:35:00,S001,3.039897,168.200834,21.120558,0,0
2024-01-06 21:40:00,S004,3.190615,135.682617,19.333365,0,0
2024-01-11 02:45:00,S009,3.122587,119.310741,17.025536,0,0
2024-01-17 22:30:00,S005,2.731731,110.20829,21.335233,1,0
2024-01-12 12:40:00,S001,2.911951,167.213389,16.28097,0,0
2024-01-18 10:50:00,S003,2.226822,110.548228,17.63068,1,0
2024-01-09 23:10:00,S002,3.394385,118.216575,12.924626,0,0
2024-01-19 08:15:00,S009,2.978896,88.03845,17.507934,0,0
2024-01-15 18:10:00,S008,2.98883,126.503928,18.896789,0,0
2024-01-05 02:50:00,S007,3.046029,141.760732,19.810687,0,0
2024-01-13 23:25:00,S005,1.989986,202.818588,15.034507,1,0
2024-01-03 17:15:00,S005,2.848337036352014,110.798804097043,14.037423564874436,0,0
2024-01-16 06:50:00,S005,3.044883,119.425887,12.949601,0,0
2024-01-01 04:10:00,S006,2.9548982720098342,130.5623640794983,14.899768626940611,0,0
2024-01-03 11:20:00,S002,3.5087608940104738,152.32875338826483,14.728591519741762,0,0
2024-01-09 00:10:00,S009,3.327405,138.459327,15.380821,0,0
2024-01-14 10:15:00,S008,3.496209,137.355773,16.346942,0,0
2024-01-09 11:50:00,S006,2.664386,178.554741,17.987446,0,0
2024-01-08 18:40:00,S002,2.869289,112.089523,19.07172,0,0
2024-01-16 23:35:00,S010,3.104002,117.69057,17.299712,0,0
2024-01-17 15:10:00,S006,2.780564,106.050145,17.173555,0,0
2024-01-11 18:35:00,S005,3.334175,141.495015,15.617349,0,0
2024-01-20 07:50:00,S002,3.014511,122.204385,21.207194,0,0
2024-01-03 08:20:00,S008,3.856364937111348,106.20829557610648,18.24802844164308,0,0
2024-01-20 07:00:00,S001,2.648209,145.30764,19.688664,1,0
2024-01-13 15:15:00,S006,3.230361,144.27756,13.741777,0,0
2024-01-10 08:30:00,S001,2.588345,137.873165,16.52975,1,0
2024-01-11 09:35:00,S008,3.399817,110.735746,17.890798,0,0
2024-01-06 10:10:00,S002,2.887617,165.275846,15.870307,0,0
2024-01-13 16:05:00,S006,3.284833,123.746999,18.726063,0,0
2024-01-09 13:25:00,S006,2.994126,112.603579,19.419958,0,0
2024-01-02 04:50:00,S008,3.0073946579985225,96.30481150597927,24.205539816080844,0,0
2024-01-06 04:40:00,S008,3.07609,126.02211,17.513348,0,0
2024-01-09 03:20:00,S010,1.60104,155.632976,19.856223,0,1
2024-01-14 13:25:00,S006,3.622992,104.532747,17.438292,0,0
2024-01-13 16:50:00,S006,3.045292,154.139639,20.045247,0,0
2024-01-03 03:50:00,S004,3.2647810143256866,125.1913466938594,10.753645147344733,0,0
2024-01-15 05:20:00,S004,2.553269,84.55434,17.451399,1,0
2024-01-05 20:40:00,S002,2.017702,143.228926,20.053639,0,1
2024-01-12 10:45:00,S005,3.929279,129.0208,15.667345,0,0
2024-01-14 20:05:00,S007,3.37866,132.078006,19.012343,0,0
2024-01-18 23:45:00,S003,1.97399,113.91238,18.706355,1,0
2024-01-17 00:45:00,S010,3.597249,86.992959,16.703684,0,0
2024-01-02 03:00:00,S006,3.7490207040205648,51.65474213936987,21.24318226703333,0,0
2024-01-11 09:45:00,S008,3.347048,107.105172,21.397387,0,0
2024-01-01 03:05:00,S005,2.768234063831993,104.970317687429,21.162557845848436,0,0
2024-01-19 15:50:00,S002,2.410034,122.647291,19.480571,1,0
2024-01-15 12:40:00,S003,2.411218,97.371095,21.02163,0,0
2024-01-02 20:10:00,S001,2.821609724489747,90.62094920554588,13.713396554198296,0,0
2024-01-10 04:10:00,S001,3.221892,154.527198,20.098952,0,0
2024-01-13 18:40:00,S002,3.527651,131.7629,15.778101,0,0
2024-01-09 03:40:00,S010,2.137091,120.147268,14.240757,0,1
2024-01-10 16:00:00,S002,2.319732,117.363535,16.318968,0,1
2024-01-20 01:40:00,S003,2.983489,159.862541,19.191495,0,0
2024-01-08 17:25:00,S002,3.678076,107.073698,17.540638,0,0
2024-01-04 17:25:00,S005,3.260239,124.243043,14.600795,0,0
2024-01-05 03:45:00,S009,3.537048,140.663315,16.700683,0,0
2024-01-18 20:10:00,S006,3.210101,105.574318,17.593551,0,0
2024-01-01 21:55:00,S010,2.7778426698211147,187.6628733757066,16.36791137794543,0,0
2024-01-07 00:05:00,S002,2.72243,119.65749,18.607558,0,0
2024-01-19 12:00:00,S002,3.474509,95.134767,13.639968,0,0
2024-01-04 03:35:00,S005,1.066490030027672,165.2973915595916,14.18512435521695,0,1
2024-01-05 15:15:00,S009,3.006644,135.274155,18.533519,0,0
2024-01-05 20:05:00,S009,3.358914,117.783672,15.675713,0,0
2024-01-04 08:00:00,S002,3.0135926849437897,131.97145415380646,11.370298640853338,0,0
2024-01-01 19:55:00,S009,3.408307236467324,103.50980795600026,18.002678879495434,0,0
2024-01-01 16:35:00,S001,3.339766468463244,67.37657851703865,15.650430429801984,0,0
2024-01-09 09:25:00,S001,2.796562,121.48992,16.481106,0,0
2024-01-19 23:45:00,S010,3.252586,111.840869,18.704785,0,0
2024-01-15 23:10:00,S009,2.895941,119.562413,19.48362,0,0
2024-01-17 08:50:00,S003,3.074333,128.807521,21.287764,0,0
2024-01-21 02:30:00,S009,3.460938,121.116247,16.367267,0,0
2024-01-02 03:05:00,S003,3.7629555572450633,120.54785811526784,17.530753202326707,0,0
2024-01-10 07:05:00,S008,3.156054,105.652003,17.511538,0,0
2024-01-21 05:15:00,S009,2.656011,128.515585,21.333687,0,0
2024-01-16 08:10:00,S004,3.141615,119.177722,20.621293,1,0
2024-01-01 08:25:00,S003,3.305895125071105,119.0178738475358,18.771491589237307,0,0
2024-01-07 00:45:00,S002,2.996232,116.769498,18.404037,0,0
2024-01-19 06:25:00,S009,3.357765,134.538746,15.14006,0,0
2024-01-04 01:05:00,S007,3.372582291210215,164.95208196569786,16.096248048610278,0,0
2024-01-21 11:00:00,S009,3.165665,135.24854,14.46964,0,0
2024-01-02 10:00:00,S005,3.835145552775713,101.8816191106786,12.316896208349856,0,0
2024-01-14 00:05:00,S008,3.256997,129.129743,16.205433,0,0
2024-01-05 07:40:00,S010,3.268321,143.989309,14.800043,0,0
2024-01-08 22:35:00,S009,3.183038,122.618775,15.825652,0,0
2024-01-05 16:50:00,S009,3.210823,145.120955,17.571056,0,0
2024-01-10 22:05:00,S006,3.294662,108.487046,18.167424,0,0
2024-01-04 02:25:00,S008,3.4920140184170867,55.76013159895169,15.523751610926997,0,0
2024-01-05 02:25:00,S007,2.958731,129.404287,18.343981,0,0
2024-01-17 03:55:00,S002,3.494165,125.827647,16.826448,0,0
2024-01-19 11:30:00,S002,3.448216,75.795589,17.177229,0,0
2024-01-13 20:10:00,S006,2.236681,83.825453,18.779403,0,1
2024-01-16 12:10:00,S008,1.8602,164.971875,17.660221,1,0
2024-01-16 00:25:00,S009,3.333682,103.528386,16.483972,0,0
2024-01-03 12:50:00,S004,3.3285492067258518,139.28445990791025,23.078695919207583,0,0
2024-01-04 14:00:00,S009,3.605915,102.582613,18.080326,0,0
2024-01-11 15:30:00,S001,1.459263,153.598964,15.580673,0,1
2024-01-20 15:30:00,S006,3.033244,125.331499,20.967282,0,0
2024-01-18 00:00:00,S003,3.304269,109.593026,20.16681,0,0
2024-01-04 09:25:00,S003,2.695480649758504,146.51434242759962,12.957744729520996,0,0
2024-01-18 06:05:00,S004,3.423489,133.322886,18.236684,0,0
2024-01-10 02:30:00,S009,3.215001,128.160171,13.906621,0,0
2024-01-05 06:05:00,S003,3.399746,113.965044,14.395824,0,0
2024-01-05 04:45:00,S007,1.050905,283.327795,18.846871,0,1
2024-01-20 00:40:00,S010,3.211102,131.376891,19.766921,0,0
2024-01-03 00:50:00,S010,3.57265024192555,138.97373285592022,10.800219954833466,0,0
2024-01-19 22:30:00,S009,2.431678,128.62287,18.58385,1,0
2024-01-10 19:00:00,S002,2.975986,116.313052,16.982383,0,0
2024-01-20 23:35:00,S004,2.427153,108.280555,17.467224,1,0
2024-01-10 10:30:00,S007,3.071343,121.224717,16.0199,0,0
2024-01-20 12:40:00,S003,2.107024,113.986134,17.866627,1,0
2024-01-07 02:40:00,S006,2.079882,142.45042,19.443429,0,1
2024-01-11 14:05:00,S008,2.829712,125.887892,17.300698,0,0
2024-01-07 11:45:00,S005,3.496696,152.054572,19.771848,0,0
2024-01-06 08:40:00,S007,2.286389,189.406312,20.914875,0,1
2024-01-02 15:20:00,S003,2.748624669730234,116.83124581128364,13.137781981118916,0,0
2024-01-19 04:35:00,S005,2.893894,141.240148,17.209039,1,0
2024-01-05 00:30:00,S007,3.20075,141.573318,12.825057,0,0
2024-01-01 11:00:00,S006,3.304722027226892,106.82323483353736,16.855003289225174,0,0
2024-01-06 08:00:00,S003,3.111084,113.830028,18.057267,0,0
2024-01-09 15:20:00,S010,3.271042,106.683481,16.365341,0,0
2024-01-06 16:00:00,S007,2.243415,147.54908,23.320764,1,0
2024-01-05 14:05:00,S006,1.293617,174.427733,13.969601,0,1
2024-01-19 20:15:00,S009,2.778123,140.692069,15.307672,0,0
2024-01-05 03:00:00,S009,3.091214,109.403214,18.364181,1,0
2024-01-16 04:50:00,S007,2.857908,126.075672,18.096279,0,0
2024-01-14 18:55:00,S001,3.005161,177.528597,21.162402,0,0
2024-01-17 17:20:00,S006,3.073417,134.29017,20.790442,0,0
2024-01-03 08:45:00,S004,3.600858065502804,101.98381397248214,16.11573655997838,0,0
2024-01-07 04:05:00,S004,3.540476,95.324711,17.293941,0,0
2024-01-16 07:05:00,S005,3.008181,129.462498,18.701369,0,0
2024-01-16 23:20:00,S010,3.153427,117.820856,15.359621,0,0
2024-01-16 20:10:00,S005,1.683909,83.274035,17.322832,0,1
2024-01-11 01:50:00,S006,2.402848,140.943633,16.409178,1,0
2024-01-20 17:50:00,S006,3.199337,120.333731,19.319101,0,0
2024-01-13 07:55:00,S007,1.939919,165.860363,15.885262,1,0
2024-01-20 14:10:00,S006,3.743742,148.031557,17.890161,0,0
2024-01-05 18:30:00,S009,2.961308,88.121296,13.458086,0,0
2024-01-07 18:05:00,S008,3.296499,100.169619,18.304084,0,0
2024-01-01 14:00:00,S002,3.434998826357486,121.13559630505544,15.165755980663498,0,0
2024-01-15 03:15:00,S001,3.000786,129.901191,15.714406,0,0
2024-01-17 11:35:00,S008,2.692992,177.11428,20.864027,1,0
2024-01-02 17:45:00,S008,2.738537505610392,77.02936311922218,11.473524882836209,0,0
2024-01-07 06:15:00,S002,2.319732,130.011188,19.339382,0,1
2024-01-04 01:25:00,S007,2.813646046884421,69.55296950648983,13.053023108303446,0,0
2024-01-03 10:50:00,S005,2.655151172290725,110.30408253323613,20.93408800157736,0,0
2024-01-12 16:30:00,S006,3.254502,92.332941,17.022105,0,0
2024-01-09 01:35:00,S009,3.030681,89.118407,14.709572,0,0
2024-01-11 01:05:00,S006,2.633517,156.677432,18.213583,1,0
2024-01-14 06:00:00,S006,2.046708,124.29342,18.572515,0,1
2024-01-09 21:15:00,S002,3.341005,117.669911,17.379208,0,0
2024-01-01 19:10:00,S009,3.1579231287843856,158.78864906227048,17.300034121370544,0,0
2024-01-18 16:15:00,S009,3.371659,124.115297,17.43103,0,0
2024-01-06 09:30:00,S002,3.387135,122.077387,17.689815,0,0
2024-01-15 17:15:00,S008,3.170538,129.066848,16.693922,0,0
2024-01-18 16:30:00,S009,3.382045,167.7933,20.53923,0,0
2024-01-17 14:50:00,S006,2.236681,129.555883,19.764997,0,1
2024-01-13 12:05:00,S003,1.601659,145.342197,19.998772,0,1
2024-01-19 02:45:00,S002,3.165681,131.010918,17.861265,0,0
2024-01-18 14:55:00,S001,3.284952,167.300062,20.267107,0,0
2024-01-01 01:25:00,S007,3.213055334773168,134.49133579645755,20.43274129639191,0,0
2024-01-18 23:15:00,S003,2.742088,144.497088,19.099751,1,0
2024-01-10 23:00:00,S003,1.901684,180.785389,18.400819,1,0
2024-01-06 17:50:00,S007,2.003189,162.374618,20.124934,1,0
2024-01-04 22:05:00,S008,3.414922,122.373376,14.311615,0,0
2024-01-09 02:05:00,S009,3.208933,107.992129,14.35284,0,0
2024-01-04 18:50:00,S004,3.419235,123.058978,17.94634,0,0
2024-01-20 10:55:00,S003,3.416785,164.109432,16.6602,0,0
2024-01-16 11:30:00,S003,3.435403,122.032351,16.631012,0,0
2024-01-06 04:50:00,S008,3.422765,123.498971,18.879148,0,0
2024-01-11 12:45:00,S003,2.953437,143.091237,21.845711,0,0
2024-01-07 12:45:00,S003,3.203948,105.609575,18.397971,0,0
2024-01-10 05:50:00,S001,3.307245,145.603209,17.113356,0,0
2024-01-18 18:05:00,S009,2.986313,127.522152,18.987152,0,0
2024-01-12 20:25:00,S008,2.227899,163.226316,17.445203,0,1
2024-01-03 10:00:00,S009,3.995363827884033,77.5178601725344,18.912127941346863,0,0
2024-01-16 08:35:00,S002,2.901523,81.084287,20.309567,0,0
2024-01-13 02:20:00,S008,3.572232,107.607519,16.585243,0,0
2024-01-02 20:35:00,S006,3.789735753086914,55.25118722102085,21.810600175076583,0,0
2024-01-10 02:55:00,S009,3.078198,132.404653,14.296091,0,0
2024-01-11 23:35:00,S005,3.252251,161.25542,17.596509,0,0
2024-01-13 03:00:00,S008,3.272499,149.340053,14.386848,0,0
2024-01-13 16:25:00,S006,2.913036,143.392529,16.953221,0,0
2024-01-10 00:10:00,S009,3.270163,102.182243,18.238392,0,0
2024-01-20 20:25:00,S005,2.923216,105.59651,18.492855,0,0
2024-01-20 03:10:00,S003,3.047342,108.995481,17.885529,0,0
2024-01-04 15:15:00,S009,3.653297,140.038809,15.954108,0,0
2024-01-20 17:40:00,S006,2.960114,130.247212,17.905531,0,0
2024-01-18 10:10:00,S004,3.535677,148.499732,16.782872,0,0
2024-01-01 01:10:00,S001,2.595337525429036,96.64734825734934,14.877749830401203,0,0
2024-01-13 23:50:00,S005,1.748811,111.542463,17.885271,1,0
2024-01-15 22:55:00,S003,1.935826,144.051632,21.434766,1,0
2024-01-21 09:25:00,S009,3.341435,150.126406,15.590364,0,0
2024-01-09 03:35:00,S010,1.429536,111.754655,20.549538,0,1
2024-01-20 18:10:00,S005,3.053571,144.636986,15.921897,0,0
2024-01-06 10:20:00,S002,3.251253,133.592635,17.708285,0,0
2024-01-20 12:15:00,S003,3.417243,147.170162,14.749634,0,0
2024-01-07 11:20:00,S005,3.45546,138.562725,18.425403,0,0
2024-01-11 17:50:00,S005,3.437359,118.513513,15.934884,0,0
2024-01-01 05:25:00,S002,2.8910417923538545,124.40561814401092,20.39335538037909,0,0
2024-01-12 19:35:00,S007,3.624366,115.523722,18.0353,0,0
2024-01-19 18:45:00,S008,2.360571,131.753818,16.982178,1,0
2024-01-21 07:50:00,S009,3.065974,137.353391,12.560109,0,0
2024-01-09 08:50:00,S001,3.113691,152.529386,18.852924,0,0
2024-01-21 00:45:00,S009,2.814883,122.352652,17.140434,0,0
2024-01-10 20:45:00,S010,3.102847,99.302412,18.186599,1,0
2024-01-07 23:20:00,S001,3.003265,100.969845,19.272037,0,0
2024-01-05 10:00:00,S005,3.134095,122.487534,18.619356,0,0
2024-01-18 04:05:00,S009,1.907085,171.950088,21.921675,1,0
2024-01-07 13:50:00,S003,3.39922,160.30891,17.055159,0,0
2024-01-15 23:45:00,S009,3.312273,102.94138,16.049272,0,0
2024-01-07 20:15:00,S001,3.214306,149.707655,15.916013,0,0
2024-01-15 05:15:00,S004,2.687627,166.750187,17.808963,1,0
2024-01-01 07:20:00,S008,3.814992228888689,132.7381808816105,12.472513917055014,0,0
2024-01-11 17:30:00,S005,3.203491,105.142442,17.299235,0,0
2024-01-17 22:55:00,S003,2.772797,135.816409,14.661968,0,0
2024-01-06 04:55:00,S008,3.163795,116.863685,20.106681,0,0
2024-01-11 01:35:00,S006,1.963645,132.04391,14.717668,1,0
2024-01-05 21:15:00,S005,3.099003,130.212836,13.410135,0,0
2024-01-13 00:15:00,S003,3.094164,112.538008,21.76209,0,0
2024-01-13 17:50:00,S002,0.969049,99.26013,18.064969,0,1
2024-01-17 07:30:00,S002,3.331369,135.446109,19.098719,0,0
2024-01-21 01:25:00,S009,3.336181,134.529331,15.84759,0,0
2024-01-16 15:15:00,S007,2.205421,177.209789,14.751281,1,0
2024-01-03 15:35:00,S001,3.4838549696476,79.82210914061045,14.725157607751369,0,0
2024-01-06 18:30:00,S009,3.132698,81.204594,17.991661,0,0
2024-01-02 11:00:00,S003,2.80196816173365,109.2706614896478,10.59189299336349,0,0
2024-01-11 11:10:00,S003,3.309395,126.741013,20.709161,0,0
2024-01-09 23:20:00,S009,2.598824,71.711056,18.003122,1,0
2024-01-02 07:05:00,S002,3.476152821338121,181.13400862075272,10.00282599334873,0,0
2024-01-18 11:15:00,S004,3.066498,142.248385,17.729921,0,0
2024-01-16 17:50:00,S005,3.118637,193.84696,19.438299,0,0
2024-01-09 05:45:00,S004,2.927144,135.015268,17.616224,0,0
2024-01-10 14:35:00,S006,3.045548,135.140685,14.115683,0,0
2024-01-12 16:05:00,S006,2.587836,109.134438,14.500624,0,0
2024-01-07 08:40:00,S006,3.193017,103.976496,22.222549,0,0
2024-01-06 15:00:00,S006,1.908088,162.181003,16.673821,1,0
2024-01-12 08:55:00,S001,3.475276,110.343964,14.324381,0,0
2024-01-02 20:50:00,S007,2.5842641160211586,123.66435940747478,23.90665943287641,0,0
2024-01-13 07:50:00,S007,2.118464,68.747375,16.160448,1,0
2024-01-03 14:55:00,S002,2.997979707149054,167.24488370798707,16.555772827632815,0,0
2024-01-13 12:30:00,S009,3.295388,158.830275,15.219708,0,0
2024-01-02 20:30:00,S001,3.881149912695036,137.6673364636139,18.074979148835705,0,0
2024-01-06 00:40:00,S002,2.163036,205.792757,13.934176,1,0
2024-01-04 04:15:00,S003,3.417012484371589,105.64605688882536,21.582280414237573,0,0
2024-01-11 20:35:00,S001,3.329489,122.769323,17.960647,0,0
2024-01-18 03:35:00,S006,3.125735,128.859032,17.567916,0,0
2024-01-19 19:25:00,S009,3.223841,105.836455,17.054694,0,0
2024-01-01 15:05:00,S009,3.3711358108409915,90.7530456603506,15.974310759634534,0,0
2024-01-07 03:25:00,S004,3.123481,140.813038,17.897206,0,0
2024-01-17 00:05:00,S010,3.133368,112.391064,15.469799,0,0
2024-01-10 19:45:00,S002,3.1298,155.245815,14.406247,0,0
2024-01-12 12:05:00,S001,3.337534,127.336418,18.173421,0,0
2024-01-19 22:45:00,S010,2.977304,115.863685,19.332663,0,0
2024-01-05 03:20:00,S009,2.772674,189.095234,18.524475,1,0
2024-01-15 04:05:00,S001,3.010501,136.862958,21.961732,0,0
2024-01-08 09:15:00,S005,3.00389,122.951969,22.652208,1,0
2024-01-19 17:35:00,S008,3.119142,158.463282,16.203626,0,0
2024-01-02 15:40:00,S002,3.5474667358413594,109.28088894649554,24.29345193996741,0,0
2024-01-18 02:00:00,S006,3.066716,123.853422,18.540892,0,0
2024-01-05 14:15:00,S006,1.214157,247.662849,20.085878,0,1
2024-01-01 21:35:00,S003,2.5904010854343413,190.16540402082717,15.274340308594516,0,0
2024-01-01 23:15:00,S005,3.6057703375108647,165.2899707182763,13.654850740958,0,0
2024-01-02 22:45:00,S004,3.472477011178144,61.11581338623006,15.632033926997504,0,0
2024-01-15 21:00:00,S010,3.030833,184.143253,15.544037,0,0
2024-01-01 16:30:00,S007,2.741139844072462,172.69505361785934,22.482012669366128,0,0
2024-01-14 15:25:00,S007,3.365144,128.813243,17.917185,0,0
2024-01-16 04:45:00,S007,3.026969,133.010952,17.674255,0,0
2024-01-08 21:35:00,S010,2.326134,194.046427,14.523556,1,0
2024-01-07 01:00:00,S002,2.909032,118.397864,18.353392,0,0
2024-01-07 13:35:00,S003,3.428996,122.259722,21.124733,0,0
2024-01-07 10:55:00,S005,2.811309,136.965061,15.784761,0,0
2024-01-17 00:30:00,S010,3.268847,130.357277,17.939334,0,0
2024-01-21 11:55:00,S009,2.971307,132.711809,16.379296,0,0
2024-01-11 12:10:00,S003,3.081316,121.836645,21.640526,0,0
2024-01-05 19:15:00,S009,3.264696,108.954244,16.771391,0,0
2024-01-08 06:15:00,S002,3.701668,101.05743,13.96744,0,0
2024-01-11 16:20:00,S005,3.009031,127.693435,19.572786,0,0
2024-01-16 01:05:00,S009,3.719886,143.65861,17.495989,0,0
2024-01-12 02:30:00,S007,3.138072,105.188757,19.563133,0,0
2024-01-06 13:15:00,S008,2.972698,126.705029,16.485364,0,0
2024-01-09 22:30:00,S002,3.105695,130.196141,18.774058,0,0
2024-01-06 23:50:00,S007,1.726295,172.582523,21.695637,0,1
2024-01-12 05:45:00,S008,3.259489,181.366237,16.626068,0,0
2024-01-19 05:10:00,S008,3.027899,144.35758,17.30433,1,0
2024-01-20 18:25:00,S005,3.777274,140.829717,16.613909,0,0
2024-01-17 04:50:00,S002,3.047822,163.823335,18.65412,0,0
2024-01-17 15:20:00,S006,2.915246,96.644296,17.248721,0,0
2024-01-05 05:55:00,S003,3.039228,130.906778,17.103094,0,0
2024-01-05 12:05:00,S008,3.244191,127.45655,19.367792,0,0
2024-01-10 15:15:00,S006,3.110223,118.501096,18.537556,0,0
2024-01-01 01:15:00,S003,3.208322387742924,67.93913689074526,20.69867180834493,0,0
2024-01-19 20:05:00,S009,3.252883,110.75421,20.006058,0,0
2024-01-02 05:15:00,S007,3.3181478041103585,59.340965882282845,17.687539731554978,0,0
2024-01-19 18:20:00,S008,3.021721,139.964972,12.865242,1,0
2024-01-05 17:30:00,S009,3.631694,125.439157,17.338796,0,0
2024-01-08 12:50:00,S001,2.274908,103.402119,17.920207,0,1
2024-01-08 01:15:00,S003,2.211617,104.114544,16.105374,0,1
2024-01-14 05:45:00,S008,3.290365,114.5145,19.084243,0,0
2024-01-04 13:10:00,S004,1.847151,134.091502,17.775903,0,1
2024-01-02 06:55:00,S003,3.5412258602647464,126.89821297175794,14.57966015045097,0,0
2024-01-08 19:00:00,S002,2.997952,129.532817,18.072958,1,0
2024-01-09 00:45:00,S009,3.092603,153.739823,13.125243,0,0
2024-01-21 08:20:00,S009,3.259576,91.602957,19.032483,0,0
2024-01-14 04:20:00,S008,3.08411,123.774945,17.305638,0,0
2024-01-14 04:35:00,S008,3.051454,140.05523,16.285683,0,0
2024-01-21 03:40:00,S009,3.541093,101.380723,18.310107,0,0
2024-01-03 13:50:00,S007,3.4076342778108075,83.0731459122124,19.384761841409148,0,0
2024-01-05 09:40:00,S005,2.981709,124.462872,15.988552,0,0
2024-01-10 00:40:00,S009,2.291214,176.615978,19.605273,0,1
2024-01-06 14:45:00,S006,2.070191,89.34583,15.797259,1,0
2024-01-03 19:05:00,S001,3.586043783159382,189.3211941031828,16.458037313695556,0,0
2024-01-17 15:40:00,S006,2.958717,119.321988,17.76632,0,0
2024-01-03 08:55:00,S004,3.829129163220274,184.35349163999248,14.459308064219895,0,0
2024-01-18 07:15:00,S002,2.908441,129.16845,13.331476,1,0
2024-01-13 08:35:00,S002,3.454033,108.258582,16.871483,0,0
2024-01-14 09:00:00,S008,2.976083,131.149787,14.92852,0,0
2024-01-14 05:05:00,S008,3.404626,125.765756,13.901731,0,0
2024-01-20 07:35:00,S002,2.928922,128.815926,17.285298,0,0
2024-01-17 08:10:00,S008,3.027899,162.164871,15.601485,1,0
2024-01-16 04:05:00,S007,3.035638,94.804437,15.303239,0,0
2024-01-18 09:40:00,S004,3.162854,132.191804,17.983515,0,0
2024-01-14 09:20:00,S008,2.952428,146.267134,16.458452,0,0
2024-01-14 09:35:00,S008,3.234366,124.046272,21.931436,0,0
2024-01-01 00:40:00,S010,3.351550491729987,54.69699386833379,22.634271618924977,0,0
2024-01-07 11:10:00,S005,3.274675,118.542387,17.212957,0,0
2024-01-10 18:55:00,S002,2.735027,100.123317,18.972833,0,0
2024-01-05 16:35:00,S009,3.157231,121.506377,17.616396,0,0
2024-01-03 00:00:00,S003,3.736490337818904,144.5059817719973,22.87180591376655,0,0
2024-01-03 04:10:00,S010,3.516089694833309,134.86723322614944,23.93717075817531,0,0
2024-01-13 13:30:00,S009,3.255041,127.061421,19.340192,0,0
2024-01-20 04:55:00,S009,3.146766,152.276662,15.348484,0,0
2024-01-02 11:30:00,S004,3.709884013489416,121.4725075667439,24.941844244591618,0,0
2024-01-01 02:45:00,S007,3.008544686573051,102.38143619189913,20.88933518305359,0,0
2024-01-04 15:10:00,S009,3.377606,156.508129,17.351109,0,0
2024-01-01 03:40:00,S008,2.8133780764230405,150.6715275236076,15.379701719442458,0,0
2024-01-12 14:15:00,S005,3.076844,124.850697,15.050066,0,0
2024-01-04 15:00:00,S009,2.916391,157.844994,16.223106,0,0
2024-01-04 19:45:00,S004,3.687083,126.988534,16.008912,0,0
2024-01-04 15:25:00,S009,3.362844,127.328455,18.030457,0,0
2024-01-07 12:55:00,S003,2.872562,119.36775,14.091694,0,0
2024-01-16 12:35:00,S008,2.653215,120.119052,16.00315,1,0
2024-01-17 02:05:00,S005,1.136117,128.73394,17.135191,0,1
2024-01-07 01:15:00,S002,3.169513,135.70192,16.255759,0,0
2024-01-09 22:45:00,S002,3.391406,113.99219,16.871657,0,0
2024-01-01 05:15:00,S001,3.477227157786682,81.0026539815118,14.109416909817009,0,0
2024-01-16 02:45:00,S007,3.111439,127.392523,15.189795,0,0
2024-01-11 15:50:00,S001,1.162006,171.124701,17.108426,0,1
2024-01-19 12:05:00,S002,3.72793,94.592107,12.75161,0,0
2024-01-10 02:05:00,S009,3.303622,93.459522,18.655943,0,0
2024-01-04 21:15:00,S008,3.027899,96.717243,17.663401,1,0
2024-01-09 16:15:00,S003,3.227353,173.168261,20.422709,0,0
2024-01-12 18:40:00,S007,2.924477,115.443576,14.782847,0,0
2024-01-03 10:45:00,S007,2.6894067056615976,172.01517234863962,23.863814119046737,0,0
2024-01-18 07:30:00,S002,2.383265,171.541404,17.760235,1,0
2024-01-18 05:30:00,S004,3.294317,93.518074,14.719757,0,0
2024-01-12 08:20:00,S001,3.413473,99.93453,14.518343,0,0
2024-01-14 22:10:00,S009,3.205394,95.174386,14.248083,0,0
2024-01-06 14:20:00,S006,3.036681,70.762855,21.034881,1,0
2024-01-15 15:50:00,S006,3.535966,109.765023,17.136164,0,0
2024-01-07 20:25:00,S001,3.096186,134.611945,12.203914,0,0
2024-01-17 17:15:00,S006,3.12437,100.886619,19.677024,0,0
2024-01-20 07:15:00,S002,3.004136,114.317169,18.842765,0,0
2024-01-14 15:40:00,S007,3.328634,117.469463,20.804956,0,0
2024-01-05 13:35:00,S008,3.189772,122.98444,17.738267,0,0
2024-01-20 17:55:00,S009,2.908651,102.826992,15.61689,1,0
2024-01-20 18:30:00,S005,3.792852,95.112317,15.446487,0,0
2024-01-10 17:10:00,S006,2.935228,97.580266,17.79302,0,0
2024-01-21 01:50:00,S009,3.339549,147.080709,18.668115,0,0
2024-01-14 07:40:00,S008,3.275258,134.638219,18.960449,0,0
2024-01-17 12:50:00,S002,2.89877,87.58374,15.027647,0,0
2024-01-03 14:15:00,S003,3.817050269266685,133.68105134901097,24.396865306072755,0,0
2024-01-15 17:25:00,S008,3.367677,104.830933,16.60306,0,0
2024-01-02 15:25:00,S002,3.7806773825570006,86.2965695475568,24.409404632698,0,0
2024-01-12 22:55:00,S003,3.217568,130.085565,18.062991,0,0
2024-01-20 16:45:00,S004,3.090328,110.473319,17.748042,1,0
2024-01-02 00:45:00,S007,3.1242309972696423,122.20162274529856,10.28788415234585,0,0
2024-01-02 01:15:00,S001,3.761307369138884,55.76395234434875,23.52642988203135,0,0
2024-01-09 14:20:00,S004,2.930547,147.63528,15.148455,1,0
2024-01-09 06:05:00,S004,3.323861,111.090246,18.040251,0,0
2024-01-13 06:30:00,S002,3.052819,134.828336,20.360907,0,0
2024-01-12 11:45:00,S001,2.842682,129.125008,12.530729,0,0
2024-01-14 10:25:00,S008,3.359057,105.976804,16.490735,0,0
2024-01-15 08:00:00,S007,3.121308,104.144216,19.053352,0,0
2024-01-13 13:20:00,S009,3.798787,157.264674,16.037184,0,0
2024-01-10 07:45:00,S008,3.268778,134.49637,15.038505,0,0
2024-01-01 20:00:00,S008,3.3780315465951283,180.2406920769888,13.087618150551524,0,0
2024-01-20 22:05:00,S005,3.36947,147.246767,17.873076,0,0
2024-01-08 23:00:00,S009,3.603013,107.900783,20.103461,0,0
2024-01-06 19:15:00,S009,3.039479,112.308381,18.235249,0,0
2024-01-08 06:55:00,S002,3.320313,144.568034,17.337174,0,0
2024-01-18 13:40:00,S008,2.342794,167.763604,21.193965,1,0
2024-01-05 01:55:00,S007,3.196775,145.54207,16.813379,0,0
2024-01-14 15:45:00,S007,3.06075,101.017061,20.065372,0,0
2024-01-16 05:15:00,S006,3.036681,120.332444,18.875633,1,0
2024-01-11 16:50:00,S005,3.376414,104.476518,17.841208,0,0
2024-01-10 22:30:00,S003,2.38204,154.116609,16.652104,1,0
2024-01-20 09:55:00,S003,2.622471,136.178106,16.44558,0,0
2024-01-20 19:50:00,S005,3.63313,139.380006,19.365713,0,0
2024-01-18 23:20:00,S003,2.697572,82.889695,17.689078,1,0
2024-01-06 17:15:00,S001,3.335295,121.924793,20.521096,0,0
2024-01-12 20:30:00,S008,2.227899,98.442978,13.750069,0,1
2024-01-02 03:45:00,S009,3.899669997015336,146.38477993027874,16.318720799411082,0,0
2024-01-10 00:50:00,S009,1.492881,196.268619,13.941871,0,1
2024-01-21 08:55:00,S009,3.49915,137.033279,19.73809,0,0
2024-01-08 11:45:00,S002,3.274184,137.831356,16.653687,0,0
2024-01-05 00:45:00,S007,3.067332,118.657986,16.161542,0,0
2024-01-13 09:50:00,S010,2.681838,199.773125,17.812517,0,0
2024-01-16 13:00:00,S009,2.936401,126.779364,17.300705,0,0
2024-01-16 21:45:00,S008,3.338143,170.772159,20.965029,0,0
2024-01-18 04:30:00,S004,3.074317,115.817643,17.292511,0,0
2024-01-11 10:10:00,S003,2.237292,120.112776,14.234293,1,0
2024-01-01 20:35:00,S007,3.9169213292110343,152.48720424344685,17.45762146012641,0,0
2024-01-17 22:20:00,S005,3.019161,118.021024,22.424862,0,0
2024-01-13 06:05:00,S002,3.198439,105.111304,13.795791,0,0
2024-01-03 18:40:00,S008,3.2950936825775985,120.1970693717065,16.160638680874992,0,0
2024-01-06 20:20:00,S006,1.250704,144.080732,18.62596,0,1
2024-01-17 06:05:00,S002,3.290955,121.655725,15.101816,0,0
2024-01-15 13:40:00,S003,3.127836,116.364929,18.003304,0,0
2024-01-07 16:05:00,S008,3.069842,113.790908,15.132267,0,0
2024-01-08 16:05:00,S010,3.137142,132.803403,17.771875,0,0
2024-01-05 05:45:00,S003,3.26167,105.608029,20.672819,0,0
2024-01-14 21:35:00,S009,3.001295,118.670466,19.342407,0,0
2024-01-06 06:05:00,S003,2.524284,141.974065,18.571525,0,0
2024-01-16 02:35:00,S007,2.709146,136.653657,15.946087,0,0
2024-01-05 08:25:00,S010,3.550692,146.355143,17.313361,0,0
2024-01-19 12:10:00,S002,3.249017,124.144493,13.88632,0,0
2024-01-18 22:45:00,S009,3.49065,113.298605,14.372218,0,0
2024-01-03 01:50:00,S003,3.3278157046317784,168.41141328703785,16.24327088268024,0,0
2024-01-06 14:05:00,S008,3.193568,158.943159,15.598851,0,0
2024-01-02 02:15:00,S001,3.468716218982809,92.88601838587402,22.23920408452926,0,0
2024-01-19 04:50:00,S007,3.042038,110.657609,16.828781,0,0
2024-01-08 21:40:00,S010,2.09416,144.025586,13.761567,1,0
2024-01-01 12:25:00,S007,3.629869331121176,90.84527820804492,23.461456147283265,0,0
2024-01-17 10:25:00,S003,2.72978,150.758879,21.567191,0,0
2024-01-07 09:40:00,S003,3.421176,112.116868,14.844582,0,0
2024-01-02 00:10:00,S004,3.1592675329493654,65.84970263926158,19.61239472035309,0,0
2024-01-02 13:45:00,S002,3.092101530767242,189.62109459747347,11.885864034883394,0,0
2024-01-21 16:45:00,S009,3.099681,120.618209,15.414091,0,0
2024-01-17 16:40:00,S006,3.036055,119.152467,12.541567,0,0
2024-01-12 19:00:00,S007,3.095258,126.554828,17.740296,0,0
2024-01-03 09:35:00,S005,3.648045045787061,87.95395113803798,22.98343574758305,0,0
2024-01-04 23:20:00,S008,2.916874,99.207257,19.468296,0,0
2024-01-06 16:10:00,S007,2.473648,215.127863,14.765842,1,0
2024-01-15 13:20:00,S003,3.169843,91.32165,20.960589,0,0
2024-01-07 04:20:00,S004,3.312142,71.368602,16.465241,0,0
2024-01-18 06:10:00,S004,3.51092,118.663529,16.987263,0,0
2024-01-13 16:15:00,S006,2.831366,114.749622,17.114375,0,0
2024-01-03 06:35:00,S007,3.268450520330621,166.03581525960806,10.660605690826966,0,0
2024-01-11 21:15:00,S001,2.233558,95.096098,14.990031,0,0
2024-01-07 14:30:00,S003,3.405577,136.792899,21.955233,0,0
2024-01-16 08:55:00,S002,3.301621,114.347656,18.831701,0,0
2024-01-04 14:35:00,S009,3.282713,150.234996,15.612521,0,0
2024-01-17 01:45:00,S005,1.558422,127.39652,18.240949,0,1
2024-01-05 21:35:00,S005,3.495478,148.160205,14.519409,0,0
2024-01-20 22:55:00,S005,3.533095,133.493826,17.062461,0,0
2024-01-06 19:20:00,S009,3.03403,120.376049,16.366457,0,0
2024-01-18 16:35:00,S009,3.405571,136.583272,16.910229,0,0
2024-01-05 18:10:00,S002,2.319732,82.936112,18.818067,0,1
2024-01-18 15:30:00,S009,2.869629,96.337933,16.865889,0,0
2024-01-11 21:05:00,S004,2.159781,111.662705,22.091832,0,1
2024-01-09 06:20:00,S004,3.066553,113.366858,20.256146,0,0
2024-01-13 22:00:00,S005,3.308409,142.095591,16.998038,0,0
2024-01-15 04:55:00,S002,3.009989,131.522158,17.855286,0,0
2024-01-18 09:10:00,S004,3.663181,120.050824,19.239158,0,0
2024-01-06 15:15:00,S001,2.84858,124.365045,20.356554,0,0
2024-01-13 17:45:00,S002,1.572351,148.885749,22.782662,0,1
2024-01-02 07:45:00,S009,3.9835425375252607,143.92642573897075,17.969747808520886,0,0
2024-01-11 19:30:00,S001,3.205542,116.631601,15.513533,0,0
2024-01-07 07:40:00,S006,3.115852,121.92384,19.750295,0,0
2024-01-13 14:30:00,S005,1.982297,129.272071,16.31065,0,1
2024-01-02 11:10:00,S006,2.6959785157351943,168.57646914123274,11.872312209502724,0,0
2024-01-03 19:20:00,S008,3.7036026766769865,101.1866674636581,16.6627511031755,0,0
2024-01-05 18:55:00,S009,2.840197,172.72514,18.827109,0,0
2024-01-06 19:05:00,S009,3.395793,136.019109,22.282822,0,0
2024-01-08 06:50:00,S002,3.273414,127.804574,16.16248,0,0
2024-01-20 04:25:00,S009,3.318328,164.244593,19.088647,0,0
2024-01-01 10:20:00,S008,3.582394826126916,57.21419659461316,21.72271722627122,0,0
2024-01-01 08:30:00,S004,2.772820126598717,101.85009249857949,23.45182614859018,0,0
2024-01-15 02:10:00,S010,3.554604,85.488328,16.483911,0,0
2024-01-07 00:20:00,S002,3.234821,114.359309,16.906095,0,0
2024-01-11 12:55:00,S003,2.914691,149.570596,19.436662,0,0
2024-01-11 02:55:00,S009,3.197822,118.769073,17.583773,0,0
2024-01-02 16:30:00,S004,3.3724334394837903,115.49212846531492,18.701332520041817,0,0
2024-01-04 22:00:00,S008,3.200003,112.438558,14.487444,0,0
2024-01-13 13:25:00,S009,3.636015,134.688489,17.148536,0,0
2024-01-06 06:10:00,S003,2.514459,126.622393,19.509496,0,0
2024-01-01 11:15:00,S008,3.375087692149181,110.12771251454598,16.93008705466199,0,0
2024-01-10 00:30:00,S009,3.084119,127.07616,16.02316,0,0
2024-01-07 22:50:00,S001,3.328998,78.096126,16.366672,0,0
2024-01-10 20:05:00,S002,3.158541,137.059075,14.981122,0,0
2024-01-07 07:25:00,S006,3.670717,98.464103,18.170175,0,0
2024-01-03 14:40:00,S009,3.1231645008881346,53.60075672673333,15.030574093261936,0,0
2024-01-14 21:25:00,S006,2.236681,136.40472,17.278569,0,1
2024-01-18 10:55:00,S003,2.646424,154.740935,17.136975,1,0
2024-01-04 19:55:00,S006,2.236681,84.986543,16.691997,0,1
2024-01-19 15:30:00,S002,3.119732,92.671203,18.666155,1,0
2024-01-09 01:00:00,S009,3.289161,146.830297,16.95546,0,0
2024-01-07 15:50:00,S008,3.163476,109.11277,15.013117,0,0
2024-01-06 08:35:00,S007,1.896842,158.576723,21.315975,0,1
2024-01-13 17:35:00,S002,2.319732,82.936112,17.645034,0,1
2024-01-16 10:05:00,S002,3.295941,136.054557,14.204092,0,0
2024-01-13 20:50:00,S005,3.332401,107.971562,17.304091,0,0
2024-01-05 02:00:00,S007,3.274688,129.403433,16.254086,0,0
2024-01-06 09:55:00,S002,3.46728,146.613493,16.784869,0,0
2024-01-20 15:55:00,S006,3.177342,125.563664,18.900267,0,0
2024-01-01 12:00:00,S006,2.8301458211216457,81.90211765118394,17.72760523610219,0,0
2024-01-02 07:40:00,S009,2.5722142539675303,185.4342492787981,22.783958115867723,0,0
2024-01-05 23:25:00,S005,2.945091,112.254795,16.905247,0,0
2024-01-04 19:15:00,S004,3.605274,141.947548,18.551505,0,0
2024-01-19 19:05:00,S009,3.395107,131.612399,19.843433,0,0
2024-01-01 10:05:00,S008,3.714811668781953,88.19609821456459,20.22254083335894,0,0
2024-01-20 07:45:00,S002,3.039406,100.923734,22.363329,0,0
2024-01-03 02:55:00,S010,3.8044091237121664,110.41637498493498,24.55353016622315,0,0
2024-01-17 18:00:00,S009,2.86532,141.821784,18.495319,0,0
2024-01-07 17:45:00,S008,3.006189,106.33905,18.070692,0,0
2024-01-02 10:50:00,S001,3.370701401490544,70.87950520185433,16.66065623803304,0,0
2024-01-08 19:40:00,S008,2.769225,81.661674,16.673311,0,0
2024-01-05 16:30:00,S009,2.850845,128.587863,18.962082,0,0
2024-01-08 23:55:00,S009,3.444601,161.883078,15.194332,0,0
2024-01-19 20:45:00,S009,3.63216,85.753885,19.386277,0,0
2024-01-15 18:50:00,S008,3.320493,137.850658,19.986387,0,0
2024-01-07 20:50:00,S001,3.023851,137.698072,16.569498,0,0
2024-01-16 13:15:00,S009,3.070037,108.574955,16.254208,0,0
2024-01-05 12:30:00,S008,2.899745,84.150419,20.561067,0,0
2024-01-11 14:35:00,S008,2.890505,135.090331,20.877324,0,0
2024-01-01 20:40:00,S008,3.652779046785687,66.96647286148595,21.93265557544605,0,0
2024-01-05 20:25:00,S009,3.187706,125.419429,20.00176,0,0
2024-01-14 23:40:00,S001,3.342518,151.526224,20.710653,0,0
2024-01-02 13:15:00,S009,3.5557856374514967,50.654490447546365,12.50429633120798,0,0
2024-01-05 22:45:00,S005,3.457275,132.494249,15.30833,0,0
2024-01-17 06:30:00,S002,3.596313,134.915108,16.851393,0,0
2024-01-05 03:55:00,S009,3.50395,163.565275,18.018996,0,0
2024-01-05 22:25:00,S005,2.855106,129.282032,19.899668,0,0
2024-01-16 19:45:00,S005,3.856576,121.45063,14.351758,0,0
2024-01-14 01:40:00,S010,3.040018,107.719232,11.639478,1,0
2024-01-14 14:20:00,S010,2.936648,93.488489,16.373379,1,0
2024-01-16 12:45:00,S009,3.057729,131.746053,15.291506,0,0
2024-01-17 04:40:00,S002,3.041637,139.474578,17.815347,0,0
2024-01-17 09:55:00,S003,3.139781,124.801855,21.469892,0,0
2024-01-15 06:45:00,S006,2.988522,127.644118,21.589611,0,0
2024-01-13 04:25:00,S009,3.031294,168.480424,17.241633,0,0
2024-01-11 00:25:00,S001,3.215521,122.033531,16.754735,0,0
2024-01-06 07:55:00,S003,3.166697,117.050175,21.166053,0,0
2024-01-02 10:30:00,S010,1.612130194647945,147.90974695173702,16.661915697486275,1,0
2024-01-16 22:05:00,S004,2.147893,112.042258,20.335676,1,0
2024-01-06 23:20:00,S007,0.969008,152.460036,17.733176,0,1
2024-01-03 06:30:00,S002,3.9567263610524286,134.32832165967875,20.721299146659188,0,0
2024-01-13 08:40:00,S002,3.655363,112.985535,15.695236,0,0
2024-01-04 11:30:00,S005,2.966178,94.086212,19.42001,1,0
2024-01-16 11:10:00,S003,3.406244,134.708036,13.048414,0,0
2024-01-12 17:00:00,S006,3.314896,53.897024,18.51901,0,0
2024-01-14 19:05:00,S001,3.111882,145.290679,18.201224,0,0
2024-01-21 12:40:00,S009,2.878275,109.024161,20.354841,0,0
2024-01-06 03:55:00,S005,1.78107,94.247352,20.915047,1,0
2024-01-03 01:05:00,S008,3.557708718355845,118.27579876004846,20.016408874047293,0,0
2024-01-08 05:50:00,S002,3.079132,135.291958,16.677368,0,0
2024-01-13 12:40:00,S009,3.618728,125.729051,16.705375,0,0
2024-01-16 16:20:00,S009,2.934451,134.866135,16.770722,0,0
2024-01-06 13:20:00,S008,2.871229,149.528639,16.628192,0,0
2024-01-19 08:45:00,S009,3.176517,112.437549,17.275547,0,0
2024-01-10 20:20:00,S002,3.137549,181.399876,15.809398,0,0
2024-01-09 04:25:00,S004,3.455047,105.020505,18.459665,0,0
2024-01-04 10:50:00,S008,2.760945558855008,104.18240884637176,19.55953234807036,0,0
2024-01-08 15:05:00,S010,3.242393,148.936512,18.092377,0,0
2024-01-07 12:35:00,S003,2.71937,137.436183,15.628329,0,0
2024-01-16 20:20:00,S005,1.801977,173.554296,17.841431,0,1
2024-01-05 18:15:00,S002,2.187301,136.291052,20.992606,0,1
2024-01-07 12:05:00,S008,2.227899,119.813188,14.461669,0,1
2024-01-01 17:20:00,S005,3.864286766421728,178.6040138138748,24.467807084053128,0,0
2024-01-17 17:00:00,S006,3.11752,116.814579,22.665447,0,0
2024-01-15 17:20:00,S008,3.15719,106.674637,15.749729,0,0
2024-01-02 11:25:00,S009,3.0434021306478867,158.85746948299237,23.416788352363483,0,0
2024-01-21 02:10:00,S009,3.530318,153.392604,17.058879,0,0
2024-01-05 21:10:00,S005,3.168072,128.654589,15.422575,0,0
2024-01-20 14:40:00,S006,3.316889,125.374651,17.266571,0,0
2024-01-04 20:20:00,S006,1.366895,232.809868,20.58022,0,1
2024-01-19 07:20:00,S009,3.314446,112.270073,19.359277,0,0
2024-01-01 09:10:00,S010,3.3459476380282545,176.10649788168968,11.338064930680844,0,0
2024-01-11 16:10:00,S005,2.731815,166.786331,16.495808,0,0
2024-01-21 05:25:00,S009,3.100084,147.577137,21.069412,0,0
2024-01-08 20:35:00,S008,2.826342,98.952575,16.106202,0,0
2024-01-09 20:20:00,S006,3.036681,68.825453,18.692644,1,0
2024-01-08 01:30:00,S003,1.280368,149.235453,18.497661,0,1
2024-01-05 01:40:00,S007,3.191779,146.689108,12.420589,0,0
2024-01-14 02:00:00,S010,2.134744,188.770326,17.842809,1,0
2024-01-09 11:45:00,S006,2.480556,155.293476,19.869381,0,0
2024-01-12 01:10:00,S007,3.687234,116.092282,16.611192,0,0
2024-01-11 05:25:00,S003,3.27782,95.4259,14.476535,0,0
2024-01-16 22:35:00,S004,2.561773,126.200068,19.723025,1,0
2024-01-16 22:25:00,S004,2.350798,175.303712,17.635673,1,0
2024-01-13 12:55:00,S009,3.333322,145.911257,13.798051,0,0
2024-01-14 16:05:00,S007,3.044758,136.734515,18.739844,0,0
2024-01-08 10:50:00,S002,3.575518,94.728076,17.417533,0,0
2024-01-20 23:15:00,S005,3.326873,98.339096,20.093061,0,0
2024-01-06 02:20:00,S003,3.129866,128.989472,19.771376,0,0
2024-01-02 12:25:00,S007,3.214655479515687,83.90434967239996,19.60714063263766,0,0
2024-01-21 02:15:00,S009,3.318341,144.175105,15.997616,0,0
2024-01-04 16:05:00,S005,3.191953,134.641598,14.097832,0,0
2024-01-10 16:55:00,S006,3.106696,109.026164,18.486056,0,0
2024-01-01 08:55:00,S008,3.226784477786532,142.73821572954438,15.533704593546586,0,0
2024-01-13 08:00:00,S007,2.474975,192.581788,20.470274,1,0
2024-01-01 02:25:00,S004,2.5248817433917843,126.81395874489216,13.39743662796907,0,0
2024-01-08 18:00:00,S002,3.104701,117.186386,17.612046,0,0
2024-01-04 02:05:00,S004,3.2338408821248787,70.00167009745556,13.63816414874456,0,0
2024-01-11 15:25:00,S001,1.953247,150.758088,22.718108,0,1
2024-01-06 15:50:00,S007,3.033687,101.490882,17.067953,1,0
2024-01-03 14:35:00,S002,3.5085847191980566,75.48088916067145,10.831238326633668,0,0
2024-01-09 04:30:00,S004,3.135636,98.114555,20.547608,0,0
2024-01-03 00:40:00,S009,2.8433131937252485,139.52778153316393,23.92273147170927,0,0
2024-01-07 17:10:00,S008,3.457448,122.550495,14.831142,0,0
2024-01-18 07:10:00,S004,2.810832,114.783465,15.365363,0,0
2024-01-09 03:50:00,S004,2.664867,83.078191,17.3246,0,0
2024-01-20 11:05:00,S003,3.262005,147.428047,18.799068,0,0
2024-01-19 02:30:00,S002,3.058668,74.235378,16.923405,1,0
2024-01-14 08:30:00,S008,2.867809,137.719239,20.318053,0,0
2024-01-18 18:30:00,S010,2.885313,214.982709,15.310168,1,0
2024-01-21 15:40:00,S009,3.499747,146.239386,18.209766,0,0
2024-01-09 01:05:00,S009,3.522919,148.2567,15.207738,0,0
2024-01-05 16:00:00,S009,3.373893,115.081474,20.006895,0,0
2024-01-12 22:45:00,S003,3.030581,88.109722,16.407168,0,0
2024-01-17 02:15:00,S005,2.366489,96.612611,18.115959,0,1
2024-01-21 09:10:00,S009,3.314503,122.068085,16.34344,0,0
2024-01-04 08:45:00,S007,2.763835425127993,85.30748928475364,17.41556216568637,0,0
2024-01-01 14:55:00,S010,2.119772670840176,132.53736056645448,16.929142758633816,1,0
2024-01-10 16:50:00,S006,3.196797,121.650938,16.681891,0,0
2024-01-06 05:35:00,S008,3.212391,142.329184,17.754275,0,0
2024-01-15 01:10:00,S003,2.355138,148.689439,14.690495,1,0
2024-01-08 10:10:00,S002,2.923893,88.698713,17.671241,0,0
2024-01-21 05:40:00,S009,3.055241,123.857886,15.23462,0,0
2024-01-13 02:35:00,S008,3.333656,114.000953,19.584927,0,0
2024-01-16 18:00:00,S005,3.31599,125.510023,14.988458,0,0
2024-01-19 08:30:00,S009,3.046813,108.505511,18.188229,0,0
2024-01-20 01:55:00,S003,3.017377,126.42026,18.103707,0,0
2024-01-07 11:35:00,S005,3.565532,109.924281,18.868944,0,0
2024-01-01 07:30:00,S001,3.757493057066706,120.30397396924556,16.222292535064977,0,0
2024-01-10 18:35:00,S004,1.490102,145.91869,17.929459,0,1
2024-01-12 20:05:00,S007,3.469548,109.889213,20.750862,0,0
2024-01-09 08:25:00,S007,3.086389,110.727363,19.523058,1,0
2024-01-09 13:55:00,S004,2.72332,90.761147,18.792367,1,0
2024-01-03 04:00:00,S001,3.660071571673375,187.2448797616953,12.83708650034477,0,0
2024-01-01 05:45:00,S001,3.257878558671786,173.96861991616123,14.800744015459175,0,0
2024-01-13 14:00:00,S009,2.905644,122.18082,13.909876,0,0
2024-01-06 05:25:00,S008,3.284377,126.619787,15.6217,0,0
2024-01-13 02:55:00,S008,3.11292,164.063168,14.380195,0,0
2024-01-18 20:05:00,S006,3.134602,112.525991,19.509787,0,0
2024-01-17 05:05:00,S003,2.211617,99.866542,15.655438,0,1
2024-01-03 15:40:00,S008,2.881810814382492,120.9541255014531,10.64972909881468,0,0
2024-01-02 00:25:00,S009,3.674044061116224,89.80811137822919,12.666495817768723,0,0
2024-01-16 02:40:00,S007,2.971113,158.183719,17.602828,0,0
2024-01-02 13:05:00,S002,2.970021876377715,168.33987076640108,23.378082172161022,0,0
2024-01-02 15:00:00,S001,3.017788312741316,187.6228764697985,14.357567585071305,0,0
2024-01-12 22:15:00,S006,2.67896,221.241356,21.442036,1,0
2024-01-05 05:35:00,S003,3.278399,96.705878,18.734299,0,0
2024-01-02 12:00:00,S009,3.64917389919338,176.88821595165982,19.20406171356188,0,0
2024-01-12 01:35:00,S007,3.45083,98.601795,18.094424,0,0
2024-01-06 04:00:00,S005,2.107487,235.385402,16.092211,1,0
2024-01-13 07:35:00,S007,2.759038,130.973284,17.569594,1,0
2024-01-14 00:35:00,S008,3.50795,120.889817,19.014001,0,0
2024-01-03 00:05:00,S008,2.9879359275426216,185.1441343535702,24.94236510248168,0,0
2024-01-08 13:05:00,S004,3.22352,119.585196,22.823729,0,0
2024-01-01 20:25:00,S004,3.55702114410497,80.27801781844225,20.10148649987376,0,0
2024-01-15 13:10:00,S003,3.168736,110.286696,19.378472,0,0
2024-01-02 06:35:00,S001,2.859811169133917,71.29579846414909,15.2191211737325,0,0
2024-01-16 20:40:00,S005,1.011344,179.789737,17.100479,0,1
2024-01-11 01:40:00,S006,1.530445,139.556388,18.283425,1,0
2024-01-06 14:15:00,S006,3.036681,118.383743,19.56529,1,0
2024-01-10 21:05:00,S010,2.542423,119.504739,19.251813,1,0
2024-01-14 03:20:00,S003,2.320224,158.870455,18.269836,1,0
2024-01-15 14:45:00,S006,3.523932,137.807673,20.097812,0,0
2024-01-20 02:20:00,S003,2.841595,130.881119,22.02233,0,0
2024-01-05 07:30:00,S010,2.93354,130.472819,13.204613,0,0
2024-01-09 05:30:00,S004,3.4794,121.005775,20.010908,0,0
2024-01-15 19:45:00,S010,2.834776,148.856423,17.932732,0,0
2024-01-16 12:40:00,S009,2.872176,113.409449,17.098759,0,0
2024-01-16 05:25:00,S006,2.543826,164.821328,19.391881,1,0
2024-01-02 22:15:00,S007,3.65948008195838,192.71630430885216,21.64733953976527,0,0
2024-01-08 12:15:00,S001,1.447569,132.045016,19.799612,0,1
2024-01-21 17:20:00,S009,3.650652,82.629384,17.929773,0,0
2024-01-21 16:35:00,S009,3.078338,105.589003,17.771379,0,0
2024-01-17 11:10:00,S003,3.005836,158.865791,17.482661,0,0
2024-01-21 07:35:00,S009,2.924227,118.197579,11.812084,0,0
2024-01-15 20:15:00,S010,3.081881,140.910925,15.388039,0,0
2024-01-07 19:35:00,S001,3.55207,122.335612,19.565189,0,0
2024-01-15 19:20:00,S002,2.985609,160.443957,17.83531,1,0
2024-01-12 10:05:00,S005,3.584297,137.236213,14.280251,0,0
2024-01-20 09:20:00,S009,2.72263,140.085063,23.358637,1,0
2024-01-01 12:35:00,S008,2.794169649540179,125.82618186590508,18.925734695506307,0,0
2024-01-17 05:30:00,S003,2.211617,240.378957,21.194218,0,1
2024-01-17 10:20:00,S003,3.228523,88.994354,19.972521,0,0
2024-01-17 12:30:00,S002,3.109156,122.284804,15.906803,0,0
2024-01-19 07:10:00,S009,3.18961,120.953652,16.415653,0,0
2024-01-15 15:10:00,S006,3.191736,124.733811,17.588511,0,0
2024-01-13 03:10:00,S006,2.623924,113.947121,22.197857,1,0
2024-01-21 05:50:00,S009,3.291818,115.480622,19.139769,0,0
2024-01-13 19:40:00,S006,1.162693,83.825453,15.985848,0,1
2024-01-17 01:00:00,S010,3.163328,106.466693,19.974866,0,0
2024-01-13 12:35:00,S009,3.289708,134.445267,15.40986,0,0
2024-01-07 02:15:00,S002,3.481411,133.254613,16.907103,0,0
2024-01-19 07:25:00,S009,3.295449,149.004185,16.442376,0,0
2024-01-16 19:55:00,S005,3.678529,138.584505,14.448893,0,0
2024-01-03 14:20:00,S006,3.733508667185271,185.41456819467632,17.873499800887572,0,0
2024-01-21 01:40:00,S009,3.045196,110.143711,20.069452,0,0
2024-01-06 07:45:00,S003,3.542871,106.749351,21.371008,0,0
2024-01-04 14:50:00,S009,3.09511,129.564897,17.963254,0,0
2024-01-20 01:35:00,S003,2.63818,166.714799,18.260589,0,0
2024-01-14 11:15:00,S001,2.274908,125.868166,19.991952,0,1
2024-01-10 05:55:00,S001,3.190287,101.837758,20.833357,0,0
2024-01-18 17:30:00,S009,3.041961,134.202013,17.659825,0,0
2024-01-06 09:45:00,S002,3.169995,156.4471,15.636008,0,0
2024-01-02 16:55:00,S002,3.6608593326559977,102.89039088932871,22.3718178441668,0,0
2024-01-16 04:25:00,S007,3.22331,82.67014,18.045222,0,0
2024-01-12 17:50:00,S006,3.241108,121.066582,20.337599,0,0
2024-01-20 04:35:00,S009,3.568465,140.069435,16.206789,0,0
2024-01-02 15:15:00,S005,3.943465304481676,143.1362885326562,23.929904305223243,0,0
2024-01-19 09:55:00,S007,2.903846,139.359027,18.898424,0,0
2024-01-09 00:40:00,S001,2.891555,161.642052,16.192943,1,0
2024-01-20 10:25:00,S005,2.400059,154.07974,17.863985,1,0
2024-01-03 19:15:00,S006,2.662043436237369,84.89549575801624,21.25391191130973,0,0
2024-01-20 16:30:00,S006,3.213812,119.273022,19.240021,0,0
2024-01-17 22:35:00,S005,2.443476,142.312546,15.42537,1,0
2024-01-04 02:40:00,S002,3.794439434969528,122.0839911254402,11.031308596337311,0,0
2024-01-19 15:35:00,S002,2.884053,131.462876,20.098624,1,0
2024-01-09 16:35:00,S003,3.035182,130.994553,18.689754,0,0
2024-01-20 17:35:00,S006,2.962597,115.840138,20.285869,0,0
2024-01-16 00:10:00,S009,3.26643,96.527508,18.63355,0,0
2024-01-02 05:30:00,S009,3.340273387562368,162.60942604990208,18.3697110817396,0,0
2024-01-01 20:55:00,S004,3.4757674716875737,164.77862968336768,23.88512246321068,0,0
2024-01-01 15:25:00,S006,3.9734957726201214,182.62984671972544,19.01197669663297,0,0
2024-01-09 06:10:00,S004,3.317169,123.455768,17.510044,0,0
2024-01-05 02:35:00,S007,2.796256,127.067482,19.993254,0,0
2024-01-08 07:50:00,S005,2.366489,83.274035,18.526448,0,1
2024-01-15 20:10:00,S010,3.006037,131.948576,16.188986,0,0
2024-01-01 18:55:00,S008,3.962189743220175,147.54885295204053,12.993136763937176,0,0
2024-01-08 11:25:00,S002,3.260472,135.292889,15.686666,0,0
2024-01-21 00:35:00,S009,2.456459,167.299881,15.719072,0,0
2024-01-05 11:55:00,S008,3.282428,148.825087,20.433713,0,0
2024-01-21 14:15:00,S009,3.024006,101.498531,19.588499,0,0
2024-01-17 20:15:00,S009,3.113462,124.075051,19.171404,0,0
2024-01-14 16:10:00,S007,3.003863,143.625554,18.127863,0,0
2024-01-19 23:00:00,S010,2.797527,90.233734,21.071416,0,0
2024-01-10 17:30:00,S006,3.054438,105.894846,17.784915,0,0
2024-01-12 01:20:00,S007,3.568036,83.272643,15.652297,0,0
2024-01-07 14:45:00,S003,3.429349,136.14628,20.063321,0,0
2024-01-18 11:40:00,S004,3.306185,115.205719,19.871959,0,0
2024-01-08 17:15:00,S002,3.42472,130.577172,19.347353,0,0
2024-01-14 07:50:00,S008,3.339368,107.113017,17.366819,0,0
2024-01-12 01:05:00,S007,3.366802,125.020118,15.555651,0,0
2024-01-02 00:20:00,S002,2.58667084149455,154.25528432878298,24.755183878951204,0,0
2024-01-10 10:45:00,S007,3.491022,120.289783,14.96065,0,0
2024-01-02 21:45:00,S010,3.822493723499069,68.2243086631648,19.519588847310708,0,0
2024-01-15 18:30:00,S008,2.858946,115.351961,20.0626,0,0
2024-01-20 04:45:00,S009,3.248658,165.397821,15.923588,0,0
2024-01-06 10:45:00,S002,3.211805,141.178919,15.382876,0,0
2024-01-04 17:35:00,S005,3.642706,163.885981,16.663262,0,0
2024-01-16 10:00:00,S002,3.368491,141.278831,16.674447,0,0
2024-01-09 11:55:00,S006,2.882878,144.749374,18.146396,0,0
2024-01-05 14:10:00,S006,1.222909,133.399619,16.341063,0,1
2024-01-18 13:35:00,S008,2.247906,198.644404,19.76972,1,0
2024-01-11 07:20:00,S008,2.714137,113.227066,18.510488,0,0
2024-01-12 03:25:00,S007,3.267864,121.192988,19.743925,0,0
2024-01-10 06:30:00,S008,3.268802,143.890474,23.314698,0,0
2024-01-09 09:40:00,S001,3.291547,111.493765,20.906736,0,0
2024-01-13 23:10:00,S005,3.166489,147.8802,17.098672,1,0
2024-01-18 17:45:00,S009,3.102443,136.148425,14.912097,0,0
2024-01-11 14:25:00,S008,2.882685,152.197375,19.617313,0,0
2024-01-10 20:10:00,S002,3.176186,129.193395,18.033415,0,0
2024-01-13 21:45:00,S005,3.661278,151.734862,17.60231,0,0
2024-01-12 14:05:00,S005,3.14067,102.754308,12.769287,0,0
2024-01-12 02:20:00,S007,3.403785,105.731237,22.109834,0,0
2024-01-17 21:30:00,S005,3.837133,92.393878,15.02974,0,0
2024-01-13 23:40:00,S005,2.261887,133.156023,24.681825,1,0
2024-01-17 23:10:00,S003,3.190972,151.41738,18.270721,0,0
2024-01-21 03:20:00,S009,3.174001,103.798294,16.679625,0,0
2024-01-04 23:10:00,S008,2.926863,117.433217,16.963522,0,0
2024-01-17 02:55:00,S004,3.141615,67.123507,18.462379,1,0
2024-01-04 05:40:00,S006,3.0379920445396884,90.16887117839508,16.483465892567622,0,0
2024-01-03 03:05:00,S006,3.738566427341,92.85613514913356,23.90685672796674,0,0
2024-01-08 17:35:00,S002,3.641228,127.206501,16.756962,0,0
2024-01-17 10:50:00,S003,3.070676,151.463368,16.542684,0,0
2024-01-12 06:00:00,S008,2.779225,131.706977,14.334816,0,0
2024-01-13 01:05:00,S008,2.227899,102.171064,17.936566,0,1
2024-01-18 12:50:00,S004,3.094425,89.598311,13.559544,0,0
2024-01-17 06:55:00,S002,3.162692,122.385236,16.631083,0,0
2024-01-14 05:55:00,S006,2.236681,106.620511,16.469288,0,1
2024-01-15 05:45:00,S004,2.39544,194.577034,17.552273,1,0
2024-01-19 18:35:00,S008,2.07233,192.164977,13.62394,1,0
2024-01-02 18:05:00,S004,3.0765325577862024,53.7790120938844,22.584959915770163,0,0
2024-01-06 05:45:00,S009,2.291214,129.408242,18.337267,0,1
2024-01-06 18:50:00,S009,2.777268,128.684973,18.254087,0,0
2024-01-01 22:40:00,S006,3.367580375509614,91.12409998397088,11.1912905348348,0,0
2024-01-08 08:15:00,S004,3.100334,133.622649,20.456477,0,0
2024-01-18 22:20:00,S009,3.380914,129.724371,18.896769,0,0
2024-01-16 15:25:00,S009,2.76603,169.996289,10.224698,0,0
2024-01-06 03:45:00,S005,2.869157,190.324572,16.193452,1,0
2024-01-15 22:25:00,S010,3.302432,111.646713,15.604524,0,0
2024-01-03 10:25:00,S006,2.714922188053962,157.2078250253054,14.400301321615148,0,0
2024-01-14 07:25:00,S008,2.983619,110.206951,15.944354,0,0
2024-01-13 11:05:00,S010,3.197863,117.868112,19.261309,0,0
2024-01-01 08:50:00,S001,2.9153164722208054,170.9301919689592,21.22389535575488,0,0
2024-01-18 12:35:00,S004,3.460538,125.896775,17.435919,0,0
2024-01-18 08:40:00,S004,3.167303,177.527849,16.545701,0,0
2024-01-19 11:05:00,S010,2.595902,151.057985,14.79388,1,0
2024-01-17 13:15:00,S002,3.434616,115.105069,17.472517,0,0
2024-01-19 04:45:00,S007,3.24452,96.139386,21.363408,0,0
2024-01-14 08:45:00,S008,3.285993,130.667039,17.980639,0,0
2024-01-04 07:20:00,S004,2.5599219599291416,104.34402350003072,22.395854674008326,0,0
2024-01-09 05:00:00,S004,3.287613,97.519953,15.70732,0,0
2024-01-14 12:35:00,S006,3.264801,99.661221,17.589735,0,0
2024-01-14 07:55:00,S008,3.277205,114.496897,20.639848,0,0
2024-01-10 04:50:00,S001,3.357271,112.15701,16.698428,0,0
2024-01-12 04:50:00,S008,2.850634,88.130767,16.425052,0,0
2024-01-18 02:50:00,S006,3.487615,128.88619,18.163888,0,0
2024-01-11 02:30:00,S009,3.133886,111.78476,15.399488,0,0
2024-01-04 18:20:00,S008,1.295908,146.997617,18.725181,0,1
2024-01-13 06:55:00,S002,3.077351,149.855743,14.522885,0,0
2024-01-13 07:20:00,S002,3.275243,137.214977,17.320996,0,0
2024-01-17 02:45:00,S008,3.364087,112.551448,19.531722,0,0
2024-01-05 22:20:00,S005,3.158013,122.655539,14.631631,0,0
2024-01-10 14:50:00,S006,3.16567,102.258818,15.75756,0,0
2024-01-07 04:50:00,S001,3.074908,100.690687,17.023736,1,0
2024-01-16 13:20:00,S009,3.001581,135.481452,18.697319,0,0
2024-01-07 13:20:00,S003,2.826672,129.617489,18.514322,0,0
2024-01-20 15:45:00,S006,3.529852,116.140091,20.347913,0,0
2024-01-20 14:45:00,S006,3.158184,128.943553,16.760851,0,0
2024-01-02 10:40:00,S005,3.7504749429063775,116.0662025468636,14.534998740272409,0,0
2024-01-05 05:15:00,S003,2.337704,127.527353,18.838967,0,0
2024-01-17 19:10:00,S009,3.239672,156.345033,19.001776,0,0
2024-01-20 22:50:00,S005,3.424275,129.932891,19.446621,0,0
2024-01-02 23:00:00,S002,3.4925264325997847,122.59840522696209,10.079702135025189,0,0
2024-01-02 15:50:00,S004,3.3476279686791344,165.74403664679116,17.483434968039127,0,0
2024-01-21 06:25:00,S009,3.163041,89.677309,15.985052,0,0
2024-01-01 11:50:00,S006,3.0195189915489418,102.04298028443417,21.062518721646228,0,0
2024-01-05 05:00:00,S007,2.286389,111.839695,16.286565,0,1
2024-01-19 09:25:00,S007,2.641274,106.441019,14.897537,1,0
2024-01-04 19:25:00,S004,3.492292,134.554053,18.595214,0,0
2024-01-08 10:30:00,S002,3.221089,100.790607,10.137808,0,0
2024-01-03 02:25:00,S007,2.6234084864155927,118.93760858204344,14.596952020642306,0,0
2024-01-14 03:30:00,S003,2.848276,84.167878,21.971325,1,0
2024-01-09 22:35:00,S002,3.13123,122.904928,17.38699,0,0
2024-01-02 17:25:00,S006,3.1086267529225915,83.07326520336596,21.437243267133297,0,0
2024-01-09 19:50:00,S009,3.192165,132.020518,18.137399,0,0
2024-01-16 13:25:00,S009,3.264713,140.687036,18.217779,0,0
2024-01-19 03:05:00,S002,2.915115,109.889231,19.830798,0,0
2024-01-09 13:15:00,S006,3.253497,97.696443,14.521352,0,0
2024-01-03 12:05:00,S003,3.867008785117946,53.14011767400999,14.73659726874244,0,0
2024-01-04 18:30:00,S008,2.227899,83.752868,17.320292,0,1
2024-01-04 13:25:00,S009,2.829241,126.468831,14.786536,0,0
2024-01-05 17:05:00,S009,2.972103,149.538911,17.910769,0,0
2024-01-12 07:20:00,S001,3.065388,169.013042,19.335768,0,0
2024-01-10 18:20:00,S004,2.341615,100.784574,13.784409,0,1
2024-01-12 19:10:00,S007,3.542833,73.502869,15.44813,0,0
2024-01-17 16:55:00,S006,3.230251,156.061133,16.734325,0,0
2024-01-17 18:40:00,S009,2.968896,130.917445,13.945439,0,0
2024-01-11 01:00:00,S001,3.234319,111.036577,17.074827,0,0
2024-01-12 19:55:00,S007,3.307957,73.411825,14.785357,0,0
2024-01-11 06:25:00,S003,3.400768,122.290944,16.383508,0,0
2024-01-17 11:55:00,S008,1.853194,221.249566,16.877883,1,0
2024-01-02 04:00:00,S006,3.2771181493582238,94.80883603831596,24.110188676730107,0,0
2024-01-19 06:05:00,S009,3.44245,103.117375,18.133383,0,0
2024-01-07 19:40:00,S001,3.442073,146.503911,17.555519,0,0
2024-01-13 08:25:00,S002,3.033057,152.055946,19.858844,0,0
2024-01-06 10:05:00,S002,3.24904,169.686418,16.614456,0,0
2024-01-07 00:50:00,S002,3.127846,128.991423,21.264298,0,0
2024-01-16 03:30:00,S007,3.306189,113.911214,18.125518,0,0
2024-01-09 11:15:00,S010,2.302847,108.556183,17.408725,0,1
2024-01-08 00:10:00,S005,2.580632,151.824872,12.388761,1,0
2024-01-11 18:00:00,S005,3.680922,120.575652,21.2947,0,0
2024-01-03 12:20:00,S009,3.06675882059078,59.30551454431723,15.089579009643511,0,0
2024-01-03 15:45:00,S005,3.35108641623411,169.4365414184581,21.02537779284735,0,0
2024-01-01 23:50:00,S005,2.53434073746418,73.06867245020466,13.35421651744467,0,0
2024-01-02 01:35:00,S005,3.081392847224154,119.29204050064337,24.87382613305411,0,0
2024-01-19 02:10:00,S010,3.612997,125.86015,21.213869,0,0
2024-01-17 05:00:00,S003,2.211617,152.826648,13.698838,0,1
2024-01-19 20:55:00,S009,3.26419,124.382318,21.169447,0,0
2024-01-07 00:10:00,S002,2.870235,119.508812,21.598454,0,0
2024-01-16 07:25:00,S005,3.194819,137.535543,15.020479,0,0
2024-01-18 15:45:00,S009,3.179607,117.039216,20.660672,0,0
2024-01-06 02:35:00,S003,3.227228,153.97425,20.691526,0,0
2024-01-01 05:55:00,S010,3.447755818254699,117.26682829674796,14.398161575470969,0,0
2024-01-06 10:30:00,S002,3.081799,152.625048,17.004021,0,0
2024-01-03 11:15:00,S003,3.836977309540448,119.572137459152,14.80040974843588,0,0
2024-01-13 21:10:00,S005,3.2925,109.919802,16.942162,0,0
2024-01-04 13:00:00,S004,2.341615,136.472358,16.662057,0,1
2024-01-05 16:05:00,S009,2.834872,139.218027,15.851699,0,0
2024-01-18 08:30:00,S004,3.135442,132.425946,19.4894,0,0
2024-01-11 23:10:00,S005,3.591309,108.749411,18.136631,0,0
2024-01-03 13:25:00,S006,3.426897339769447,101.2770928247138,23.10812433281528,0,0
2024-01-19 18:00:00,S008,3.283869,123.52277,19.853686,0,0
2024-01-09 10:40:00,S001,3.341673,107.256757,16.717541,0,0
2024-01-21 03:35:00,S009,3.815208,117.651923,15.51671,0,0
2024-01-20 08:10:00,S002,3.261351,152.695547,19.358999,0,0
2024-01-05 06:55:00,S010,2.93456,128.688429,13.996198,0,0
2024-01-08 20:15:00,S008,3.062544,85.050688,16.140567,0,0
2024-01-20 00:35:00,S010,3.012158,134.132357,19.813321,0,0
2024-01-16 04:55:00,S007,2.995747,82.124458,18.724383,0,0
2024-01-14 17:10:00,S005,2.366489,83.274035,18.373538,0,1
2024-01-20 01:20:00,S003,1.878654,177.143378,17.409915,1,0
2024-01-04 09:30:00,S004,2.8552742058948195,74.74010402790967,11.86922594783687,0,0
2024-01-17 01:15:00,S010,3.324556,100.703106,16.363868,0,0
2024-01-18 17:40:00,S009,3.059838,116.41347,11.827687,0,0
2024-01-08 00:30:00,S005,2.944318,145.142422,14.967841,1,0
2024-01-13 05:20:00,S002,2.92012,158.554835,16.894854,0,0
2024-01-19 08:05:00,S009,3.057977,124.669496,17.977608,0,0
2024-01-02 04:40:00,S002,3.5986730977571346,132.24808755896362,11.919823128003795,0,0
2024-01-18 08:35:00,S004,3.401004,144.641345,19.686595,0,0
2024-01-04 03:55:00,S010,3.941119454157034,130.63102154605195,10.212949517075856,0,0
2024-01-09 11:00:00,S001,3.354776,116.323887,15.618688,0,0
2024-01-01 03:55:00,S004,3.6974427684501623,147.49458961666477,20.529503158865552,0,0
2024-01-15 04:00:00,S001,2.985306,100.529312,21.183378,0,0
2024-01-19 00:55:00,S010,3.371799,107.380056,20.702116,0,0
2024-01-02 12:55:00,S006,3.560464731183574,59.40344324327988,22.590077385340035,0,0
2024-01-13 11:20:00,S010,2.839662,115.967496,16.558009,0,0
2024-01-11 20:50:00,S004,2.333576,203.265352,19.390406,0,1
2024-01-09 15:10:00,S010,3.262358,95.095879,18.144156,0,0
2024-01-20 19:40:00,S005,3.391945,117.310848,18.473792,0,0
2024-01-07 13:45:00,S003,3.651695,137.994734,19.104017,0,0
2024-01-11 11:25:00,S003,3.13015,96.603562,19.45419,0,0
2024-01-05 05:40:00,S003,3.19435,102.120439,19.463876,0,0
2024-01-14 07:10:00,S008,2.995389,145.163916,17.215784,0,0
2024-01-08 21:00:00,S008,3.134913,128.663737,18.70489,0,0
2024-01-04 15:55:00,S004,2.819509,145.05592,14.914493,1,0
2024-01-03 22:40:00,S004,2.5806729462660667,53.31287679517696,15.36941791799147,0,0
2024-01-14 12:20:00,S006,3.006314,144.050571,20.164898,0,0
2024-01-21 07:10:00,S009,2.813687,130.216228,16.768675,0,0
2024-01-14 11:05:00,S001,1.75006,171.85257,19.119986,0,1
2024-01-10 12:30:00,S005,3.288626,80.61516,15.842962,0,0
2024-01-20 11:10:00,S003,3.532358,132.656106,18.229134,0,0
2024-01-15 20:40:00,S010,3.203834,135.539996,18.348243,0,0
2024-01-05 14:40:00,S006,2.236681,159.99751,22.956351,0,1
2024-01-10 23:30:00,S001,3.10505,144.994599,19.128926,0,0
2024-01-17 01:50:00,S005,1.40735,139.986828,15.947881,0,1
2024-01-03 16:40:00,S005,1.7271512556681283,245.6443117070324,20.18599906743456,0,1
2024-01-20 17:00:00,S004,2.923913,162.104502,22.013812,1,0
2024-01-01 15:15:00,S004,3.573329972851363,138.36628017063424,14.158984685451603,0,0
2024-01-11 20:45:00,S004,2.341615,138.1225,16.319114,0,1
2024-01-15 05:30:00,S004,2.110409,131.788333,18.625343,1,0
2024-01-05 03:25:00,S009,3.091214,107.335568,13.980452,1,0
2024-01-13 16:00:00,S006,3.489976,121.931797,18.673602,0,0
2024-01-03 13:10:00,S004,3.675204340073901,91.56038745700994,24.113202543388063,0,0
2024-01-07 08:55:00,S003,1.97761,172.89508,16.00651,0,1
2024-01-08 21:20:00,S010,3.102847,85.513712,21.360299,1,0
2024-01-14 04:05:00,S008,2.86675,155.036477,17.137999,0,0
2024-01-02 16:25:00,S009,2.558394944988501,55.40282274371396,12.62832658158741,0,0
2024-01-05 00:55:00,S007,3.287196,120.651169,14.749118,0,0
2024-01-02 13:40:00,S009,3.804644765022566,159.5744541438185,19.71569756594382,0,0
2024-01-08 23:30:00,S009,3.567414,142.07895,15.710958,0,0
2024-01-16 22:50:00,S004,2.772108,147.047078,16.153749,1,0
2024-01-01 02:30:00,S001,3.096358031631284,127.662702579122,22.56565158860992,0,0
2024-01-03 17:45:00,S003,2.765690716297381,50.77094413783404,16.681142816586803,0,0
2024-01-18 16:50:00,S009,3.410765,159.174939,14.531754,0,0
2024-01-07 19:45:00,S001,3.487348,135.30748,17.475705,0,0
2024-01-04 20:25:00,S006,1.882083,150.015853,15.938989,0,1
2024-01-01 08:20:00,S008,2.568791899606949,143.12085266331368,15.211201123381214,0,0
2024-01-14 18:50:00,S001,2.895931,170.614595,18.236136,0,0
2024-01-11 11:00:00,S003,3.218253,175.182369,20.512833,0,0
2024-01-11 23:55:00,S005,3.320235,129.741809,15.788555,0,0
2024-01-17 09:40:00,S003,3.257468,101.480394,20.716108,0,0
2024-01-07 03:30:00,S004,3.280849,133.875324,17.898436,0,0
2024-01-07 15:55:00,S008,2.994013,106.249431,15.30911,0,0
2024-01-14 00:55:00,S008,3.632676,106.825894,20.162227,0,0
2024-01-16 18:25:00,S005,3.236318,114.240578,17.4798,0,0
2024-01-03 23:45:00,S008,3.661629241909455,107.83303466019709,17.60028686281004,0,0
2024-01-06 05:05:00,S008,3.181137,139.152952,14.742668,0,0
2024-01-04 03:15:00,S009,2.783191041660167,112.16125965777428,24.037392001042345,0,0
2024-01-18 13:15:00,S004,3.446407,111.309644,19.372664,0,0
2024-01-01 09:05:00,S002,3.1711185502351817,129.89258996825347,13.637057554520943,0,0
2024-01-19 15:20:00,S006,3.073424,115.557174,20.035868,0,0
2024-01-21 09:20:00,S009,2.872567,136.71203,17.226416,0,0
2024-01-18 11:30:00,S004,3.407503,113.509399,22.577965,0,0
2024-01-16 06:25:00,S005,2.714158,138.69446,18.531762,0,0
2024-01-07 16:30:00,S008,3.377225,97.168782,15.368936,0,0
2024-01-08 09:45:00,S005,2.543753,155.702814,21.23699,1,0
2024-01-13 05:45:00,S002,3.201613,123.93686,15.471353,0,0
2024-01-21 08:25:00,S009,3.516239,143.39291,18.475062,0,0
2024-01-17 03:30:00,S002,3.414602,103.046433,20.795613,0,0
2024-01-13 17:55:00,S002,2.319732,140.679002,17.438195,0,1
2024-01-16 06:05:00,S005,3.567099,154.429271,15.640423,0,0
2024-01-11 13:45:00,S002,2.80171,95.228003,13.34348,1,0
2024-01-20 06:10:00,S009,3.414748,141.238337,19.340816,0,0
2024-01-18 22:00:00,S009,3.130762,110.636015,14.560574,0,0
2024-01-20 13:50:00,S006,3.181841,114.479769,11.808735,0,0
2024-01-14 11:50:00,S006,3.390629,105.689797,16.060818,0,0
2024-01-04 19:10:00,S004,3.492731,131.979946,16.673841,0,0
2024-01-04 21:25:00,S008,2.318801,108.23699,18.898362,1,0
2024-01-09 17:40:00,S003,3.061894,133.810337,14.410531,0,0
2024-01-08 16:10:00,S010,3.188659,93.612962,17.717748,0,0
2024-01-03 19:25:00,S002,3.799053512568635,51.48660432367305,21.670694597247987,0,0
2024-01-15 18:20:00,S008,2.963386,125.06982,16.297259,0,0
2024-01-12 08:50:00,S001,3.851917,98.380169,17.066516,0,0
2024-01-21 12:15:00,S009,2.880463,129.646706,16.521174,0,0
2024-01-16 01:55:00,S009,3.295147,98.87849,13.769077,0,0
2024-01-21 07:05:00,S009,2.851263,140.193559,18.619454,0,0
2024-01-20 02:35:00,S003,3.467328,128.566291,20.805403,0,0
2024-01-20 15:05:00,S006,3.167708,134.367751,19.21497,0,0
2024-01-14 16:40:00,S007,2.801132,90.16497,17.602526,0,0
2024-01-18 11:55:00,S004,3.463578,96.796583,20.500187,0,0
2024-01-09 19:55:00,S009,3.586433,124.141019,16.10375,0,0
2024-01-07 03:45:00,S004,3.495729,114.675446,14.430514,0,0
2024-01-10 21:10:00,S010,2.914683,156.7701,19.984673,1,0
2024-01-21 03:15:00,S009,3.248753,112.280567,18.585659,0,0
2024-01-07 03:05:00,S004,2.8216,106.453719,21.606128,0,0
2024-01-14 12:45:00,S006,3.360715,129.497364,16.772062,0,0
2024-01-20 13:00:00,S003,1.869568,199.862843,22.288062,1,0
2024-01-07 02:20:00,S002,3.257903,137.815356,17.686305,0,0
2024-01-09 03:30:00,S010,1.096989,137.391364,18.578119,0,1
2024-01-11 09:40:00,S008,3.397438,100.773618,21.38815,0,0
2024-01-06 12:55:00,S008,2.915147,159.053292,18.050466,0,0
2024-01-21 17:10:00,S009,3.02375,117.311255,19.558992,0,0
2024-01-12 07:00:00,S001,3.199796,133.669634,18.855646,0,0
2024-01-03 21:05:00,S001,3.138996279202642,195.16142372505732,19.866480749089,0,0
2024-01-21 08:40:00,S009,3.74601,134.105976,21.484659,0,0
2024-01-07 10:50:00,S005,2.808894,164.565269,15.449025,0,0
2024-01-02 12:30:00,S005,3.1241821421066387,163.94171430496948,12.817642788066612,0,0
2024-01-03 04:15:00,S005,3.624139008971213,114.66686076455076,11.31322996041671,0,0
2024-01-21 18:10:00,S009,3.378378,119.958888,17.918506,0,0
2024-01-10 23:55:00,S001,2.931411,115.624871,15.496672,0,0
2024-01-04 05:05:00,S010,3.283745213335883,146.1537286453032,21.794974830925607,0,0
2024-01-15 07:25:00,S006,3.036681,127.056708,21.589124,1,0
2024-01-17 22:10:00,S005,3.573768,135.477394,20.108244,0,0
2024-01-20 22:00:00,S005,3.475844,135.20093,18.211811,0,0
2024-01-10 22:45:00,S003,1.621179,118.411769,19.259474,1,0
2024-01-21 15:55:00,S009,3.376407,137.921795,18.721028,0,0
2024-01-05 01:45:00,S007,3.076557,147.141138,14.107857,0,0
2024-01-12 16:00:00,S002,2.143844,129.186867,12.058145,0,1
2024-01-12 02:25:00,S007,3.747677,87.814158,19.88319,0,0
2024-01-04 06:40:00,S002,2.830491090156374,65.48249733184994,18.77552753077993,0,0
2024-01-17 13:25:00,S002,3.560812,98.57711,16.053739,0,0
2024-01-08 22:40:00,S009,3.32948,133.979217,14.959363,0,0
2024-01-01 01:00:00,S008,2.508283175685404,172.31921426822512,20.602860157714257,0,0
2024-01-04 21:05:00,S010,3.505372,162.138825,17.310098,0,0
2024-01-16 03:45:00,S007,3.105981,124.193873,17.731166,0,0
2024-01-13 16:35:00,S006,3.123906,164.618672,20.064729,0,0
2024-01-20 18:35:00,S005,3.525474,101.988707,15.257918,0,0
2024-01-03 05:30:00,S005,3.7314715259487112,134.99078883581944,19.85545747351161,0,0
2024-01-09 23:45:00,S009,3.074451,100.290679,14.597343,0,0
2024-01-17 08:15:00,S003,3.091258,127.154101,17.988766,0,0
2024-01-10 07:10:00,S008,3.1163,130.621108,16.836848,0,0
2024-01-15 21:40:00,S010,3.155584,133.449616,19.463076,0,0
2024-01-18 15:15:00,S006,2.512772,83.196219,18.060763,1,0
2024-01-20 01:15:00,S003,2.111294,160.100224,16.425069,1,0
2024-01-11 03:30:00,S006,2.206996,152.346497,17.172787,1,0
2024-01-09 19:15:00,S009,3.074293,145.053422,15.987044,0,0
2024-01-17 13:05:00,S002,3.255385,114.511424,20.020238,0,0
2024-01-08 20:40:00,S008,2.902564,88.140006,15.882439,0,0
2024-01-03 06:25:00,S007,3.2973582290300967,54.898859117674384,17.133942877330124,0,0
2024-01-02 11:45:00,S010,3.4488161649487417,146.67054156815504,22.29696707477091,0,0
2024-01-14 00:30:00,S008,3.395774,128.613709,16.238904,0,0
2024-01-12 12:15:00,S001,3.256958,168.571143,18.728946,0,0
2024-01-09 17:45:00,S003,3.418917,121.080382,17.077146,0,0
2024-01-14 22:15:00,S009,3.421808,105.708797,15.45331,0,0
2024-01-11 23:30:00,S005,3.404489,138.482919,17.525895,0,0
2024-01-13 12:25:00,S009,2.868188,138.676039,16.522155,0,0
2024-01-03 21:50:00,S008,3.39614386386013,182.13427408171287,10.744088625242242,0,0
2024-01-04 18:35:00,S004,2.783544,101.899528,16.751042,0,0
2024-01-07 00:00:00,S002,2.480495,131.510953,18.87975,0,0
2024-01-21 03:55:00,S009,3.156543,120.662401,20.006046,0,0
2024-01-05 13:55:00,S006,2.236681,136.792782,15.183685,0,1
2024-01-05 14:50:00,S009,2.525179,173.220063,17.074272,0,0
2024-01-15 10:10:00,S001,3.225474,137.395283,17.92873,0,0
2024-01-03 23:20:00,S010,3.895247804293825,129.13819599082484,13.883564121897097,0,0
2024-01-05 22:15:00,S005,3.572075,108.180258,16.161152,0,0
2024-01-09 17:35:00,S003,3.203562,145.118008,15.7241,0,0
2024-01-08 23:35:00,S009,3.163744,131.083542,15.687859,0,0
2024-01-13 06:40:00,S002,3.428523,129.488072,17.084747,0,0
2024-01-06 14:00:00,S008,2.933857,154.186621,16.409621,0,0
2024-01-19 01:10:00,S010,3.265762,127.686732,17.814766,0,0
2024-01-03 09:45:00,S006,3.4047251801844203,152.37986893065823,18.63038759693648,0,0
2024-01-15 09:00:00,S007,3.013266,127.389139,14.428703,0,0
2024-01-10 06:10:00,S007,2.286389,93.927729,15.95897,0,1
2024-01-01 15:40:00,S005,0.9109769963635752,331.7540809560644,23.256788274451385,0,1
2024-01-01 23:55:00,S010,3.7337208454515416,69.87870091127726,22.93021723408934,0,0
2024-01-12 20:10:00,S007,3.365993,126.299202,18.450089,0,0
2024-01-20 05:20:00,S009,2.767908,134.662289,15.941509,0,0
2024-01-15 14:25:00,S006,2.887918,120.473796,16.729562,0,0
2024-01-14 18:30:00,S001,2.978021,136.43558,15.888557,0,0
2024-01-14 02:15:00,S010,2.859941,135.941402,17.070734,1,0
2024-01-12 03:55:00,S009,1.806132,170.782,18.183045,0,1
2024-01-09 02:25:00,S009,2.976569,134.286991,14.522591,0,0
2024-01-21 18:25:00,S009,3.38918,160.696937,17.021988,0,0
2024-01-15 05:10:00,S004,3.141615,157.002885,22.947985,1,0
2024-01-08 10:40:00,S002,3.473724,105.514642,17.093748,0,0
2024-01-11 08:20:00,S008,3.169898,168.316671,18.956164,0,0
2024-01-01 17:30:00,S008,3.052789515585641,179.65373747594555,17.098148600373356,0,0
2024-01-20 11:15:00,S003,3.639772,132.686953,19.893667,0,0
2024-01-18 08:20:00,S004,3.333471,108.510726,19.147194,0,0
2024-01-11 18:50:00,S004,2.341615,138.743877,17.284277,0,1
2024-01-01 06:05:00,S010,3.1622957520600656,183.15562741374492,15.26372518828118,0,0
2024-01-21 00:25:00,S009,3.100962,182.831277,16.287802,0,0
2024-01-10 19:40:00,S002,2.955664,142.967348,16.994129,0,0
2024-01-17 14:30:00,S006,2.236681,125.226451,15.294847,0,1
2024-01-21 15:20:00,S009,3.176683,114.929184,15.982119,0,0
2024-01-15 17:50:00,S008,3.146007,118.604375,17.990225,0,0
2024-01-10 19:05:00,S002,3.031357,111.556206,18.769019,0,0
2024-01-12 11:25:00,S006,2.743835,184.28635,20.293295,1,0
2024-01-20 10:10:00,S005,3.166489,155.511254,22.212887,1,0
2024-01-08 10:45:00,S002,3.722461,114.86463,18.839119,0,0
2024-01-05 06:35:00,S004,2.929573,140.127803,13.521732,1,0
2024-01-19 14:00:00,S003,1.964385,125.053604,17.670358,1,0
2024-01-12 14:20:00,S005,3.178795,122.298876,13.675706,0,0
2024-01-21 08:50:00,S009,3.339064,165.746832,17.08734,0,0
2024-01-16 05:55:00,S005,3.282911,137.048224,20.282428,0,0
2024-01-01 09:25:00,S006,3.849471095717519,141.13328334403593,13.665297331969818,0,0
2024-01-18 15:50:00,S009,3.18424,131.049098,19.659082,0,0
2024-01-15 18:55:00,S008,3.092775,146.072699,16.642522,0,0
2024-01-19 21:25:00,S006,2.506348,101.667559,18.905173,1,0
2024-01-12 02:15:00,S007,3.288706,94.303065,22.051817,0,0
2024-01-09 12:40:00,S006,3.3679,106.889963,15.031053,0,0
2024-01-11 05:40:00,S003,2.978149,112.816615,16.661831,0,0
2024-01-07 09:15:00,S003,2.85357,149.536106,18.687871,0,0
2024-01-07 19:30:00,S001,3.233577,124.334367,18.937175,0,0
2024-01-07 13:40:00,S003,3.672155,141.563409,20.104096,0,0
2024-01-07 08:05:00,S006,3.427731,124.359107,16.347622,0,0
2024-01-16 01:35:00,S009,3.212684,113.227792,18.163318,0,0
2024-01-16 10:30:00,S001,2.623116,157.389719,15.11731,1,0
2024-01-13 00:10:00,S003,3.0953,125.486303,19.828011,0,0
2024-01-13 06:35:00,S002,2.9968,146.393678,20.250401,0,0
2024-01-01 21:00:00,S009,2.975793575148098,180.3350938310857,15.635083778225898,0,0
2024-01-02 05:10:00,S002,3.496281871758126,82.41356797779613,11.463437653589496,0,0
2024-01-10 13:50:00,S001,1.271072,154.296524,20.788003,0,1
2024-01-16 19:20:00,S005,3.452716,123.008379,13.678449,0,0
2024-01-02 14:05:00,S003,3.106434620882304,129.64065176181407,18.926975123585223,0,0
2024-01-21 07:00:00,S009,3.04728,106.837495,20.359743,0,0
2024-01-02 15:55:00,S005,3.06547831288942,132.79854531810815,22.071296829845423,0,0
2024-01-04 20:50:00,S010,3.068151,118.102637,18.148791,0,0
2024-01-03 18:30:00,S009,2.757394550597785,75.11896167769828,16.938903206577297,0,0
2024-01-15 15:45:00,S006,3.036783,107.472849,17.605356,0,0
2024-01-10 06:45:00,S008,3.395742,86.400987,18.341605,0,0
2024-01-11 17:55:00,S005,3.601497,98.727224,17.439146,0,0
2024-01-01 02:10:00,S010,3.978475681165901,86.30829072672506,20.08203321108818,0,0
2024-01-11 16:15:00,S005,2.908138,194.538494,17.249437,0,0
2024-01-10 13:10:00,S005,3.202241,106.812886,16.425325,0,0
2024-01-12 08:30:00,S001,3.47008,90.664554,14.302427,0,0
2024-01-07 01:35:00,S002,3.318908,135.948088,14.475623,0,0
2024-01-05 11:15:00,S008,2.794332,152.616428,20.932511,0,0
2024-01-05 10:45:00,S005,3.841948,110.751442,16.904838,0,0
2024-01-18 03:10:00,S006,3.247886,148.93975,15.353401,0,0
2024-01-10 02:15:00,S009,3.454402,139.343785,15.964681,0,0
2024-01-08 03:55:00,S010,2.302847,85.554487,16.550709,0,1
2024-01-08 14:35:00,S010,3.056568,132.994564,17.395584,0,0
2024-01-17 03:25:00,S002,3.288803,107.218302,20.166111,0,0
2024-01-18 21:30:00,S008,2.115049,179.806336,19.615934,1,0
2024-01-17 09:05:00,S003,3.400088,118.600124,18.695664,0,0
2024-01-07 18:35:00,S010,2.142268,71.901216,11.847802,1,0
2024-01-16 21:30:00,S008,3.269053,125.235519,15.350056,0,0
2024-01-11 03:05:00,S009,3.202552,110.36656,18.940999,0,0
2024-01-18 03:15:00,S006,3.121326,146.042125,13.423528,0,0
2024-01-03 02:35:00,S007,3.7601621176588,198.4176696447585,23.342789665656447,0,0
2024-01-15 05:05:00,S002,3.398996,121.534581,19.012041,0,0
2024-01-17 16:15:00,S006,2.659491,113.238976,18.035149,0,0
2024-01-12 19:40:00,S007,3.312681,101.306082,19.009634,0,0
2024-01-21 08:00:00,S009,2.793108,111.694688,15.808387,0,0
2024-01-14 16:25:00,S007,3.255833,163.594058,15.372949,0,0
2024-01-17 20:20:00,S009,3.093596,132.814339,19.297998,0,0
2024-01-21 11:05:00,S009,3.484014,140.56704,17.860369,0,0
2024-01-16 15:30:00,S009,2.914125,160.09284,13.5841,0,0
2024-01-01 16:55:00,S002,3.8073052092285646,196.02334537660957,24.53316782928537,0,0
2024-01-02 04:15:00,S009,2.510543805720429,58.5920376616435,13.378355534027346,0,0
2024-01-03 21:45:00,S002,2.8018956822017085,183.53549326936565,11.723595150428654,0,0
2024-01-16 03:15:00,S007,3.268883,110.433956,13.905724,0,0
2024-01-02 08:15:00,S004,3.0767669914672187,123.15006029318968,19.783363893182088,0,0
2024-01-15 10:00:00,S001,3.066845,147.827564,14.029864,0,0
2024-01-17 17:50:00,S002,2.319732,202.844104,20.534671,0,1
2024-01-09 22:40:00,S002,3.098652,127.68271,14.679309,0,0
2024-01-14 03:15:00,S003,2.04604,103.740944,15.550493,1,0
2024-01-11 11:55:00,S003,3.289537,95.363236,18.062347,0,0
2024-01-12 21:30:00,S007,3.188796,66.19447,18.855872,0,0
2024-01-12 17:55:00,S006,3.285202,142.31535,17.513024,0,0
2024-01-17 04:45:00,S002,2.857561,145.695765,19.098274,0,0
2024-01-08 18:05:00,S002,3.274944,127.732377,19.229632,0,0
2024-01-06 17:30:00,S007,3.086389,163.860556,15.638123,1,0
2024-01-12 06:35:00,S005,2.689304,195.85117,15.754038,1,0
2024-01-18 00:50:00,S003,2.337345,171.943559,19.107042,1,0
2024-01-03 08:25:00,S001,2.832672967288478,97.63318698042526,13.890826011147944,0,0
2024-01-14 09:45:00,S008,2.925716,133.558495,17.357109,0,0
2024-01-06 08:15:00,S003,3.265078,132.775778,17.614726,0,0
2024-01-07 15:40:00,S008,2.771462,117.399376,15.381575,0,0
2024-01-01 05:05:00,S007,3.916377395687751,180.07984003325058,19.54605396169017,0,0
2024-01-13 16:55:00,S006,3.228781,163.724214,19.978289,0,0
2024-01-15 08:45:00,S007,3.270328,126.158491,17.374376,0,0
2024-01-16 03:05:00,S007,3.227723,123.519003,16.132212,0,0
2024-01-06 03:20:00,S003,3.419911,120.453669,16.784894,0,0
2024-01-03 17:50:00,S007,3.6277377189350215,171.79193519568253,24.186245533388952,0,0
2024-01-06 19:10:00,S009,3.405457,123.201355,20.165575,0,0
2024-01-12 03:20:00,S007,3.185355,135.68557,16.023941,0,0
2024-01-19 20:50:00,S009,3.48931,109.316987,17.046782,0,0
2024-01-11 19:40:00,S001,3.175421,153.717844,18.799736,0,0
2024-01-18 04:15:00,S009,2.293964,145.721099,18.460345,1,0
2024-01-15 16:55:00,S008,3.300927,146.89818,12.698391,0,0
2024-01-19 13:05:00,S002,3.242748,124.973602,21.989458,0,0
2024-01-14 00:25:00,S008,2.829194,109.932582,18.03155,0,0
2024-01-16 06:35:00,S005,3.315901,148.234408,17.066953,0,0
2024-01-10 00:20:00,S009,3.113368,119.918795,18.95105,0,0
2024-01-14 21:40:00,S009,3.234395,121.437733,18.818019,0,0
2024-01-08 06:25:00,S002,3.63654,113.109187,17.70222,0,0
2024-01-03 13:05:00,S010,3.204873058050393,125.3736315240398,13.011564621350178,0,0
2024-01-13 19:30:00,S006,1.584285,218.396848,19.617802,0,1
2024-01-16 19:05:00,S005,3.353267,97.518422,14.947973,0,0
2024-01-14 17:40:00,S005,1.126704,258.537796,19.491007,0,1
2024-01-18 16:05:00,S009,3.376858,128.330818,20.621004,0,0
2024-01-07 09:20:00,S003,2.743838,130.543782,19.969948,0,0
2024-01-10 21:35:00,S006,3.095696,152.862325,16.431755,0,0
2024-01-02 19:55:00,S002,2.6389382245770507,162.2576524514347,23.718229957728383,0,0
2024-01-12 11:15:00,S006,2.613112,189.352014,16.544061,1,0
2024-01-20 15:35:00,S006,3.23782,167.175503,18.695495,0,0
2024-01-09 17:05:00,S003,3.193483,135.607411,17.487768,0,0
2024-01-08 17:40:00,S002,3.249653,102.493681,17.359911,0,0
2024-01-08 06:30:00,S002,3.796741,116.714549,15.410906,0,0
2024-01-16 01:15:00,S009,3.406668,140.135496,17.161086,0,0
2024-01-03 18:55:00,S003,2.582099060387479,80.63631595526434,16.280427149915262,0,0
2024-01-03 23:25:00,S001,3.6878369856935937,171.73580065273222,17.23411000122315,0,0
2024-01-13 01:10:00,S008,2.227899,134.21522,14.214828,0,1
2024-01-09 09:30:00,S001,3.331931,97.590796,18.935596,0,0
2024-01-10 13:30:00,S001,2.274908,168.85637,21.220108,0,1
2024-01-17 05:55:00,S002,3.201096,141.183636,15.135248,0,0
2024-01-06 16:55:00,S001,3.328671,75.88965,23.523567,0,0
2024-01-01 18:15:00,S001,3.7367710703452506,103.6702026392407,14.83142053329003,0,0
2024-01-18 23:10:00,S009,3.105573,138.410452,17.0127,0,0
2024-01-05 11:20:00,S008,3.092881,149.496408,21.300732,0,0
2024-01-04 20:55:00,S010,3.231685,145.781093,19.317801,0,0
2024-01-03 00:30:00,S007,3.755679441745978,142.9289300054455,18.450930260689603,0,0
2024-01-11 23:25:00,S005,3.674812,157.948309,17.405051,0,0
2024-01-01 03:35:00,S003,2.7542391200291387,133.52018936875254,24.042321612411715,0,0
2024-01-21 00:55:00,S009,3.284647,144.474683,18.187591,0,0
2024-01-09 12:15:00,S006,2.721352,153.811493,18.120318,0,0
2024-01-21 15:45:00,S009,3.56968,148.695238,17.146804,0,0
2024-01-06 06:40:00,S003,3.226983,129.222994,15.415155,0,0
2024-01-11 20:40:00,S001,3.367248,122.728446,14.726735,0,0
2024-01-08 09:35:00,S005,2.112803,125.983865,17.377961,1,0
2024-01-07 01:20:00,S002,2.765675,133.705463,17.327044,0,0
2024-01-21 02:25:00,S009,3.184859,150.018915,15.129004,0,0
2024-01-05 06:00:00,S003,3.251116,125.915177,16.363219,0,0
2024-01-10 17:15:00,S006,3.024144,104.696586,18.773849,0,0
2024-01-04 17:15:00,S005,3.157517,125.256518,16.752388,0,0
2024-01-03 11:50:00,S010,2.9434975589074286,189.88168840286764,17.848195824563124,0,0
2024-01-16 03:00:00,S007,3.127821,135.396859,16.884193,0,0
2024-01-07 19:25:00,S001,3.44223,100.843466,17.842174,0,0
2024-01-03 07:50:00,S009,3.695816608868144,158.6348821417924,20.35608582866608,0,0
2024-01-14 12:25:00,S006,3.1966,139.171239,19.772564,0,0
2024-01-11 18:30:00,S005,3.315192,134.323494,15.916145,0,0
2024-01-08 02:25:00,S009,3.156227,112.743876,14.898001,0,0
2024-01-17 15:45:00,S006,2.965966,115.590868,19.077302,0,0
2024-01-21 16:05:00,S009,3.606754,131.305009,16.383671,0,0
2024-01-04 02:45:00,S010,3.7396969142382734,133.65330367781792,10.819154548202036,0,0
2024-01-05 08:50:00,S003,1.503694,144.417716,18.92027,0,1
2024-01-10 21:55:00,S006,3.278557,127.286305,16.121026,0,0
2024-01-01 07:55:00,S001,3.3278602581617283,134.14069573030793,23.14980403987517,0,0
2024-01-11 11:45:00,S003,3.193103,119.977514,18.435324,0,0
2024-01-12 09:00:00,S001,3.382971,146.164845,15.907847,0,0
2024-01-03 22:10:00,S008,3.690902700177777,191.14884838616555,19.348155596020103,0,0
2024-01-15 00:10:00,S001,3.469705,144.67609,18.984357,0,0
2024-01-10 09:25:00,S007,3.274481,139.595816,16.25777,0,0
2024-01-18 06:35:00,S004,2.862663,109.253557,13.994423,0,0
2024-01-10 02:10:00,S009,3.453589,130.126419,16.56733,0,0
2024-01-12 20:50:00,S008,2.227899,199.927984,22.150933,0,1
2024-01-17 01:55:00,S005,1.342781,239.169255,15.177206,0,1
2024-01-18 21:15:00,S008,2.707784,114.767261,16.91208,1,0
2024-01-02 02:50:00,S010,3.4863404691670343,96.63933950113312,21.13522075858764,0,0
2024-01-16 02:55:00,S007,3.081358,97.748374,14.536103,0,0
2024-01-08 09:40:00,S005,2.371466,161.427226,12.893154,1,0
2024-01-13 22:35:00,S005,3.204099,98.812323,16.824467,0,0
2024-01-02 03:50:00,S006,3.9866896477319553,162.08293816130566,21.099795800284177,0,0
2024-01-10 04:20:00,S001,3.077985,143.497506,19.065864,0,0
2024-01-02 03:40:00,S001,3.1510290492608126,63.29006445194258,13.309179290668167,0,0
2024-01-03 21:25:00,S005,3.08021086307782,62.08712184297704,12.20744876642418,0,0
2024-01-09 19:10:00,S002,3.119732,145.001883,13.144027,1,0
2024-01-08 12:35:00,S001,1.858428,87.704286,16.435007,0,1
2024-01-08 19:35:00,S008,2.788981,87.816394,14.946749,0,0
2024-01-07 13:10:00,S003,3.139383,125.286382,18.747636,0,0
2024-01-08 12:30:00,S001,1.174808,114.611897,18.380696,0,1
2024-01-03 12:55:00,S003,2.943201886940139,129.49555115321309,20.1758782825452,0,0
2024-01-06 21:15:00,S004,3.176483,130.771095,15.326527,0,0
2024-01-02 00:15:00,S007,2.7280372796929724,59.20244406660022,21.7114237910266,0,0
2024-01-01 15:20:00,S001,3.087445210810534,68.66563359452846,24.346235463391373,0,0
2024-01-17 09:50:00,S003,3.28757,109.749791,19.307657,0,0
2024-01-17 12:55:00,S002,2.902126,117.03765,16.537049,0,0
2024-01-12 03:35:00,S007,3.174572,152.569441,17.116489,0,0
2024-01-02 20:25:00,S010,3.270416569816487,88.00357550894921,24.814893885118774,0,0
2024-01-10 20:15:00,S002,3.088747,149.049845,18.0045,0,0
2024-01-10 10:15:00,S007,2.989627,104.814701,15.858566,0,0
2024-01-14 12:50:00,S006,3.241865,130.218753,17.510467,0,0
2024-01-12 00:00:00,S005,3.422312,134.765829,18.955422,0,0
2024-01-03 06:45:00,S001,3.8488905383870335,194.3392169913735,16.661728697444985,0,0
2024-01-05 08:35:00,S003,2.211617,138.91141,14.590128,0,1
2024-01-10 10:50:00,S007,3.488805,111.15907,12.805026,0,0
2024-01-10 11:40:00,S006,2.600971,103.176399,25.024756,1,0
2024-01-09 14:45:00,S010,3.445885,131.670031,19.171693,0,0
2024-01-18 15:55:00,S009,2.967195,123.2655,17.581731,0,0
2024-01-04 02:50:00,S001,3.204110262983887,178.67866752762336,14.573546865775953,0,0
2024-01-02 11:40:00,S007,2.528674141644646,121.52652024767256,20.315830636458408,0,0
2024-01-19 22:00:00,S003,2.807639,118.810709,17.140356,0,0
2024-01-07 22:00:00,S002,1.263021,250.920759,19.524936,0,1
2024-01-07 23:00:00,S001,3.149308,102.228041,18.401968,0,0
2024-01-05 23:40:00,S005,3.320549,115.970861,18.474902,0,0
2024-01-19 20:25:00,S009,2.829579,152.390477,17.619701,0,0
2024-01-05 05:50:00,S003,3.039706,124.54237,20.424272,0,0
2024-01-11 00:35:00,S001,3.084104,87.833809,18.322086,0,0
2024-01-09 02:45:00,S009,3.065688,132.350735,14.676665,0,0
2024-01-13 04:55:00,S005,1.424176,134.775717,21.664761,0,1
2024-01-16 16:35:00,S009,2.659336,144.717074,14.179817,0,0
2024-01-21 12:30:00,S009,3.18361,122.306236,16.310623,0,0
2024-01-17 08:45:00,S003,3.040433,133.660822,21.248081,0,0
2024-01-10 21:15:00,S006,3.108449,147.276075,17.258635,0,0
2024-01-16 01:20:00,S009,3.004473,125.908211,16.613048,0,0
2024-01-12 18:10:00,S007,2.544674,163.018518,12.392787,1,0
2024-01-06 23:25:00,S007,1.488236,91.105805,19.765607,0,1
2024-01-09 08:20:00,S007,2.92544,136.577057,12.982576,1,0
2024-01-07 07:30:00,S006,3.376895,137.930718,21.299134,0,0
2024-01-19 19:30:00,S009,3.160971,115.245424,17.281671,0,0
2024-01-10 07:00:00,S008,3.129247,98.098011,18.89014,0,0
2024-01-18 04:55:00,S004,3.635555,97.50502,16.698386,0,0
2024-01-13 13:00:00,S009,3.056881,126.829712,14.329432,0,0
2024-01-13 22:40:00,S005,3.360201,119.337185,15.573708,0,0
2024-01-11 02:05:00,S009,2.72674,132.509811,15.229527,0,0
2024-01-05 21:30:00,S005,3.624125,149.241726,12.593249,0,0
2024-01-16 01:50:00,S009,3.200154,87.2521,16.370324,0,0
2024-01-14 21:30:00,S009,2.721361,112.894536,16.97633,0,0
2024-01-20 20:05:00,S005,3.402851,157.157084,17.199861,0,0
2024-01-08 12:20:00,S001,1.655024,87.704286,19.978252,0,1
2024-01-07 08:35:00,S006,3.08523,100.285944,22.77858,0,0
2024-01-04 21:50:00,S008,2.922343,144.147817,15.402079,0,0
2024-01-16 04:15:00,S007,2.824442,90.773143,19.062256,0,0
2024-01-20 13:45:00,S006,2.996462,134.610287,16.532347,0,0
2024-01-21 13:30:00,S009,3.302697,100.225636,18.231649,0,0
2024-01-14 03:00:00,S003,2.968484,147.797498,21.961559,1,0
2024-01-02 01:20:00,S002,3.079523364772473,117.51866486296394,13.404470415480462,0,0
2024-01-07 14:05:00,S003,3.505865,104.889483,17.396364,0,0
2024-01-05 11:40:00,S008,3.129315,158.30448,18.70006,0,0
2024-01-01 05:50:00,S009,3.770714716143385,103.2357785694081,24.352013276896844,0,0
2024-01-15 09:20:00,S007,3.309171,128.913668,18.458157,0,0
2024-01-05 12:45:00,S008,3.269793,113.607998,16.924776,0,0
2024-01-10 15:40:00,S006,3.280197,111.449803,14.697451,0,0
2024-01-19 05:35:00,S008,2.094369,186.882233,14.16575,1,0
2024-01-15 16:00:00,S006,3.44359,93.85813,17.532391,0,0
2024-01-06 18:45:00,S009,3.326897,125.251641,13.862231,0,0
2024-01-05 15:40:00,S009,3.379515,99.181041,21.446455,0,0
2024-01-03 21:15:00,S010,2.7702379715989287,66.47946706111745,23.25525951531985,0,0
2024-01-09 22:15:00,S002,3.301149,133.086739,16.809577,0,0
2024-01-06 01:20:00,S003,3.033763,148.656824,16.42083,0,0
2024-01-12 03:15:00,S007,3.070919,154.075679,17.180326,0,0
2024-01-12 06:30:00,S005,1.68301,161.268613,23.219774,1,0
2024-01-01 19:50:00,S001,3.1741507528206068,138.18265566655805,24.228750322771507,0,0
2024-01-01 07:40:00,S005,3.917148594823642,177.44710860161172,13.710221526147963,0,0
2024-01-20 19:45:00,S005,3.28138,129.322231,17.317709,0,0
2024-01-11 05:20:00,S003,2.996587,84.398468,17.602722,0,0
2024-01-09 17:55:00,S003,3.417111,111.053408,19.394495,0,0
2024-01-10 14:55:00,S006,3.310652,92.397348,17.160279,0,0
2024-01-10 00:55:00,S009,2.001869,132.189422,16.169689,0,1
2024-01-19 10:10:00,S007,2.883923,140.099768,20.596722,0,0
2024-01-12 22:35:00,S006,2.237734,123.76176,15.070803,1,0
2024-01-04 11:25:00,S005,3.166489,101.679054,21.971839,1,0
2024-01-08 02:10:00,S009,2.281261,122.151434,15.021924,0,0
2024-01-18 23:30:00,S003,2.077977,142.841909,16.899534,1,0
2024-01-12 21:40:00,S007,3.296445,78.61969,17.377442,0,0
2024-01-10 01:55:00,S009,3.364583,97.547832,20.640125,0,0
2024-01-06 05:20:00,S008,2.84065,81.330884,15.835601,0,0
2024-01-04 07:45:00,S005,3.804028451488521,160.5239683627256,17.51560355476905,0,0
2024-01-14 04:45:00,S008,3.132809,106.528233,14.94142,0,0
2024-01-19 10:40:00,S010,1.939599,204.503748,13.600346,1,0
2024-01-17 12:45:00,S002,2.888149,102.151683,14.115451,0,0
2024-01-06 07:40:00,S003,3.48076,106.50393,20.27869,0,0
2024-01-08 23:50:00,S009,3.46221,149.961986,17.744733,0,0
2024-01-02 10:15:00,S001,2.710829451367541,122.83845494890969,10.413050798041985,0,0
2024-01-05 21:05:00,S005,3.248588,167.942842,14.218703,0,0
2024-01-12 14:55:00,S005,3.387218,139.188471,13.699153,0,0
2024-01-20 23:50:00,S004,2.270302,119.669177,22.265109,1,0
2024-01-07 05:00:00,S001,2.023104,111.113724,14.01449,1,0
2024-01-11 00:05:00,S001,3.42669,173.311534,15.156778,0,0
2024-01-11 14:10:00,S008,2.945978,103.850708,20.024172,0,0
2024-01-08 05:55:00,S002,3.122965,119.207487,16.333392,0,0
2024-01-04 14:10:00,S009,3.622102,98.586788,14.201148,0,0
2024-01-19 06:35:00,S009,3.201481,138.197314,17.907857,0,0
2024-01-21 10:25:00,S009,3.576103,130.999737,17.680878,0,0
2024-01-19 03:00:00,S002,2.698772,113.361962,21.309658,0,0
2024-01-04 05:35:00,S006,3.9646847941531154,193.19995353186036,22.00206374128114,0,0
2024-01-19 23:55:00,S010,2.893739,150.678026,18.435133,0,0
2024-01-12 13:20:00,S006,2.56202,140.471103,20.062327,1,0
2024-01-03 04:45:00,S002,3.892945843173091,59.2712691033834,11.385407921670678,0,0
2024-01-07 01:05:00,S002,3.215836,117.694216,20.433619,0,0
2024-01-02 17:30:00,S007,3.316745438655797,156.39812427089143,12.509819560015906,0,0
2024-01-04 06:05:00,S006,3.352402924403153,91.1998804681858,17.11652371220761,0,0
2024-01-02 10:35:00,S004,1.6798064393921592,221.75817828990952,21.603083373018457,1,0
2024-01-09 02:00:00,S009,3.123792,98.318046,14.181774,0,0
2024-01-12 09:15:00,S004,3.141615,120.925546,20.590852,1,0
2024-01-13 10:50:00,S010,3.448873,126.637467,19.345761,0,0
2024-01-16 03:55:00,S007,2.698724,124.944628,16.101195,0,0
2024-01-18 01:20:00,S006,2.817306,133.693416,19.166974,0,0
2024-01-03 15:05:00,S009,3.446076166737894,160.95243466446624,19.18413648540809,0,0
2024-01-06 14:40:00,S006,2.480464,195.760286,16.440633,1,0
2024-01-04 14:45:00,S009,3.185982,125.327368,17.698833,0,0
2024-01-13 14:35:00,S005,2.366489,196.800088,20.151937,0,1
2024-01-17 03:45:00,S002,3.324185,137.73992,18.716363,0,0
2024-01-16 12:00:00,S008,3.027899,131.444238,20.22163,1,0
2024-01-09 13:10:00,S006,3.116821,73.280384,18.174493,0,0
2024-01-03 01:40:00,S001,3.433945800397987,196.0073928747232,16.975142762896414,0,0
2024-01-15 00:55:00,S003,1.976646,161.708193,19.51586,1,0
2024-01-10 14:15:00,S001,2.274908,87.704286,17.529167,0,1
2024-01-04 17:00:00,S005,3.019784,128.079046,17.814929,0,0
2024-01-08 14:55:00,S010,3.143175,113.602325,18.681126,0,0
2024-01-11 13:15:00,S003,3.140704,135.109873,18.353022,0,0
2024-01-20 11:00:00,S003,3.293136,157.310219,19.61243,0,0
2024-01-12 04:55:00,S008,2.991112,127.268877,16.261995,0,0
2024-01-03 06:20:00,S001,2.913636106661922,80.63701383682512,10.251344567385736,0,0
2024-01-17 01:20:00,S010,3.183426,103.869175,15.003298,0,0
2024-01-19 12:15:00,S002,3.217665,120.596503,16.896451,0,0
2024-01-18 22:35:00,S009,3.396356,140.562401,16.075373,0,0
2024-01-10 10:20:00,S007,3.186877,143.124425,14.28115,0,0
2024-01-17 20:25:00,S009,3.342964,119.605757,16.797095,0,0
2024-01-21 11:45:00,S009,3.271225,87.383911,18.802458,0,0
2024-01-10 08:55:00,S007,3.054828,123.403895,16.816919,0,0
2024-01-16 18:45:00,S005,3.502077,128.285999,14.767687,0,0
2024-01-01 06:15:00,S009,3.732790088935534,155.93633407347443,11.220231709628496,0,0
2024-01-13 17:30:00,S002,2.319732,115.823632,14.452367,0,1
2024-01-21 13:40:00,S009,2.989434,120.84804,17.163471,0,0
2024-01-11 04:05:00,S003,2.892832,118.507662,19.139568,0,0
2024-01-20 04:40:00,S009,3.453433,120.310977,14.749307,0,0
2024-01-21 16:15:00,S009,3.204539,132.221772,13.340585,0,0
2024-01-14 04:55:00,S008,3.128226,127.422698,16.467335,0,0
2024-01-18 10:45:00,S003,1.85359,145.717272,20.937567,1,0
2024-01-19 08:10:00,S009,3.17512,126.413351,15.436508,0,0
2024-01-09 15:00:00,S010,3.195767,143.024645,16.677019,0,0
2024-01-17 15:15:00,S006,2.910799,110.096531,16.041837,0,0
2024-01-04 12:10:00,S008,3.106547,129.853019,17.339984,0,0
2024-01-04 13:45:00,S009,3.427004,125.495862,18.035369,0,0
2024-01-10 20:50:00,S010,2.502904,163.160503,17.11195,1,0
2024-01-03 21:00:00,S004,3.45346798292892,103.39366602059609,12.227601724655212,0,0
2024-01-10 09:30:00,S007,3.419414,135.065231,16.545632,0,0
2024-01-07 12:20:00,S008,2.227899,176.262724,15.176753,0,1
2024-01-01 08:00:00,S007,3.632705883510429,143.04643270301972,20.561196521488355,0,0
2024-01-12 17:30:00,S006,3.209521,92.995632,18.769331,0,0
2024-01-16 23:05:00,S010,3.158787,125.487774,19.842647,0,0
2024-01-16 22:55:00,S010,3.009036,136.735756,16.568372,0,0
2024-01-17 19:25:00,S009,3.16539,139.892207,19.65634,0,0
2024-01-05 04:00:00,S009,3.232643,146.335021,17.747114,0,0
2024-01-03 03:45:00,S005,3.6443400033315454,56.81787506536939,19.69900665922993,0,0
2024-01-19 22:25:00,S009,2.593002,135.929639,21.862093,1,0
2024-01-05 21:40:00,S005,3.520548,122.013324,15.835676,0,0
2024-01-02 23:10:00,S010,3.637752821374586,52.19423883165136,13.108634496533174,0,0
2024-01-02 21:15:00,S007,3.929222525503759,99.01138130450612,15.316374231895823,0,0
2024-01-05 15:10:00,S009,3.321924,130.04521,17.63412,0,0
2024-01-15 22:15:00,S010,3.350295,128.871668,15.288056,0,0
2024-01-01 04:15:00,S005,3.1858977424205928,176.30346125179722,12.915700509923097,0,0
2024-01-18 12:30:00,S004,3.591102,131.126445,16.916343,0,0
2024-01-08 04:15:00,S010,1.675249,202.46689,18.057486,0,1
2024-01-14 10:40:00,S008,3.436877,132.151503,17.052879,0,0
2024-01-06 09:50:00,S002,3.274198,151.156291,17.295723,0,0
2024-01-03 14:05:00,S006,3.0776539042345448,178.2208668198892,24.286229589949656,0,0
2024-01-16 17:05:00,S002,2.319732,82.936112,14.352093,0,1
2024-01-17 05:15:00,S003,1.070011,144.876462,16.117778,0,1
2024-01-06 02:15:00,S003,3.013909,107.2789,18.818193,0,0
2024-01-16 11:50:00,S003,3.049646,110.54006,18.681547,0,0
2024-01-01 16:15:00,S006,3.2818904682706225,180.22412060773203,13.67928298383002,0,0
2024-01-12 19:20:00,S007,3.664981,104.146969,15.888598,0,0
2024-01-15 19:35:00,S002,2.404196,156.527763,15.665045,1,0
2024-01-14 02:55:00,S003,3.011617,156.7251,18.429504,1,0
2024-01-03 18:50:00,S005,3.4911977945363653,161.95443264698622,14.673576093733434,0,0
2024-01-06 14:50:00,S006,2.387191,203.359996,14.666075,1,0
2024-01-19 00:10:00,S010,2.812156,130.002266,22.103896,0,0
2024-01-16 09:45:00,S002,3.575463,127.087784,14.153548,0,0
2024-01-03 03:40:00,S001,3.5561249069820087,190.275813008974,15.637075237691295,0,0
2024-01-19 12:55:00,S002,3.043444,104.099557,23.343129,0,0
2024-01-15 09:40:00,S010,3.017516,187.393677,12.207228,1,0
2024-01-13 14:10:00,S005,2.366489,133.130145,17.676981,0,1
2024-01-15 06:40:00,S006,3.279979,140.006271,20.537546,0,0
2024-01-12 19:50:00,S007,3.344694,95.479951,17.184922,0,0
2024-01-12 18:00:00,S007,3.086389,97.915479,18.341987,1,0
2024-01-03 05:40:00,S005,3.195972547250331,67.80636432636672,24.708523405910853,0,0
2024-01-10 16:25:00,S006,3.000895,89.636862,18.357104,0,0
2024-01-19 21:00:00,S009,3.43157,146.811428,19.211296,0,0
2024-01-07 05:05:00,S001,1.989402,148.52067,14.304931,1,0
2024-01-04 16:25:00,S005,4.0,132.74561,19.001475,0,0
2024-01-15 10:25:00,S001,3.259574,115.110656,22.08574,0,0
2024-01-16 23:15:00,S010,3.187139,105.127496,15.886402,0,0
2024-01-01 10:00:00,S003,2.5777353052336403,100.49064172908808,12.016220154084614,0,0
2024-01-11 03:00:00,S009,3.272157,99.164822,18.16769,0,0
2024-01-14 11:20:00,S006,2.436718,112.187087,19.64207,0,0
2024-01-15 08:05:00,S007,3.101743,90.557043,16.901182,0,0
2024-01-17 17:35:00,S006,3.095685,110.781352,16.965824,0,0
2024-01-12 02:10:00,S007,3.040999,110.439079,18.781407,0,0
2024-01-05 06:30:00,S004,2.619123,142.851269,17.243307,1,0
2024-01-10 14:00:00,S001,1.291617,129.459693,17.101541,0,1
2024-01-20 05:25:00,S009,2.706016,160.089927,16.589307,0,0
2024-01-20 08:30:00,S002,3.482921,103.974402,17.064243,0,0
2024-01-21 16:00:00,S009,3.479228,139.210009,19.103873,0,0
2024-01-12 11:30:00,S006,2.355582,168.625619,12.737734,1,0
2024-01-01 11:10:00,S003,3.348262520984461,157.42686120994284,18.9854404716599,0,0
2024-01-13 02:15:00,S008,3.278453,107.527743,16.777578,0,0
2024-01-09 22:55:00,S002,3.254953,108.978835,18.112303,0,0
2024-01-10 20:40:00,S010,3.102847,140.96237,15.647684,1,0
2024-01-14 04:00:00,S008,3.330576,117.462643,21.942839,0,0
2024-01-20 20:20:00,S005,3.192452,140.503747,20.833358,0,0
2024-01-08 16:50:00,S002,2.80557,144.214625,17.250557,0,0
2024-01-02 18:35:00,S001,3.323287997616034,93.14490935655172,14.601648992832118,0,0
2024-01-21 18:40:00,S009,3.136645,130.922209,16.059319,0,0
2024-01-01 05:10:00,S003,3.4649323276635298,118.73793357372747,18.184251839739023,0,0
2024-01-06 09:25:00,S002,3.377528,129.477441,16.430506,0,0
2024-01-14 02:10:00,S010,2.28754,94.332776,17.672565,1,0
2024-01-19 02:40:00,S002,2.948166,107.081364,17.820393,0,0
2024-01-20 09:40:00,S003,2.835793,150.150423,18.0415,0,0
2024-01-06 23:10:00,S007,2.286389,120.409623,17.50056,0,1
2024-01-10 22:20:00,S003,2.471793,121.480008,20.040268,1,0
2024-01-16 04:10:00,S007,2.914678,74.457753,17.937571,0,0
2024-01-08 06:35:00,S002,3.667247,154.846626,14.323555,0,0
2024-01-03 08:35:00,S010,3.494194411314582,180.5950822225236,21.38630398833457,0,0
2024-01-13 19:10:00,S002,3.167172,128.634871,14.003785,0,0
2024-01-05 04:55:00,S007,1.935811,124.379696,17.065015,0,1
2024-01-01 10:10:00,S008,3.409152821583758,169.14341749496936,11.60048875170154,0,0
2024-01-10 04:05:00,S009,3.011863,142.379236,20.574611,1,0
2024-01-11 17:05:00,S005,3.249681,140.681255,19.001846,0,0
2024-01-15 03:45:00,S001,3.194161,160.286263,14.872419,0,0
2024-01-18 01:45:00,S006,3.351065,110.12718,13.976976,0,0
2024-01-12 00:40:00,S005,3.355436,100.542666,15.500713,0,0
2024-01-05 04:50:00,S007,1.339983,163.635691,19.163486,0,1
2024-01-02 23:15:00,S009,3.0204439896018376,108.61327284944556,12.380183105345274,0,0
2024-01-12 21:45:00,S007,2.94162,77.077692,20.078626,0,0
2024-01-02 21:40:00,S006,3.6841482912927863,94.51800230297758,18.12054415235903,0,0
2024-01-04 00:00:00,S010,2.5744922371895784,143.52787927612317,10.946595536733192,0,0
2024-01-16 18:15:00,S005,3.242916,100.480454,18.105062,0,0
2024-01-05 20:00:00,S009,3.419078,132.535978,16.626722,0,0
2024-01-20 21:05:00,S002,2.258731,100.728274,17.993218,1,0
2024-01-09 08:10:00,S007,3.081457,140.382316,13.385442,1,0
2024-01-14 20:00:00,S007,3.074367,141.001674,17.643593,0,0
2024-01-08 03:25:00,S009,2.857992,118.114244,18.180329,0,0
2024-01-17 13:30:00,S002,3.487866,95.512682,22.264403,0,0
2024-01-03 12:00:00,S006,2.8078863147325186,71.44364212815786,23.61603149766269,1,0
2024-01-14 07:45:00,S008,3.532305,135.689163,19.394157,0,0
2024-01-11 00:10:00,S001,3.239706,200.0,13.878238,0,0
2024-01-03 09:30:00,S010,3.285400820728918,88.03761754945538,17.064250881587718,0,0
2024-01-03 02:10:00,S004,2.815760409498014,171.35354604375146,12.203828853756562,0,0
2024-01-08 16:35:00,S008,3.027899,91.616787,19.598246,1,0
2024-01-18 05:55:00,S004,3.347846,110.097002,18.785382,0,0
2024-01-19 15:55:00,S002,2.991163,98.98388,20.671964,1,0
2024-01-18 09:55:00,S004,3.472114,146.230233,15.827678,0,0
2024-01-20 08:45:00,S009,2.136349,167.069927,17.165845,1,0
2024-01-02 17:55:00,S006,3.003415681404764,196.7788202583711,22.848058356218903,0,0
2024-01-16 15:10:00,S007,2.058994,175.634312,13.727199,1,0
2024-01-02 02:30:00,S002,2.6619155719696965,152.79470241738102,11.378063315650673,0,0
2024-01-21 09:50:00,S009,3.079343,157.43678,16.566438,0,0
2024-01-20 03:25:00,S007,2.711776,151.835479,15.40678,1,0
2024-01-01 22:50:00,S002,3.504403924200943,60.48974085641512,19.60252335742249,0,0
2024-01-18 21:35:00,S008,2.151232,109.799285,13.979068,1,0
2024-01-13 13:40:00,S009,3.448057,99.25378,19.402109,0,0
2024-01-05 17:25:00,S009,3.635928,110.881965,17.06701,0,0
2024-01-15 13:35:00,S003,3.227754,97.986755,15.427305,0,0
2024-01-06 07:10:00,S003,3.207713,101.781394,16.523722,0,0
2024-01-09 05:10:00,S004,3.335324,103.77487,15.790727,0,0
2024-01-12 17:15:00,S006,3.52015,89.007843,17.863632,0,0
2024-01-15 10:40:00,S001,3.097086,164.218647,19.030762,0,0
2024-01-08 22:55:00,S009,3.359078,122.976769,17.476953,0,0
2024-01-12 10:00:00,S005,3.627219,167.408001,13.957067,0,0
2024-01-14 10:55:00,S001,2.274908,166.773954,17.717944,0,1
2024-01-13 08:30:00,S002,3.285127,120.89481,17.607603,0,0
2024-01-18 21:45:00,S008,3.027899,124.739379,14.376666,1,0
2024-01-04 06:45:00,S009,2.9007161048059737,186.59974930758327,16.535080991834356,0,0
2024-01-17 09:00:00,S003,3.28482,123.795503,18.979843,0,0
2024-01-21 01:45:00,S009,2.934593,103.917258,17.559262,0,0
2024-01-02 00:35:00,S006,3.1391250758355573,69.60655651102992,23.299063228607,0,0
2024-01-11 23:50:00,S005,3.327916,134.02383,17.226674,0,0
2024-01-08 13:50:00,S007,2.976334,137.820477,14.325558,1,0
2024-01-02 00:50:00,S010,2.784542272262016,142.84222895115823,14.852505923672108,0,0
2024-01-01 05:40:00,S005,2.8578952896855103,151.9767169850369,21.098631406710616,0,0
2024-01-16 06:00:00,S005,3.384473,132.16969,19.00114,0,0
2024-01-03 13:20:00,S002,3.370967838864451,190.39058723728397,20.08376030941292,0,0
2024-01-13 01:35:00,S008,1.400535,115.753493,20.795666,0,1
2024-01-15 19:30:00,S002,2.518842,85.450096,12.932917,1,0
2024-01-11 09:00:00,S008,3.442559,139.420673,14.720142,0,0
2024-01-13 15:50:00,S006,3.357133,100.745162,20.774742,0,0
2024-01-06 05:15:00,S008,2.944526,136.112563,14.960637,0,0
2024-01-08 04:40:00,S009,2.916644,128.156846,19.958768,0,0
2024-01-01 12:30:00,S007,2.7342288960492853,157.39583432710964,19.88385912865227,0,0
2024-01-03 15:00:00,S003,3.988771930242957,86.10057721357296,23.11461001205621,0,0
2024-01-21 11:30:00,S009,3.350519,129.941637,18.567655,0,0
2024-01-13 03:45:00,S006,2.286656,174.76708,19.219416,1,0
2024-01-06 21:55:00,S004,3.292888,135.024158,20.497107,0,0
2024-01-19 23:30:00,S010,3.509388,128.036949,14.208715,0,0
2024-01-08 07:20:00,S005,2.366489,205.250341,18.691685,0,1
2024-01-01 14:05:00,S008,3.15224100790562,86.96030498586603,22.286534765113,0,0
2024-01-08 11:30:00,S002,3.109151,102.487568,15.671927,0,0
2024-01-02 07:20:00,S009,2.9383273456928465,186.61552424658728,21.30942855395176,0,0
2024-01-08 00:45:00,S004,3.446441,166.747524,18.817831,0,0
2024-01-03 23:35:00,S001,3.581698536035236,77.56769976618517,14.92578249424908,0,0
2024-01-10 07:55:00,S001,3.074908,129.825244,15.74813,1,0
2024-01-18 11:35:00,S004,3.419025,98.654959,21.329512,0,0
2024-01-19 13:40:00,S002,3.464965,134.137109,19.641107,0,0
2024-01-02 07:30:00,S004,2.6688705856179054,155.55289661911937,18.110477149673656,0,0
2024-01-17 14:35:00,S006,1.489552,150.506855,20.449665,0,1
2024-01-19 22:40:00,S009,2.991752,126.192812,18.012008,1,0
2024-01-05 11:50:00,S008,3.282624,158.907608,18.023248,0,0
2024-01-18 06:15:00,S004,3.712523,136.701902,18.700278,0,0
2024-01-05 23:20:00,S005,3.257126,132.432205,17.200579,0,0
2024-01-19 11:45:00,S002,3.532368,71.134854,15.185525,0,0
2024-01-21 08:15:00,S009,3.430124,95.552628,21.052614,0,0
2024-01-11 05:10:00,S003,3.344714,103.863824,13.32777,0,0
2024-01-07 04:15:00,S004,3.472756,87.123418,18.729498,0,0
2024-01-12 18:20:00,S007,2.219074,148.603181,17.795652,1,0
2024-01-18 22:10:00,S009,3.203905,126.789711,16.036429,0,0
2024-01-18 19:55:00,S006,3.348572,89.956895,19.114607,0,0
2024-01-13 07:15:00,S002,3.054445,171.38998,13.56382,0,0
2024-01-03 22:05:00,S001,3.146287413073406,96.8287825679582,20.876667398999743,0,0
2024-01-09 22:20:00,S002,3.29286,135.857172,19.667607,0,0
2024-01-05 03:05:00,S009,2.984636,169.935103,15.919897,1,0
2024-01-01 14:35:00,S008,3.9565873677480514,191.63997336701507,17.113213249861957,0,0
2024-01-17 13:55:00,S002,3.496798,147.710675,19.191924,0,0
2024-01-04 05:15:00,S010,2.9174014912281545,109.31274053635671,20.30784994703015,0,0
2024-01-12 07:30:00,S001,3.172932,123.510123,15.472654,0,0
2024-01-01 03:45:00,S010,3.6111529266313065,154.5523611492902,20.53726125980664,0,0
2024-01-05 09:00:00,S003,1.318927,146.13632,21.564239,0,1
2024-01-04 19:20:00,S004,3.708353,134.060038,19.451826,0,0
2024-01-06 00:15:00,S002,2.223484,111.42457,18.257024,1,0
2024-01-08 07:35:00,S005,1.826859,195.559189,17.969475,0,1
2024-01-18 08:55:00,S004,3.195864,130.809813,14.186173,0,0
2024-01-05 02:55:00,S007,2.98,148.550378,17.418689,0,0
2024-01-18 16:25:00,S009,3.311117,141.21086,18.145248,0,0
2024-01-14 03:35:00,S008,3.004563,88.774861,17.853306,0,0
2024-01-04 13:50:00,S009,3.350718,105.51393,19.626746,0,0
2024-01-17 17:25:00,S006,3.141217,107.738877,17.335633,0,0
2024-01-02 01:00:00,S005,3.766535624109424,64.7123871176367,17.32361705532667,0,0
2024-01-09 18:15:00,S003,3.258037,96.774644,19.909856,0,0
2024-01-06 02:40:00,S003,3.236119,120.58599,20.102825,0,0
2024-01-01 23:35:00,S004,3.810004992585772,74.26463170281644,21.794139351356417,0,0
2024-01-16 05:10:00,S007,3.343457,139.306208,16.937224,0,0
2024-01-09 14:40:00,S010,3.456864,126.994196,16.974913,0,0
2024-01-17 12:15:00,S008,3.027899,171.80387,22.275144,1,0
2024-01-12 14:50:00,S005,3.48669,104.196619,17.408829,0,0
2024-01-07 07:05:00,S006,3.358435,97.639384,19.341135,0,0
2024-01-14 11:55:00,S006,3.550434,147.745571,16.859366,0,0
2024-01-15 23:25:00,S009,3.358095,107.079497,18.751401,0,0
2024-01-15 09:05:00,S007,3.233817,122.620527,16.377143,0,0
2024-01-18 13:45:00,S008,1.82428,99.555242,17.74964,1,0
2024-01-17 18:15:00,S009,3.325649,154.739767,21.141324,0,0
2024-01-11 04:20:00,S003,2.841828,146.769742,16.331662,0,0
2024-01-08 08:35:00,S004,3.553366,153.62514,16.899614,0,0
2024-01-20 15:25:00,S006,2.988568,132.926847,16.92074,0,0
2024-01-17 17:10:00,S006,3.111867,119.535942,21.641915,0,0
2024-01-14 05:15:00,S008,3.665382,101.600394,17.313401,0,0
2024-01-20 19:25:00,S005,3.009023,139.2001,16.566994,0,0
2024-01-21 01:10:00,S009,3.44537,112.649642,16.754847,0,0
2024-01-09 02:10:00,S009,3.143142,127.161636,14.561142,0,0
2024-01-08 01:05:00,S004,3.000794,135.130149,16.47659,0,0
2024-01-19 23:20:00,S010,3.383701,108.26944,14.899311,0,0
2024-01-01 21:25:00,S005,2.8691044881969976,121.50432125617388,15.915479857275251,0,0
2024-01-02 18:15:00,S001,3.3111018506996563,114.4393915364097,14.632516360110111,0,0
2024-01-07 17:50:00,S008,2.888837,116.786711,19.843849,0,0
2024-01-01 08:15:00,S001,3.924280935486463,72.06102213935569,23.89881437742242,0,0
2024-01-11 06:15:00,S003,3.162149,84.266639,13.684219,0,0
2024-01-03 14:00:00,S007,3.162750557202932,74.50501375976303,12.76688576589825,0,0
2024-01-16 20:50:00,S005,2.366489,90.314902,16.541507,0,1
2024-01-20 06:40:00,S001,1.976909,181.308057,19.969935,1,0
2024-01-05 18:35:00,S009,2.706887,92.221499,12.639007,0,0
2024-01-14 10:10:00,S008,3.426282,128.369986,17.696057,0,0
2024-01-14 06:15:00,S008,2.346034,163.909164,21.440117,0,0
2024-01-13 18:50:00,S002,3.225214,121.698852,13.727787,0,0
2024-01-07 18:50:00,S010,2.802224,146.157253,17.486036,1,0
2024-01-17 11:30:00,S008,2.916626,178.335918,18.17468,1,0
2024-01-05 00:25:00,S005,2.91843,100.379334,13.5979,1,0
2024-01-16 04:00:00,S007,2.973577,106.279411,15.194028,0,0
2024-01-12 16:25:00,S006,2.908291,127.444053,16.687506,0,0
2024-01-18 00:45:00,S003,2.069916,147.143265,17.694688,1,0
2024-01-05 23:45:00,S005,3.2709,111.879962,18.210787,0,0
2024-01-02 06:30:00,S003,3.819732870927543,128.8152368818539,13.665099111796993,0,0
2024-01-17 17:05:00,S006,3.124907,113.68319,20.764106,0,0
2024-01-11 05:05:00,S003,3.284577,116.959776,14.506103,0,0
2024-01-02 09:30:00,S008,3.730018943679034,154.23235605139388,17.9873904915572,0,0
2024-01-17 03:00:00,S004,3.039344,134.103914,10.46991,1,0
2024-01-20 15:10:00,S006,3.018132,106.911888,16.277581,0,0
2024-01-04 07:05:00,S008,2.9186957061614045,189.6008383343597,10.36966606954484,0,0
2024-01-10 15:45:00,S006,3.520088,94.663733,13.852363,0,0
2024-01-01 01:35:00,S009,2.658241389745406,118.48018557243654,13.276606558252505,0,0
2024-01-01 19:05:00,S005,3.0189024888204443,105.6558144476904,24.814743456040866,0,0
2024-01-15 12:55:00,S003,3.138671,58.830614,20.222459,0,0
2024-01-03 07:40:00,S007,3.1894762294893586,114.64758528812332,14.567387991234265,0,0
2024-01-01 18:10:00,S001,3.339473025230371,51.46562711287755,14.896919623659878,0,0
2024-01-18 09:15:00,S004,3.575124,138.102139,17.895242,0,0
2024-01-14 23:20:00,S003,2.130569,133.621514,17.10063,1,0
2024-01-13 09:35:00,S007,2.286389,155.637033,17.191391,0,1
2024-01-09 17:25:00,S003,2.987021,139.254898,17.067072,0,0
2024-01-16 05:50:00,S005,3.165853,138.381896,21.802378,0,0
2024-01-03 00:45:00,S005,3.4496089802492698,120.39278409886856,16.645890434956314,0,0
2024-01-07 15:20:00,S008,2.145567,121.716433,18.643579,0,1
2024-01-19 16:05:00,S008,3.240193,95.358807,19.120441,0,0
2024-01-16 09:15:00,S002,3.817035,102.207323,19.841966,0,0
2024-01-16 02:15:00,S006,2.60046,146.8123,16.827368,1,0
2024-01-14 07:05:00,S008,3.132896,122.950289,19.000319,0,0
2024-01-13 01:55:00,S008,2.370549,166.07743,14.330436,0,0
2024-01-16 21:25:00,S008,3.055368,114.302752,14.989372,0,0
2024-01-03 16:45:00,S008,3.457733177198703,97.96147931115424,10.85675745055665,0,0
2024-01-09 00:50:00,S009,3.502675,164.859027,14.031839,0,0
2024-01-04 12:50:00,S008,3.034837,132.410852,18.664645,0,0
2024-01-06 13:50:00,S008,3.039284,96.83989,19.364835,0,0
2024-01-09 16:45:00,S003,3.434487,104.582649,15.827557,0,0
2024-01-10 17:55:00,S006,3.527556,119.284101,13.345153,0,0
2024-01-16 22:20:00,S004,2.161748,128.645373,18.514304,1,0
2024-01-12 03:45:00,S009,2.291214,86.711056,16.609577,0,1
2024-01-06 04:15:00,S005,2.773137,165.707527,15.960028,1,0
2024-01-18 07:20:00,S002,3.019365,207.612499,13.713153,1,0
2024-01-19 05:15:00,S008,2.882589,122.707407,17.737262,1,0
2024-01-16 01:40:00,S009,3.305636,121.916085,18.524832,0,0
2024-01-13 17:00:00,S006,3.233438,173.270432,18.418797,0,0
2024-01-16 13:55:00,S009,3.498675,100.011665,16.666482,0,0
2024-01-10 23:45:00,S001,3.11398,145.428801,18.54154,0,0
2024-01-06 12:45:00,S008,2.813395,120.306934,16.544306,0,0
2024-01-02 19:05:00,S009,3.606827477251909,155.6831642041168,16.340929553408984,0,0
2024-01-02 02:45:00,S008,1.0526838151027706,87.41796678150493,13.700182967824343,0,1
2024-01-19 06:40:00,S009,3.027298,155.066223,20.046916,0,0
2024-01-20 13:35:00,S006,2.955787,108.793166,16.749985,0,0
2024-01-15 05:35:00,S004,1.795632,95.8664,19.325364,1,0
2024-01-13 19:25:00,S006,1.797038,152.822684,24.236362,0,1
2024-01-01 18:05:00,S001,2.6541886067389986,135.63567527662462,10.2755145541081,0,0
2024-01-10 05:15:00,S001,3.44426,143.925661,16.818256,0,0
2024-01-09 07:00:00,S003,2.921816,143.67204,21.057795,1,0
2024-01-02 06:00:00,S008,3.8409845650118055,148.14388284874428,12.281564248334092,0,0
2024-01-16 04:35:00,S007,2.912292,96.50176,15.317015,0,0
2024-01-12 14:00:00,S005,3.28407,155.285823,12.13769,0,0
2024-01-11 10:50:00,S003,3.304231,146.137331,22.935644,0,0
2024-01-09 01:10:00,S009,3.648598,167.602637,21.38605,0,0
2024-01-04 15:40:00,S009,3.372659,150.028155,15.867905,0,0
2024-01-18 20:20:00,S006,2.91671,87.336242,20.060653,0,0
2024-01-03 15:15:00,S001,3.935795445278852,183.5207080170371,19.784126663485758,0,0
2024-01-17 04:55:00,S002,2.896892,153.443959,18.436093,0,0
2024-01-19 07:45:00,S009,3.224957,101.319599,15.504395,0,0
2024-01-21 19:35:00,S009,3.359239,149.789972,18.016667,0,0
2024-01-05 22:50:00,S005,3.49724,112.996575,16.066199,0,0
2024-01-16 07:15:00,S005,3.487879,133.388651,16.300319,0,0
2024-01-13 20:05:00,S006,2.010803,140.188957,18.248801,0,1
2024-01-01 17:50:00,S006,3.372957102871598,90.34901066526464,21.96338650955782,0,0
2024-01-06 14:30:00,S006,1.83212,133.327712,15.005696,1,0
2024-01-17 05:35:00,S002,2.363048,198.517923,19.333489,0,0
2024-01-06 23:05:00,S007,2.286389,216.195149,17.527357,0,1
2024-01-10 12:25:00,S005,3.397188,95.320329,17.361076,0,0
2024-01-08 03:05:00,S009,3.342372,103.493893,18.084303,0,0
2024-01-11 09:50:00,S008,3.326294,120.326945,24.031533,0,0
2024-01-07 21:15:00,S001,3.101742,158.82692,16.257647,0,0
2024-01-06 21:50:00,S004,3.451504,141.231255,17.808048,0,0
2024-01-11 18:25:00,S005,3.43473,150.514858,15.467429,0,0
2024-01-11 12:50:00,S003,2.90033,111.328423,20.627245,0,0
2024-01-19 11:55:00,S002,3.295212,105.802778,14.95146,0,0
2024-01-01 16:20:00,S009,3.895135525764608,65.8751140742876,20.484861070593816,0,0
2024-01-03 12:25:00,S001,2.6595059460223407,67.12099539644481,24.115723900575656,0,0
2024-01-14 14:30:00,S010,1.994486,182.291629,20.57102,1,0
2024-01-06 06:00:00,S003,2.173376,150.43387,17.806105,0,0
2024-01-10 02:35:00,S009,3.227793,98.150696,13.25736,0,0
2024-01-16 18:10:00,S005,3.246886,108.451958,18.138516,0,0
2024-01-17 07:15:00,S002,3.258865,113.000355,15.379423,0,0
2024-01-04 16:00:00,S004,2.991707,142.806742,15.703193,1,0
2024-01-18 08:05:00,S004,3.163211,146.281866,16.566236,0,0
2024-01-04 01:55:00,S008,3.0082195324072725,110.772283051761,13.58521801998915,0,0
2024-01-10 08:50:00,S007,2.947083,103.90625,18.313381,0,0
2024-01-04 19:00:00,S004,3.53747,123.895936,17.283367,0,0
2024-01-18 16:45:00,S009,3.338605,157.693074,18.494645,0,0
2024-01-15 07:45:00,S006,2.733809,76.3389,17.044109,1,0
2024-01-02 23:20:00,S005,3.4811991055418106,183.3691885910015,18.682101317679106,0,0
2024-01-02 19:00:00,S008,2.601253820025733,127.80514915708926,12.690470230183156,0,0
2024-01-13 14:20:00,S005,1.502933,190.299517,17.798261,0,1
2024-01-17 18:25:00,S009,3.14222,136.572209,20.501704,0,0
2024-01-08 11:05:00,S002,3.159934,100.196906,14.843143,0,0
2024-01-01 11:35:00,S001,2.6698570687611327,197.72617984435016,22.58347129668901,0,0
2024-01-21 05:45:00,S009,3.046767,121.85307,16.672533,0,0
2024-01-19 07:30:00,S009,3.007162,120.456665,18.750598,0,0
2024-01-08 22:20:00,S009,3.044978,126.547564,17.480853,0,0
2024-01-18 09:30:00,S004,3.123369,157.595038,18.771703,0,0
2024-01-04 23:45:00,S008,3.417059,119.975823,15.364892,0,0
2024-01-15 01:20:00,S003,2.16164,144.270716,19.500881,1,0
2024-01-09 16:10:00,S007,2.758042,168.24299,18.989016,1,0
2024-01-08 21:25:00,S010,2.773136,178.788,16.057623,1,0
2024-01-09 18:30:00,S003,3.125299,140.669942,18.647665,0,0
2024-01-02 14:35:00,S008,3.186993638505357,109.70079394317544,14.543735932497889,0,0
2024-01-12 11:35:00,S001,2.846734,147.219052,16.042992,0,0
2024-01-11 21:00:00,S004,1.727683,169.466969,17.814571,0,1
2024-01-18 07:25:00,S002,2.489581,67.936112,16.594859,1,0
2024-01-03 01:30:00,S007,3.824372224778083,148.85681151983488,13.168477472093963,0,0
2024-01-11 16:40:00,S005,3.367503,134.704063,18.991486,0,0
2024-01-07 06:35:00,S006,2.765959,97.383845,17.126935,0,0
2024-01-18 20:00:00,S006,3.154195,98.904469,18.970626,0,0
2024-01-02 13:30:00,S009,3.213951596517484,66.64662868777222,19.516362179298756,0,0
2024-01-11 13:35:00,S002,2.330823,141.157049,15.132424,1,0
2024-01-21 05:30:00,S009,3.253251,133.359218,19.777458,0,0
2024-01-02 19:10:00,S003,2.8079994080601995,122.4559546338335,14.028006341014107,0,0
2024-01-09 18:10:00,S003,3.270331,85.001141,17.814032,0,0
2024-01-02 02:00:00,S008,2.670934952071476,122.90232544663098,23.80445771829112,0,0
2024-01-21 10:35:00,S009,3.186888,154.651483,15.88265,0,0
2024-01-16 13:35:00,S009,3.002916,104.23575,19.859814,0,0
2024-01-10 04:35:00,S001,3.26209,122.208285,19.662286,0,0
2024-01-12 22:25:00,S006,1.657474,148.149167,21.120937,1,0
2024-01-05 01:50:00,S007,3.208327,127.050928,15.61839,0,0
2024-01-13 06:20:00,S002,3.174776,106.82159,19.699707,0,0
2024-01-02 13:35:00,S007,3.651351442776877,112.47566478558184,22.33269830224635,0,0
2024-01-18 11:45:00,S004,3.317132,101.936964,20.774044,0,0
2024-01-12 21:20:00,S007,3.01604,124.228081,15.392313,0,0
2024-01-04 20:40:00,S010,2.790375,136.856781,20.133084,0,0
2024-01-17 19:40:00,S009,3.378328,121.104536,16.134433,0,0
2024-01-06 11:30:00,S004,3.031072,163.304766,18.402388,1,0
2024-01-04 02:10:00,S004,2.9498940962095994,121.14629973026454,12.520300782890178,0,0
2024-01-06 14:35:00,S006,2.068652,136.879789,19.98306,1,0
2024-01-16 02:20:00,S006,2.007637,108.940912,20.532711,1,0
2024-01-14 19:35:00,S002,2.504711,161.523228,13.310379,1,0
2024-01-20 17:20:00,S006,3.231606,114.649333,16.00648,0,0
2024-01-21 06:35:00,S009,3.289512,147.338586,14.082087,0,0
2024-01-11 03:45:00,S006,2.062358,133.337935,22.726649,1,0
2024-01-05 09:15:00,S003,2.151675,152.636066,19.929473,0,1
2024-01-20 11:55:00,S003,3.321511,165.586863,17.108623,0,0
2024-01-04 11:15:00,S003,3.777372100025856,179.5684434447505,16.101606228580078,0,0
2024-01-14 01:25:00,S008,3.098908,130.744741,22.101235,0,0
2024-01-05 17:15:00,S009,3.229719,123.56329,17.758233,0,0
2024-01-21 19:30:00,S009,2.9855,139.13591,15.338437,0,0
2024-01-06 03:00:00,S003,3.505388,95.94228,22.228057,0,0
2024-01-01 16:00:00,S002,3.112679819606048,105.9032775518471,13.896306756404892,0,0
2024-01-17 07:00:00,S002,3.043386,126.366589,17.968153,0,0
2024-01-19 17:50:00,S008,3.446373,157.344848,17.42497,0,0
2024-01-10 16:40:00,S006,3.293285,109.647356,14.579459,0,0
2024-01-18 08:45:00,S004,3.384301,162.481445,15.05586,0,0
2024-01-09 08:35:00,S001,3.55276,114.591208,18.466916,0,0
2024-01-18 13:25:00,S008,2.878191,101.799598,17.479041,1,0
2024-01-07 12:10:00,S008,1.918595,192.396467,15.996678,0,1
2024-01-19 09:40:00,S007,2.904057,142.982508,14.565417,0,0
2024-01-05 15:30:00,S009,3.30698,132.112842,19.586327,0,0
2024-01-13 01:45:00,S008,2.110516,122.398526,14.992931,0,1
2024-01-17 19:30:00,S009,3.401994,153.863157,19.37352,0,0
2024-01-14 10:35:00,S008,3.275099,132.972322,16.187598,0,0
2024-01-10 17:45:00,S006,3.054361,103.685621,16.683937,0,0
2024-01-21 11:35:00,S009,3.001065,122.447121,21.943497,0,0
2024-01-05 11:45:00,S008,3.160735,120.719915,19.410137,0,0
2024-01-19 08:25:00,S009,2.871697,103.302113,17.856369,0,0
2024-01-16 16:00:00,S009,3.342038,118.78817,20.702533,0,0
2024-01-20 12:05:00,S003,3.242479,143.19969,14.090426,0,0
2024-01-13 05:15:00,S002,2.978289,159.330648,15.651175,0,0
2024-01-10 06:00:00,S007,2.286389,141.294001,17.379823,0,1
2024-01-07 14:55:00,S003,2.805375,133.498884,18.320863,0,0
2024-01-14 01:10:00,S008,3.627603,115.635119,18.938822,0,0
2024-01-15 10:05:00,S001,3.356846,136.664302,17.526421,0,0
2024-01-02 06:40:00,S009,3.153258181597239,136.58745961529195,21.07103685007776,0,0
2024-01-07 17:25:00,S008,3.443426,167.716113,18.262209,0,0
2024-01-13 09:45:00,S007,2.082437,209.236536,18.780696,0,1
2024-01-04 23:55:00,S008,3.522464,122.895404,18.115708,0,0
2024-01-18 02:05:00,S006,3.235556,96.782543,20.683375,0,0
2024-01-14 22:20:00,S009,3.422481,100.203266,16.896788,0,0
2024-01-09 03:55:00,S004,2.866999,109.300634,16.34182,0,0
2024-01-15 01:35:00,S010,3.041716,135.074975,14.956383,0,0
2024-01-20 15:40:00,S006,3.20675,126.549635,16.794745,0,0
2024-01-13 08:15:00,S002,3.090411,142.116939,17.819731,0,0
2024-01-07 12:00:00,S008,2.227899,92.904612,14.781999,0,1
2024-01-21 11:50:00,S009,3.256703,124.887749,18.203342,0,0
2024-01-01 15:55:00,S009,2.566564995299855,177.82903000205118,10.531335526278175,0,0
2024-01-09 11:20:00,S010,1.977292,85.554487,15.602341,0,1
2024-01-01 09:00:00,S008,2.6996753928812174,153.07482581049965,22.66661008950443,0,0
2024-01-01 14:30:00,S005,3.209815177122,96.92822847583813,11.807838681796966,0,0
2024-01-12 00:05:00,S005,3.599903,118.028076,19.616896,0,0
2024-01-12 15:20:00,S002,2.319732,92.097086,16.351566,0,1
2024-01-14 07:30:00,S008,3.239116,107.620459,14.956185,0,0
2024-01-06 13:10:00,S008,3.015564,124.360459,14.697803,0,0
2024-01-05 17:20:00,S009,3.343714,106.341512,16.421926,0,0
2024-01-08 07:15:00,S002,3.269815,110.911552,16.917713,0,0
2024-01-19 02:55:00,S002,3.01679,111.540309,20.784912,0,0
2024-01-21 06:40:00,S009,3.363663,138.567766,16.26274,0,0
2024-01-18 12:15:00,S004,3.253076,97.677967,19.872441,0,0
2024-01-13 10:20:00,S010,3.918335,114.267878,16.721388,0,0
2024-01-05 01:00:00,S007,3.287958,134.523565,12.982835,0,0
2024-01-13 18:30:00,S002,3.126635,129.874087,13.083365,0,0
2024-01-19 08:20:00,S009,3.23018,117.730299,17.872309,0,0
2024-01-06 18:25:00,S009,3.274175,78.406836,16.208491,0,0
2024-01-02 18:20:00,S003,3.92870067503177,84.00910734949449,23.19011530264792,0,0
2024-01-01 13:50:00,S007,3.4156070005119363,192.39601955866485,15.949740595780812,0,0
2024-01-10 16:15:00,S006,2.781977,93.207172,15.882455,0,0
2024-01-20 04:05:00,S009,3.290891,111.6175,18.038088,0,0
2024-01-08 19:50:00,S008,3.011502,133.828962,17.147492,0,0
2024-01-14 18:05:00,S001,3.106735,93.196942,16.204921,0,0
2024-01-01 08:35:00,S002,3.4029030933114406,83.57735988594808,22.32685955266674,0,0
2024-01-09 09:00:00,S001,3.230289,141.418909,17.672656,0,0
2024-01-18 02:25:00,S006,3.410437,83.84427,17.104448,0,0
2024-01-17 22:45:00,S003,2.825968,91.275981,17.268819,0,0
2024-01-07 02:00:00,S002,3.58699,76.175871,15.215874,0,0
2024-01-19 14:10:00,S003,2.241549,209.865858,16.642818,1,0
2024-01-18 17:15:00,S009,3.031721,117.770102,15.466707,0,0
2024-01-06 18:10:00,S007,2.707424,126.119476,15.586531,1,0
2024-01-01 12:40:00,S003,3.4791191617778123,85.72741715700897,11.491620891390175,0,0
2024-01-09 23:30:00,S009,3.091214,131.682486,19.362739,1,0
2024-01-06 11:55:00,S008,2.914514,113.61813,17.325766,0,0
2024-01-08 13:25:00,S004,2.984388,120.832396,18.296023,0,0
2024-01-21 17:25:00,S009,3.824857,118.978033,16.714691,0,0
2024-01-17 23:25:00,S003,2.86273,139.468342,18.264701,0,0
2024-01-08 08:10:00,S004,3.308798,100.132092,17.000225,0,0
2024-01-10 04:30:00,S001,2.959361,127.538312,16.851247,0,0
2024-01-07 07:50:00,S006,2.884655,147.373951,15.388959,0,0
2024-01-18 14:25:00,S001,3.190034,143.786496,15.059171,0,0
2024-01-11 20:30:00,S001,3.304694,132.590333,17.658045,0,0
2024-01-02 01:45:00,S010,2.531417441546369,62.3257501214641,24.517900522675458,0,0
2024-01-21 02:35:00,S009,3.419381,122.098821,14.42954,0,0
2024-01-09 10:35:00,S001,3.063035,125.094985,18.293794,0,0
2024-01-09 22:10:00,S002,3.114331,125.478258,15.22399,0,0
2024-01-02 17:15:00,S006,3.597587104846319,146.09533892038797,16.239158568727824,0,0
2024-01-01 17:05:00,S007,3.1688540595651222,91.04399994224988,24.956867502365668,0,0
2024-01-05 23:30:00,S005,2.889582,126.685262,19.608769,0,0
2024-01-04 22:35:00,S008,3.05472,102.477539,18.355142,0,0
2024-01-04 00:20:00,S004,3.1374302785936456,107.43247209262752,20.786134307662177,0,0
2024-01-02 01:25:00,S003,2.658540219859411,198.2412906500197,16.649096311654276,0,0
2024-01-07 10:05:00,S003,3.195298,157.225382,14.614379,0,0
2024-01-08 18:20:00,S002,3.255369,85.986486,17.418989,0,0
2024-01-07 21:40:00,S002,2.319732,177.748391,18.020239,0,1
2024-01-21 17:15:00,S009,3.218628,92.134403,18.728041,0,0
2024-01-06 07:50:00,S003,3.40604,129.310252,20.656791,0,0
2024-01-03 22:15:00,S006,3.092580006785194,57.68951887639973,16.028144068551093,0,0
2024-01-07 21:35:00,S002,2.319732,83.989658,22.954617,0,1
2024-01-20 10:15:00,S005,2.984794,140.591203,16.543106,1,0
2024-01-14 08:05:00,S008,3.174829,109.190583,16.755013,0,0
2024-01-09 19:20:00,S009,3.028233,87.154703,17.33204,0,0
2024-01-19 08:00:00,S009,3.253235,118.170616,18.236792,0,0
2024-01-06 08:10:00,S003,3.197706,167.554367,16.462653,0,0
2024-01-01 17:35:00,S001,2.636746735609288,73.0487057241669,16.80540451907924,0,0
2024-01-07 19:05:00,S001,3.353205,172.072261,16.127352,0,0
2024-01-13 22:05:00,S005,3.478452,144.660819,16.326302,0,0
2024-01-17 08:00:00,S008,1.972654,141.13179,14.689596,1,0
2024-01-10 09:35:00,S007,3.313846,143.089669,17.492114,0,0
2024-01-05 16:25:00,S009,3.030152,142.673577,15.90151,0,0
2024-01-15 23:00:00,S003,2.692591,150.58951,15.485258,1,0
2024-01-16 22:15:00,S004,2.209794,85.617137,17.168128,1,0
2024-01-03 08:40:00,S004,2.742051037582575,135.7993817425389,22.081484939499795,0,0
2024-01-01 15:00:00,S003,2.6050445586212065,51.42281504427472,10.790257539658429,0,0
2024-01-14 01:05:00,S008,3.503971,124.547605,22.122293,0,0
2024-01-08 17:30:00,S002,3.494594,118.401906,16.444525,0,0
2024-01-12 10:10:00,S005,3.357297,111.92505,15.329859,0,0
2024-01-01 23:10:00,S008,3.6931749411845938,189.0766729219179,13.519631227831804,0,0
2024-01-02 00:05:00,S002,2.60225846407824,53.87178604242305,12.027494337322342,0,0
2024-01-17 10:00:00,S003,3.323746,124.035634,21.044226,0,0
2024-01-04 10:45:00,S002,2.865562317856514,95.884221989228,17.247019683482492,0,0
2024-01-18 16:10:00,S009,3.267323,116.393845,17.873302,0,0
2024-01-18 11:50:00,S004,3.112071,90.576475,20.24425,0,0
2024-01-17 08:40:00,S003,2.898954,175.008694,20.984809,0,0
2024-01-17 16:30:00,S006,2.791704,125.622011,17.317328,0,0
2024-01-01 22:30:00,S009,3.981678280322331,70.46596288350997,20.427168310713903,0,0
2024-01-09 00:00:00,S009,3.307143,134.175184,16.608612,0,0
2024-01-17 23:55:00,S003,3.224855,146.413285,20.880252,0,0
2024-01-21 06:00:00,S009,3.417585,147.835208,20.097231,0,0
2024-01-21 03:45:00,S009,3.523966,130.577756,19.912266,0,0
2024-01-01 09:15:00,S004,3.2109549121458345,103.26564549189573,19.73234260437364,0,0
2024-01-05 19:55:00,S009,3.495929,121.341829,16.171355,0,0
2024-01-01 18:20:00,S010,3.700880048663624,80.02253663672151,12.512238733886049,0,0
2024-01-19 01:35:00,S010,3.392297,138.358309,18.621965,0,0
2024-01-01 06:55:00,S006,3.07630274706883,160.5651058764529,23.7288151250366,0,0
2024-01-12 22:05:00,S006,3.036681,163.745872,18.502235,1,0
2024-01-02 14:25:00,S010,2.8348950782577944,146.27899382830333,18.559744358214022,0,0
2024-01-19 07:15:00,S009,3.275879,108.40153,14.681661,0,0
2024-01-02 21:55:00,S008,3.424450728888586,133.53176647581438,16.236626552849827,0,0
2024-01-18 12:00:00,S004,3.583407,120.652512,18.912798,0,0
2024-01-17 07:10:00,S002,2.967998,105.965576,15.359006,0,0
2024-01-10 14:25:00,S006,2.615934,134.167313,18.063404,0,0
2024-01-18 22:25:00,S009,3.238758,111.821119,17.227199,0,0
2024-01-11 06:00:00,S003,3.161329,81.001773,15.41561,0,0
2024-01-03 06:10:00,S008,2.7374558501584216,57.76788330992253,18.359658629714627,0,0
2024-01-03 11:00:00,S008,3.841606582972761,173.54096311972842,23.481818346060216,0,0
2024-01-17 11:15:00,S003,3.178874,98.823366,17.498995,0,0
2024-01-09 08:45:00,S001,3.272551,128.682272,19.929768,0,0
2024-01-09 09:10:00,S001,3.091327,151.161618,15.359969,0,0
2024-01-05 22:40:00,S005,3.26008,144.201569,16.292469,0,0
2024-01-05 05:20:00,S003,2.429177,113.665675,16.393636,0,0
2024-01-16 21:20:00,S008,3.001898,96.810049,16.060819,0,0
2024-01-07 16:20:00,S008,2.987412,126.341949,15.259111,0,0
2024-01-18 01:05:00,S003,2.744269,113.84999,20.929322,1,0
2024-01-10 07:35:00,S008,3.251749,108.503198,19.034821,0,0
2024-01-02 02:10:00,S010,3.4194093737417885,191.46137566170611,13.610390677487574,0,0
2024-01-10 11:20:00,S007,3.327838,102.331232,17.9408,0,0
2024-01-05 22:55:00,S005,3.427371,135.508399,17.288931,0,0
2024-01-18 14:50:00,S001,3.690168,126.180434,19.569845,0,0
2024-01-17 12:05:00,S008,1.920951,129.353648,14.160661,1,0
2024-01-15 07:15:00,S006,3.07134,92.608194,16.152837,0,0
2024-01-14 10:00:00,S008,3.163196,136.037675,16.669465,0,0
2024-01-12 03:50:00,S009,2.291214,172.222962,18.048873,0,1
2024-01-16 07:50:00,S005,3.38278,126.536628,16.869769,0,0
2024-01-14 06:55:00,S008,2.805082,126.849961,20.293972,0,0
2024-01-21 19:55:00,S009,3.157656,136.401852,16.038913,0,0
2024-01-09 18:25:00,S003,3.407502,157.474158,20.401503,0,0
2024-01-03 09:00:00,S006,3.8126770668370704,168.57807654075103,12.116613910320266,0,0
2024-01-16 06:10:00,S005,3.472578,129.774084,15.682113,0,0
2024-01-09 18:05:00,S003,3.179682,119.800348,18.0459,0,0
2024-01-11 02:20:00,S009,3.04148,108.16879,17.842854,0,0
2024-01-09 07:05:00,S005,2.706239,93.006587,18.423591,0,0
2024-01-02 03:10:00,S004,3.583106407304105,182.9293670697612,18.895665012801764,0,0
2024-01-18 09:45:00,S004,3.246186,133.822007,17.358388,0,0
2024-01-10 00:00:00,S009,3.079404,101.318707,14.778433,0,0
2024-01-19 00:05:00,S003,2.709299,131.223364,21.925521,1,0
2024-01-11 03:55:00,S006,2.385875,232.775419,17.149143,1,0
2024-01-15 01:30:00,S010,3.025628,144.689223,14.743314,0,0
2024-01-21 03:50:00,S009,3.343621,112.423537,18.698283,0,0
2024-01-14 03:25:00,S003,2.540997,145.9316,21.115606,1,0
2024-01-02 05:00:00,S001,3.970775233001659,84.11142437920684,16.059668144898225,0,0
2024-01-06 15:30:00,S001,3.133287,144.375382,16.331617,0,0
2024-01-16 07:30:00,S005,3.36546,126.990033,15.095595,0,0
2024-01-04 00:35:00,S007,3.6498939170680775,194.94114466222788,24.551116850000604,0,0
2024-01-12 15:50:00,S002,1.312967,158.065203,18.490026,0,1
2024-01-09 02:55:00,S010,2.302847,167.721086,16.000022,0,1
2024-01-17 07:55:00,S008,2.111899,106.130894,14.479227,1,0
2024-01-08 08:45:00,S004,3.33193,106.572987,17.028954,0,0
2024-01-14 15:15:00,S007,3.207339,114.754144,18.080416,0,0
2024-01-01 07:05:00,S010,2.8440921185574246,89.89068874463584,15.405176428079024,0,0
2024-01-10 18:50:00,S004,2.341615,156.02109,18.458632,0,1
2024-01-07 12:25:00,S003,2.705479,160.597201,17.118759,0,0
2024-01-20 18:05:00,S009,2.608262,134.720584,15.691495,1,0
2024-01-15 04:25:00,S002,2.849055,109.898929,20.285564,0,0
2024-01-09 05:55:00,S004,3.307658,130.256169,16.431538,0,0
2024-01-02 17:10:00,S007,2.956298079454421,95.59137683825408,13.456249931760247,0,0
2024-01-11 07:10:00,S008,2.35809,101.372735,19.208136,1,0
2024-01-11 19:05:00,S001,2.810207,69.030459,15.897332,0,0
2024-01-10 13:55:00,S001,1.467729,156.847902,21.29921,0,1
2024-01-05 09:50:00,S005,3.389817,105.619612,18.622991,0,0
2024-01-10 05:10:00,S001,3.387971,158.571896,14.651019,0,0
2024-01-10 03:25:00,S009,2.402547,126.742749,18.062792,1,0
2024-01-18 04:50:00,S004,3.275917,107.850332,16.716185,0,0
2024-01-03 03:30:00,S010,2.8556270627760103,192.2754414827292,24.169985982566427,0,0
2024-01-18 19:30:00,S006,3.181876,134.235398,19.274045,0,0
2024-01-10 03:05:00,S009,3.162616,120.029523,17.307569,0,0
2024-01-10 19:30:00,S002,3.04055,151.638221,14.244179,0,0
2024-01-19 03:35:00,S002,3.085891,182.909514,17.225499,0,0
2024-01-08 17:45:00,S002,2.894878,127.808522,16.96632,0,0
2024-01-18 11:20:00,S004,3.209571,128.596176,19.331727,0,0
2024-01-05 21:45:00,S005,3.199765,120.280071,14.779414,0,0
2024-01-08 15:25:00,S010,3.017162,159.161403,13.089934,0,0
2024-01-18 05:35:00,S004,3.341887,117.98189,17.426409,0,0
2024-01-16 13:05:00,S009,3.515097,119.020563,20.105808,0,0
2024-01-04 00:25:00,S002,2.893612564733953,113.25689262888746,10.598837988456268,0,0
2024-01-07 23:10:00,S001,3.343204,76.612771,20.134183,0,0
2024-01-15 09:35:00,S010,2.047405,117.420714,17.030913,1,0
2024-01-02 05:40:00,S009,3.096072085727975,64.01119579629434,16.616082373761756,0,0
2024-01-05 00:50:00,S007,3.097855,104.727344,15.709619,0,0
2024-01-16 19:30:00,S005,3.492556,97.006476,14.71033,0,0
2024-01-09 08:30:00,S001,3.135078,92.217345,19.188416,0,0
2024-01-21 12:55:00,S009,3.104438,129.961412,17.1285,0,0
2024-01-07 13:30:00,S003,3.219621,108.387201,20.413,0,0
2024-01-03 00:15:00,S010,2.508577872041184,119.8738629834687,18.56743447933541,0,0
2024-01-09 20:40:00,S002,3.321472,109.47583,14.474046,0,0
2024-01-06 20:55:00,S006,2.236681,154.303738,15.768079,0,1
2024-01-03 23:50:00,S006,3.337256775835661,102.05035031183,23.99301535189949,0,0
2024-01-19 15:25:00,S006,3.122466,115.911421,19.821689,0,0
2024-01-21 04:10:00,S009,3.384185,135.831,16.170372,0,0
2024-01-17 15:05:00,S006,2.469226,117.816495,17.115406,0,0
2024-01-17 03:05:00,S004,2.246559,111.802816,18.973223,1,0
2024-01-04 21:00:00,S010,3.614497,124.141379,19.869652,0,0
2024-01-06 08:25:00,S007,2.286389,163.590205,18.654668,0,1
2024-01-14 03:50:00,S008,3.296264,109.088885,20.455649,0,0
2024-01-17 00:35:00,S010,3.314937,139.989569,18.59093,0,0
2024-01-20 03:50:00,S009,3.175073,92.037965,11.241843,0,0
2024-01-12 10:35:00,S005,3.471168,93.760654,16.423415,0,0
2024-01-19 09:30:00,S007,2.404778,149.20247,16.389912,1,0
2024-01-19 10:45:00,S010,2.024158,165.808818,15.193035,1,0
2024-01-21 12:00:00,S009,2.873983,115.610606,17.600554,0,0
2024-01-11 13:55:00,S008,3.07725,111.136986,19.71337,0,0
2024-01-20 20:55:00,S002,2.505554,143.230376,16.224091,1,0
2024-01-09 11:05:00,S001,3.393388,84.982976,15.878168,0,0
2024-01-20 23:30:00,S004,2.892546,173.674622,14.383189,1,0
2024-01-08 03:00:00,S009,3.021713,122.936845,16.178789,0,0
2024-01-07 04:00:00,S004,3.658613,129.029339,15.73849,0,0
2024-01-12 08:25:00,S001,3.360809,117.376557,13.739974,0,0
2024-01-15 22:30:00,S010,3.399585,104.436553,16.24434,0,0
2024-01-06 12:40:00,S008,3.017844,110.867539,14.604591,0,0
2024-01-06 23:35:00,S007,1.165598,184.372257,18.75551,0,1
2024-01-17 07:05:00,S002,2.815447,133.674034,16.668983,0,0
2024-01-15 00:45:00,S003,2.927506,157.326044,18.280775,1,0
2024-01-02 16:50:00,S003,3.260380656942752,111.41181077255274,22.16317871511877,0,0
2024-01-18 15:05:00,S001,3.281466,112.179194,20.649235,0,0
2024-01-04 11:50:00,S005,2.213954,113.929552,16.199072,1,0
2024-01-11 22:20:00,S006,2.493493,128.483072,18.099621,1,0
2024-01-15 18:00:00,S008,2.504723,133.554373,13.24582,0,0
2024-01-05 22:05:00,S005,3.513299,124.790227,18.854824,0,0
2024-01-01 02:05:00,S006,2.5495760993508227,101.76068720400244,19.51527017052046,0,0
2024-01-04 20:45:00,S010,2.910354,135.879218,18.88009,0,0
2024-01-20 09:25:00,S003,2.721278,130.443316,20.987377,0,0
2024-01-06 09:20:00,S002,3.102258,147.721664,15.436856,0,0
2024-01-18 18:55:00,S006,3.205456,144.777723,17.41215,0,0
2024-01-16 13:30:00,S009,3.173824,118.344208,18.39489,0,0
2024-01-02 12:05:00,S004,3.1106597336884416,59.90147662103624,15.23230800954219,0,0
2024-01-11 03:50:00,S006,2.444521,152.251418,11.841637,1,0
2024-01-14 09:25:00,S008,3.226893,118.52013,17.375729,0,0
2024-01-14 22:35:00,S009,3.329871,94.748276,20.926479,0,0
2024-01-11 06:55:00,S008,1.87665,175.026588,12.820477,1,0
2024-01-11 18:10:00,S005,3.611643,131.56042,17.821828,0,0
2024-01-21 09:35:00,S009,3.334606,92.961927,15.420033,0,0
2024-01-16 11:20:00,S003,3.505018,125.844095,14.71852,0,0
2024-01-16 18:20:00,S005,3.614076,115.056054,17.071656,0,0
2024-01-21 00:40:00,S009,2.830874,146.848429,14.055348,0,0
2024-01-04 19:50:00,S004,3.545934,113.048255,18.430517,0,0
2024-01-18 14:05:00,S001,2.956383,149.953738,19.303081,0,0
2024-01-16 16:25:00,S009,2.978707,137.984382,16.440274,0,0
2024-01-15 10:50:00,S001,3.439293,111.300078,17.440088,0,0
2024-01-01 16:10:00,S003,3.737021448887724,102.17138118532895,20.170242288385957,0,0
2024-01-03 03:15:00,S005,2.76268471019553,150.91469216187,13.307563951534709,0,0
2024-01-03 05:35:00,S009,3.913988765449946,62.41010594355062,13.809066578855443,0,0
2024-01-15 23:05:00,S003,2.55554,143.346376,19.507996,1,0
2024-01-11 22:45:00,S005,3.583825,108.838353,14.276823,0,0
2024-01-18 14:30:00,S001,3.603872,123.877658,17.81678,0,0
2024-01-02 03:30:00,S003,3.2473835233951807,61.55874187014968,10.878263938659687,0,0
2024-01-14 06:45:00,S008,2.918405,171.309515,19.83574,0,0
2024-01-16 16:15:00,S009,3.042353,128.392818,17.085872,0,0
2024-01-11 19:25:00,S001,3.421284,122.046651,14.843516,0,0
2024-01-19 15:05:00,S006,2.780854,126.148336,18.510683,0,0
2024-01-02 16:15:00,S001,2.1284027786897246,108.05701284175376,19.330593435564907,1,0
2024-01-19 01:05:00,S010,3.406303,130.460149,20.444779,0,0
2024-01-10 06:35:00,S008,3.302345,144.119843,17.984658,0,0
2024-01-08 03:35:00,S009,3.348729,111.087071,16.553681,0,0
2024-01-17 05:50:00,S002,2.859965,117.361054,14.792361,0,0
2024-01-01 02:40:00,S009,3.2749538369065214,89.12437622456136,24.943805496368867,0,0
2024-01-03 07:20:00,S006,2.876753901322602,176.63184879292146,17.260308587641063,0,0
2024-01-18 21:55:00,S009,3.051906,113.187805,17.24127,0,0
2024-01-15 12:30:00,S010,1.863245,85.554487,18.669931,0,1
2024-01-06 00:20:00,S002,2.167092,144.806364,17.34891,1,0
2024-01-09 07:55:00,S005,3.220778,111.450602,16.795123,0,0
2024-01-09 11:25:00,S010,1.208171,85.554487,18.254736,0,1
2024-01-21 07:40:00,S009,3.097563,116.096934,12.235587,0,0
2024-01-06 22:05:00,S004,3.17935,114.06407,19.405334,0,0
2024-01-21 18:30:00,S009,3.55656,141.762921,18.867756,0,0
2024-01-10 21:30:00,S006,3.023878,118.152527,12.836992,0,0
2024-01-20 02:25:00,S003,3.07106,140.084861,21.710348,0,0
2024-01-08 21:45:00,S010,2.352511,124.233382,16.93062,1,0
2024-01-05 20:45:00,S002,2.319732,124.313557,14.732844,0,1
2024-01-20 06:20:00,S001,3.074908,137.642447,24.324566,1,0
2024-01-01 14:10:00,S006,3.38534600030363,104.14608454100404,11.373731099899512,0,0
2024-01-02 21:00:00,S010,3.913796961280175,162.01649593005772,20.80848322966609,0,0
2024-01-19 23:25:00,S010,3.37998,104.108453,15.241797,0,0
2024-01-16 23:45:00,S010,2.95563,101.764509,16.77053,0,0
2024-01-09 12:50:00,S006,3.242631,146.868848,16.023615,0,0
2024-01-14 13:40:00,S006,3.539206,103.826455,18.110678,0,0
2024-01-03 08:10:00,S005,3.596736016682376,192.0134052760555,21.724232187945987,0,0
2024-01-11 03:10:00,S006,2.863895,99.369419,18.632093,1,0
2024-01-15 03:40:00,S001,3.481146,102.996312,13.753818,0,0
2024-01-07 07:15:00,S006,3.732018,98.170927,16.84657,0,0
2024-01-09 20:50:00,S002,3.115124,101.017806,15.003758,0,0
2024-01-08 07:00:00,S002,3.303667,125.436222,15.346181,0,0
2024-01-11 20:25:00,S001,3.201736,97.965453,17.911206,0,0
2024-01-20 01:45:00,S003,3.291111,161.710035,18.239307,0,0
2024-01-08 07:05:00,S002,3.43767,139.869601,13.371451,0,0
2024-01-18 15:20:00,S006,2.498407,157.032991,15.337495,1,0
2024-01-10 17:35:00,S006,3.005902,111.763699,19.67731,0,0
2024-01-06 09:00:00,S002,3.136286,124.914794,16.557341,0,0
2024-01-17 11:50:00,S008,2.628005,147.845812,18.891415,1,0
2024-01-17 20:10:00,S009,3.227834,126.602916,19.230077,0,0
2024-01-02 05:35:00,S003,3.86383030879234,130.80526969290713,17.467187620514352,0,0
2024-01-10 04:00:00,S009,2.338142,96.120247,16.414831,1,0
2024-01-15 11:25:00,S001,3.245252,154.467344,15.42919,0,0
2024-01-17 05:40:00,S002,2.871872,155.121765,16.978365,0,0
2024-01-19 10:25:00,S010,2.218883,176.507896,14.653586,1,0
2024-01-15 20:05:00,S010,3.072242,117.043441,17.516364,0,0
2024-01-04 15:35:00,S009,3.760612,152.243181,15.687319,0,0
2024-01-09 01:25:00,S009,3.191333,101.631761,17.910718,0,0
2024-01-16 00:40:00,S009,3.421061,122.201454,16.168008,0,0
2024-01-14 14:35:00,S010,2.235054,99.480565,17.874461,1,0
2024-01-07 01:55:00,S002,3.449518,73.727866,15.32042,0,0
2024-01-09 13:20:00,S006,3.170424,69.583732,18.0386,0,0
2024-01-07 03:40:00,S004,3.310621,124.002002,14.610874,0,0
2024-01-05 03:40:00,S009,3.519551,136.677156,15.792889,0,0
2024-01-07 12:30:00,S003,2.689732,131.486139,18.298934,0,0
2024-01-08 00:00:00,S005,2.05857,209.806255,19.628235,1,0
2024-01-07 23:05:00,S001,3.210547,101.98674,18.479631,0,0
2024-01-15 03:35:00,S001,3.582504,100.717267,13.564529,0,0
2024-01-06 03:30:00,S003,3.283835,136.888618,15.263954,0,0
2024-01-02 03:20:00,S001,3.382303400422586,122.14593348291857,19.63488288857841,0,0
2024-01-03 06:00:00,S009,3.538016883919982,118.6893491651042,13.397824390541588,0,0
2024-01-11 01:10:00,S006,2.631181,196.812401,17.821147,1,0
2024-01-04 21:35:00,S008,2.636062,135.547278,21.483073,0,0
2024-01-10 15:20:00,S006,3.051996,135.739097,15.285371,0,0
2024-01-11 06:40:00,S008,2.783676,68.752868,21.845386,1,0
2024-01-12 23:55:00,S003,3.239423,110.848747,18.643607,0,0
2024-01-10 20:55:00,S010,1.801096,151.866407,20.215452,1,0
2024-01-11 17:25:00,S005,3.387846,126.172226,18.438254,0,0
2024-01-18 10:25:00,S003,2.626201,146.723104,14.04101,1,0
2024-01-05 08:55:00,S003,1.14235,148.175471,17.996203,0,1
2024-01-15 23:30:00,S009,3.326244,102.054672,16.521058,0,0
2024-01-12 20:15:00,S007,3.739959,159.156315,18.095229,0,0
2024-01-17 00:55:00,S010,3.337159,118.545963,18.221788,0,0
2024-01-06 06:35:00,S003,3.213314,141.652886,16.39694,0,0
2024-01-05 18:50:00,S009,3.037867,174.552672,12.984776,0,0
2024-01-16 05:05:00,S007,3.224695,139.971175,18.449398,0,0
2024-01-04 13:15:00,S004,2.287361,148.902063,18.865116,0,1
2024-01-10 23:40:00,S001,3.046078,118.170516,21.072905,0,0
2024-01-16 19:25:00,S005,3.255991,94.551286,14.593293,0,0
2024-01-17 15:35:00,S006,2.790215,135.306491,18.093135,0,0
2024-01-04 04:00:00,S004,3.623047717658733,81.9713178970905,23.007660316770284,0,0
2024-01-15 00:30:00,S001,3.353944,117.44377,19.039388,0,0
2024-01-06 19:35:00,S009,3.090731,114.976144,17.264633,0,0
2024-01-07 01:30:00,S002,3.253392,159.642839,12.989074,0,0
2024-01-11 07:30:00,S008,2.989585,109.51205,20.310782,0,0
2024-01-07 00:40:00,S002,3.080695,124.887265,17.335286,0,0
2024-01-06 15:45:00,S001,3.408129,115.2984,17.164693,0,0
2024-01-15 23:55:00,S009,3.269138,91.864608,16.588807,0,0
2024-01-02 11:50:00,S009,1.8476110995436168,220.19404768926228,13.00976526105642,1,0
2024-01-07 06:40:00,S006,2.780663,93.299874,17.130517,0,0
2024-01-13 05:55:00,S002,3.173506,108.748259,15.475152,0,0
2024-01-09 06:55:00,S003,2.264952,128.33182,17.667804,1,0
2024-01-12 19:30:00,S007,3.507587,117.960592,17.588614,0,0
2024-01-13 02:00:00,S008,2.641926,142.496439,14.780073,0,0
2024-01-20 19:30:00,S005,2.909108,99.211437,14.83111,0,0
2024-01-08 17:10:00,S002,3.611704,152.632714,19.921451,0,0
2024-01-15 13:50:00,S008,2.227899,99.456955,17.681711,0,1
2024-01-15 11:10:00,S001,3.244881,124.990904,18.883281,0,0
2024-01-19 13:50:00,S003,2.923257,198.672087,20.360393,1,0
2024-01-21 10:05:00,S009,3.015231,167.590633,15.868574,0,0
2024-01-16 22:10:00,S004,2.658306,177.500084,21.161518,1,0
2024-01-19 11:40:00,S002,3.549592,83.423495,16.575586,0,0
2024-01-07 22:15:00,S002,2.319732,82.936112,14.270565,0,1
2024-01-18 07:50:00,S002,2.903403,159.264544,16.956824,1,0
2024-01-08 17:20:00,S002,3.527223,123.361043,20.262906,0,0
2024-01-04 20:10:00,S006,1.165153,175.518315,15.323124,0,1
2024-01-20 22:45:00,S005,3.393734,145.821484,19.431063,0,0
2024-01-03 20:10:00,S006,2.6167847794131545,193.3172287157101,13.704417504878387,0,0
2024-01-15 03:20:00,S001,3.092112,109.622352,15.965968,0,0
2024-01-16 03:10:00,S007,3.476961,126.751084,13.067595,0,0
2024-01-06 21:25:00,S004,3.161992,75.241325,16.389809,0,0
2024-01-12 04:25:00,S009,1.161865,189.513598,16.697036,0,1
2024-01-01 11:20:00,S008,3.258833018326699,141.71813531519717,10.271652757312609,0,0
2024-01-16 16:55:00,S009,3.259928,145.065424,18.50778,0,0
2024-01-11 03:25:00,S006,2.152229,91.346652,11.307407,1,0
2024-01-19 11:00:00,S010,2.859061,168.413936,19.354869,1,0
2024-01-05 02:20:00,S007,2.867726,133.179673,14.092947,0,0
2024-01-12 22:10:00,S006,2.468593,114.822933,25.024756,1,0
2024-01-04 02:00:00,S005,2.7709863119669547,192.15292655964197,13.281575626163196,0,0
2024-01-10 05:20:00,S001,3.247451,136.272954,18.367378,0,0
2024-01-20 21:45:00,S005,3.781594,165.729277,16.492268,0,0
2024-01-11 01:15:00,S006,2.203589,168.967632,18.808937,1,0
2024-01-03 20:05:00,S007,2.685769040058726,60.58034563894349,23.641442555288148,0,0
2024-01-04 20:35:00,S010,2.506572,133.382459,20.279094,0,0
2024-01-12 20:20:00,S007,3.609024,168.10703,17.608798,0,0
2024-01-09 03:05:00,S010,2.090987,118.611484,18.159703,0,1
2024-01-21 19:10:00,S009,3.564514,152.565254,15.237886,0,0
2024-01-14 01:15:00,S008,3.475604,132.897259,19.642554,0,0
2024-01-05 09:20:00,S005,2.675647,157.904556,17.709773,0,0
2024-01-04 10:30:00,S009,2.5926435794353,160.15250530029437,17.826001282798686,0,0
2024-01-12 05:35:00,S008,3.051893,129.993992,18.07207,0,0
2024-01-07 00:55:00,S002,2.919551,154.130043,19.760469,0,0
2024-01-09 14:25:00,S004,2.585003,75.86991,19.784393,1,0
2024-01-02 05:25:00,S004,3.279078789255906,80.73219112260688,23.16745117228061,0,0
2024-01-19 07:05:00,S009,3.439484,134.868683,14.828326,0,0
2024-01-09 12:45:00,S006,3.13357,131.964326,17.610131,0,0
2024-01-15 14:35:00,S006,3.058193,124.508684,18.062218,0,0
2024-01-06 04:05:00,S005,2.306317,200.269355,22.87791,1,0
2024-01-14 15:10:00,S007,3.189816,95.292587,16.259843,0,0
2024-01-05 06:20:00,S004,3.001923,126.147768,16.59799,1,0
2024-01-21 14:20:00,S009,3.256828,119.571525,20.926542,0,0
2024-01-10 08:05:00,S001,2.981682,139.259428,17.0521,1,0
2024-01-20 17:30:00,S006,2.951227,123.506168,20.588915,0,0
2024-01-01 04:20:00,S008,3.5891370005839924,196.37781191938015,17.74450522451793,0,0
2024-01-11 20:15:00,S001,3.279394,105.228528,15.051962,0,0
2024-01-14 17:00:00,S007,3.317414,126.878858,12.629009,0,0
2024-01-12 12:45:00,S001,3.031167,161.228189,18.476614,0,0
2024-01-13 16:20:00,S006,2.964961,150.631121,17.648182,0,0
2024-01-06 12:25:00,S008,3.045991,119.645672,16.506953,0,0
2024-01-06 03:15:00,S003,3.106734,105.151181,19.735611,0,0
2024-01-06 02:25:00,S003,3.046277,125.071328,19.349309,0,0
2024-01-10 15:30:00,S006,3.043247,110.877439,16.477377,0,0
2024-01-21 18:55:00,S009,3.214284,132.886229,19.257939,0,0
2024-01-08 05:10:00,S007,2.229957,145.967181,16.049332,0,1
2024-01-12 23:30:00,S003,3.07367,142.13262,20.355447,0,0
2024-01-21 12:35:00,S009,3.249111,111.775012,17.374259,0,0
2024-01-11 05:55:00,S003,2.961746,93.851943,18.264434,0,0
2024-01-02 12:20:00,S002,2.9215067483630706,170.5224114945327,23.938420804477808,0,0
2024-01-11 00:30:00,S001,3.126234,98.224622,19.26449,0,0
2024-01-14 11:45:00,S006,3.270082,84.731993,18.365444,0,0
2024-01-06 12:20:00,S008,2.758936,111.315025,18.156326,0,0
2024-01-16 08:05:00,S005,3.303326,143.844028,19.786228,0,0
2024-01-06 12:30:00,S008,3.047877,107.245065,18.661449,0,0
2024-01-12 06:50:00,S001,3.156783,123.880352,17.735682,0,0
2024-01-04 09:05:00,S010,2.583167853555762,174.9551395911605,16.8670739883881,0,0
2024-01-05 07:10:00,S010,3.040446,123.705109,16.439871,0,0
2024-01-09 03:10:00,S010,1.471597,175.532822,15.821545,0,1
2024-01-09 14:05:00,S004,2.026049,115.470729,18.633611,1,0
2024-01-13 11:00:00,S010,3.283597,111.154853,17.382934,0,0
2024-01-18 18:40:00,S010,2.817425,84.301782,15.67023,1,0
2024-01-08 17:55:00,S002,3.457582,165.215091,19.765913,0,0
2024-01-09 17:50:00,S003,3.356026,106.233685,17.236491,0,0
2024-01-06 04:45:00,S008,3.229313,107.137432,20.603592,0,0
2024-01-02 13:25:00,S004,3.6727357950174033,146.6223832213874,10.722790185899443,0,0
2024-01-09 05:25:00,S004,3.613954,111.083307,18.883169,0,0
2024-01-15 07:30:00,S006,2.424486,138.278392,18.206823,1,0
2024-01-09 09:50:00,S001,3.062539,123.023552,20.442188,0,0
2024-01-19 16:50:00,S008,3.039392,160.430934,17.118654,0,0
2024-01-21 16:20:00,S009,3.094164,139.838688,16.085925,0,0
2024-01-06 09:15:00,S002,3.243004,155.458775,17.737345,0,0
2024-01-19 11:10:00,S002,2.660869,137.014686,13.936935,0,0
2024-01-04 23:30:00,S008,3.074648,103.356971,19.336252,0,0
2024-01-20 10:30:00,S005,3.047496,188.533192,17.148916,1,0
2024-01-08 06:20:00,S002,3.570153,91.804926,17.096275,0,0
2024-01-05 13:25:00,S008,3.530006,123.89402,21.32807,0,0
2024-01-07 23:55:00,S005,2.716167,153.966518,21.889927,1,0
2024-01-15 22:50:00,S003,2.049512,89.30716,11.815492,1,0
2024-01-13 21:00:00,S005,3.580775,110.597767,15.717553,0,0
2024-01-11 10:40:00,S003,3.259462,122.3105,15.673295,0,0
2024-01-05 19:05:00,S009,3.392892,161.681131,18.818986,0,0
2024-01-12 06:40:00,S005,2.961169,131.799315,11.394051,1,0
2024-01-02 10:25:00,S006,3.634320420925265,118.7784513322836,14.338671579589818,0,0
2024-01-04 06:25:00,S006,2.9527000837917328,184.96146176133075,19.426104364614844,0,0
2024-01-03 18:45:00,S002,3.473120670842527,112.84546606692864,16.87042924875803,0,0
2024-01-18 01:25:00,S006,3.093828,126.190255,16.683464,0,0
2024-01-20 00:55:00,S003,2.923365,122.396887,15.037842,1,0
2024-01-01 21:20:00,S002,3.2187728164445963,53.84630987096536,15.118717414392346,0,0
2024-01-21 10:30:00,S009,3.317625,139.239454,16.64669,0,0
2024-01-08 18:15:00,S002,3.01175,65.393844,18.973484,0,0
2024-01-03 05:55:00,S009,2.5476677265359866,167.30761538956375,13.601061107313498,0,0
2024-01-07 03:15:00,S004,3.061651,134.878918,19.548769,0,0
2024-01-15 06:05:00,S004,2.965896,177.762205,19.211293,1,0
2024-01-14 15:55:00,S007,3.128605,93.783352,19.65904,0,0
2024-01-19 19:00:00,S009,3.168182,142.320744,19.471454,0,0
2024-01-14 17:05:00,S007,3.237288,133.293583,14.009305,0,0
2024-01-01 02:00:00,S002,3.568405884886663,72.21303949300999,24.966107275734128,0,0
2024-01-04 18:40:00,S004,2.954975,101.169783,16.184882,0,0
2024-01-18 17:55:00,S009,3.172035,156.633477,17.404002,0,0
2024-01-15 11:05:00,S001,3.515936,147.259031,23.125771,0,0
2024-01-01 09:20:00,S006,3.380261677031319,161.81592112764952,16.47489319344519,0,0
2024-01-09 00:35:00,S001,2.571907,117.952426,22.956091,1,0
2024-01-17 03:15:00,S002,2.96106,132.300907,19.260726,0,0
2024-01-01 04:40:00,S005,3.4175811193515284,112.94000936416847,13.715964842517362,0,0
2024-01-05 13:05:00,S008,3.447708,119.699398,17.436165,0,0
2024-01-03 09:55:00,S006,2.828070833359809,58.99149512919624,11.964606144912612,0,0
2024-01-16 03:50:00,S007,3.114051,121.502356,18.456682,0,0
2024-01-05 06:15:00,S004,3.141615,67.123507,22.348555,1,0
2024-01-07 22:35:00,S001,3.238338,85.597882,15.910742,0,0
2024-01-01 23:00:00,S002,3.169528526796463,100.03543242083006,18.70712510075012,0,0
2024-01-15 02:20:00,S010,3.519737,67.251879,15.445915,0,0
2024-01-11 10:35:00,S003,3.011617,88.080023,15.394611,1,0
2024-01-07 08:45:00,S006,3.277505,118.838508,21.347215,0,0
2024-01-03 08:50:00,S006,2.5520090563391,108.78658444158636,20.457455382069707,0,0
2024-01-11 21:35:00,S001,3.051797,136.895354,14.1444,0,0
2024-01-16 01:10:00,S009,3.239222,135.126366,18.753751,0,0
2024-01-04 22:45:00,S008,3.05762,86.981872,19.243512,0,0
2024-01-14 00:40:00,S008,3.518678,70.975277,16.587929,0,0
2024-01-14 03:10:00,S003,2.169011,72.197057,17.514592,1,0
2024-01-11 10:55:00,S003,3.354058,139.091639,22.004441,0,0
2024-01-15 04:40:00,S002,3.123731,109.852182,16.243883,0,0
2024-01-17 18:45:00,S009,3.139661,133.915141,15.884797,0,0
2024-01-05 16:10:00,S009,2.939069,114.59213,14.124037,0,0
2024-01-09 20:30:00,S006,2.670395,177.576378,20.032282,1,0
2024-01-18 02:10:00,S006,3.49103,107.603656,21.65536,0,0
2024-01-10 17:25:00,S006,2.92892,104.391662,16.052946,0,0
2024-01-09 06:40:00,S003,3.011617,114.547163,18.235955,1,0
2024-01-17 13:10:00,S002,3.344182,133.311887,19.064273,0,0
2024-01-15 12:00:00,S001,3.132114,157.795148,15.438418,0,0
2024-01-12 07:05:00,S001,3.141394,147.797172,16.418889,0,0
2024-01-10 01:25:00,S009,2.942843,171.544564,20.99956,0,0
2024-01-12 07:10:00,S001,2.989786,151.291255,16.751835,0,0
2024-01-09 22:05:00,S002,3.230784,126.729189,17.915717,0,0
2024-01-10 13:25:00,S005,3.482038,100.33515,21.363704,0,0
2024-01-18 07:40:00,S002,2.068651,96.485958,16.483755,1,0
2024-01-18 02:30:00,S006,3.337361,89.825064,14.786631,0,0
2024-01-01 06:45:00,S005,2.565101174947259,188.6964995335394,23.78673572917989,0,0
2024-01-07 20:20:00,S001,3.33271,137.302034,17.159783,0,0
2024-01-06 22:50:00,S004,3.195619,123.158944,19.435597,0,0
2024-01-11 21:50:00,S001,2.993668,112.703565,13.893741,0,0
2024-01-13 13:50:00,S009,3.089005,100.580149,15.693479,0,0
2024-01-07 18:10:00,S010,3.102847,114.116627,14.732584,1,0
2024-01-12 12:25:00,S001,3.554466,169.055883,15.001409,0,0
2024-01-15 04:20:00,S003,2.511678,128.035466,20.770129,1,0
2024-01-17 08:25:00,S003,2.708921,104.53114,18.327778,0,0
2024-01-06 14:10:00,S008,3.430805,140.236241,16.762408,0,0
2024-01-17 02:40:00,S008,2.841385,125.528133,18.100511,0,0
2024-01-11 00:50:00,S001,3.029718,112.477981,18.346593,0,0
2024-01-12 06:25:00,S005,2.560378,149.079541,21.816716,1,0
2024-01-21 08:35:00,S009,3.703625,121.925948,19.164922,0,0
2024-01-17 01:25:00,S010,3.123425,86.114801,16.724324,0,0
2024-01-03 07:25:00,S004,2.822806719599789,182.65327256836304,18.391081385910358,0,0
2024-01-08 14:50:00,S010,3.031467,111.313498,18.702894,0,0
2024-01-20 20:50:00,S002,2.835984,168.946684,14.239153,1,0
2024-01-18 17:00:00,S009,3.060185,105.814445,15.829331,0,0
2024-01-04 12:45:00,S008,2.995769,128.45514,15.360204,0,0
2024-01-02 22:25:00,S009,3.303484899021368,175.4176554810873,22.32082544351041,0,0
2024-01-16 06:30:00,S005,3.185472,128.782957,14.40617,0,0
2024-01-21 00:30:00,S009,2.676862,156.564015,16.844647,0,0
2024-01-05 04:35:00,S007,1.959048,140.172578,19.899203,0,1
2024-01-14 04:50:00,S008,3.045308,125.873219,15.375779,0,0
2024-01-11 12:00:00,S003,3.282453,95.397328,16.826741,0,0
2024-01-06 05:50:00,S009,2.213585,116.767236,21.303004,0,1
2024-01-18 18:10:00,S009,3.219626,138.426522,18.73927,0,0
2024-01-20 06:25:00,S001,2.513113,135.823775,20.251231,1,0
2024-01-15 14:05:00,S008,2.227899,243.18336,17.844492,0,1
2024-01-16 20:35:00,S005,1.035164,83.274035,15.754452,0,1
2024-01-01 22:10:00,S008,3.030132068954077,85.5305838461723,21.70788272865793,0,0
2024-01-10 08:00:00,S001,2.386636,110.679421,14.12389,1,0
2024-01-19 23:10:00,S010,3.240331,121.74827,18.644328,0,0
2024-01-08 07:55:00,S004,2.596996,76.884477,15.643547,0,0
2024-01-11 05:15:00,S003,2.966182,74.542699,14.106029,0,0
2024-01-07 15:05:00,S003,3.194991,143.950175,16.538659,0,0
2024-01-11 18:45:00,S004,2.341615,114.703676,17.493526,0,1
2024-01-14 13:15:00,S006,3.230885,107.971866,15.38863,0,0
2024-01-14 17:15:00,S005,2.366489,83.274035,16.635358,0,1
2024-01-15 17:00:00,S008,3.489226,134.844708,15.245424,0,0
2024-01-13 09:30:00,S002,3.838165,130.998893,15.267781,0,0
2024-01-17 17:55:00,S009,2.677163,164.900161,17.838683,0,0
2024-01-12 04:05:00,S009,1.109723,137.623113,17.046154,0,1
2024-01-07 04:40:00,S004,3.437169,118.148865,15.149912,0,0
2024-01-05 07:05:00,S010,3.419895,159.772034,17.893299,0,0
2024-01-18 07:55:00,S004,2.92489,162.616028,14.372157,0,0
2024-01-17 07:40:00,S002,3.155614,119.178622,17.513573,0,0
2024-01-15 14:00:00,S008,1.962286,261.48451,16.098289,0,1
2024-01-17 21:25:00,S005,3.553397,124.778133,15.7794,0,0
2024-01-21 13:20:00,S009,3.377687,120.050644,17.477466,0,0
2024-01-08 14:10:00,S010,3.335907,114.368364,15.167904,0,0
2024-01-12 23:15:00,S003,3.20078,126.425292,17.861687,0,0
2024-01-04 03:40:00,S009,3.171327782659093,159.50025816212923,15.366321449405714,0,0
2024-01-15 23:50:00,S009,3.211173,103.445077,17.374045,0,0
2024-01-05 12:35:00,S008,2.928653,82.065345,20.461558,0,0
2024-01-20 10:45:00,S003,3.064836,158.454416,18.965001,0,0
2024-01-06 15:35:00,S001,2.980132,116.803676,17.09763,0,0
2024-01-06 06:50:00,S003,3.275527,131.908025,10.0,0,0
2024-01-03 21:35:00,S001,2.74254182991098,194.8748479577499,13.086915654841324,0,0
2024-01-02 05:50:00,S008,3.280285784877332,117.14044104803254,18.36730287893802,0,0
2024-01-01 11:30:00,S010,2.6033823090508283,61.598159823318085,11.563704490777145,0,0
2024-01-02 00:55:00,S005,3.702305667824485,193.936496648155,17.317810658895436,0,0
2024-01-06 09:40:00,S002,3.291124,164.554806,14.174549,0,0
2024-01-04 11:35:00,S005,2.283527,146.025694,12.241629,1,0
2024-01-02 07:50:00,S003,2.9016650132325013,168.3741269883097,18.600240184528268,0,0
2024-01-15 13:30:00,S003,3.082937,93.391602,19.41472,0,0
2024-01-03 15:25:00,S006,3.819402245067643,186.05629406225327,24.8729916374108,0,0
2024-01-20 20:45:00,S002,3.031975,171.220681,17.549857,1,0
2024-01-11 06:10:00,S003,2.95073,96.379881,15.497777,0,0
2024-01-15 11:50:00,S001,3.134294,100.557961,19.222687,0,0
2024-01-17 19:55:00,S009,3.275625,127.30038,16.912825,0,0
2024-01-16 09:55:00,S002,3.17316,113.857537,14.180713,0,0
2024-01-05 20:50:00,S002,2.319732,254.942451,15.623617,0,1
2024-01-11 04:45:00,S003,3.374665,100.453236,14.85546,0,0
2024-01-21 06:55:00,S009,3.185115,103.474873,18.745651,0,0
2024-01-07 17:00:00,S008,2.993556,103.559424,18.820327,0,0
2024-01-12 03:30:00,S007,3.040956,148.378086,18.659628,0,0
2024-01-11 01:25:00,S006,2.056006,166.73879,12.895703,1,0
2024-01-20 07:55:00,S002,3.187709,127.038765,20.194102,0,0
2024-01-18 20:35:00,S006,3.099598,123.700918,17.898518,0,0
2024-01-10 19:35:00,S002,2.700758,135.92207,15.125082,0,0
2024-01-14 10:30:00,S008,3.50984,93.188866,17.676974,0,0
2024-01-10 13:35:00,S001,2.274908,87.704286,15.93847,0,1
2024-01-01 04:50:00,S005,3.211260743630988,64.67512409765023,17.374238126752484,0,0
2024-01-01 06:20:00,S001,3.820539952957625,85.50277905231181,23.6154055952282,0,0
2024-01-03 18:20:00,S006,3.024694092711388,179.3744761102378,13.496092178362524,0,0
2024-01-09 09:20:00,S001,2.78142,119.837756,14.670464,0,0
2024-01-11 08:45:00,S008,3.46319,170.262967,17.595228,0,0
2024-01-16 05:35:00,S006,2.547553,139.265166,23.179783,1,0
2024-01-03 17:25:00,S003,3.934437822270042,106.50146606441936,15.088609917607544,0,0
2024-01-18 10:05:00,S004,3.330838,163.896703,18.372199,0,0
2024-01-18 14:15:00,S001,3.056148,165.68215,15.588178,0,0
2024-01-08 16:45:00,S008,2.790666,172.304946,17.212013,1,0
2024-01-19 11:25:00,S002,3.187822,111.128137,13.712352,0,0
2024-01-18 11:00:00,S003,2.591053,169.113255,16.630164,1,0
2024-01-13 04:00:00,S009,2.8088,124.277484,16.026175,0,0
2024-01-12 16:50:00,S006,3.120802,104.047593,17.850495,0,0
2024-01-14 19:50:00,S002,2.745129,176.220798,19.380774,1,0
2024-01-17 01:40:00,S005,2.03391,166.173676,14.606941,0,1
2024-01-04 03:50:00,S007,3.691273517975776,143.78241875471574,24.06459669936853,0,0
2024-01-08 13:00:00,S004,3.081692,98.684632,21.922192,0,0
2024-01-13 05:10:00,S005,2.366489,167.154024,17.417488,0,1
2024-01-09 00:25:00,S001,2.675612,123.170414,16.35127,1,0
2024-01-21 11:10:00,S009,3.541263,134.504488,15.34727,0,0
2024-01-05 08:45:00,S003,2.074111,155.568634,18.368959,0,1
2024-01-09 15:55:00,S007,2.461999,127.08766,15.541879,1,0
2024-01-16 16:40:00,S009,3.038184,142.739959,16.033546,0,0
2024-01-17 23:05:00,S003,2.864778,153.530475,15.590719,0,0
2024-01-05 02:10:00,S007,3.261778,165.131678,18.122935,0,0
2024-01-16 16:05:00,S009,3.057798,143.861957,20.390408,0,0
2024-01-18 00:10:00,S003,3.106754,94.295538,19.642973,0,0
2024-01-02 12:50:00,S009,3.6229678511893,97.6380192891675,10.00202039506728,0,0
2024-01-15 02:50:00,S001,2.505068,139.951491,15.610767,0,0
2024-01-11 13:10:00,S003,2.92421,123.944363,19.551953,0,0
2024-01-12 10:40:00,S005,3.597129,83.075371,14.814712,0,0
2024-01-20 20:35:00,S005,3.096507,138.236465,18.206307,0,0
2024-01-04 15:50:00,S004,2.716314,77.137054,16.857777,1,0
2024-01-10 06:25:00,S008,2.696343,177.580498,22.691785,0,0
2024-01-16 23:00:00,S010,3.031485,126.097366,16.88474,0,0
2024-01-11 13:40:00,S002,2.234673,92.562771,17.934641,1,0
2024-01-05 21:55:00,S005,3.309733,115.638884,16.834967,0,0
2024-01-09 05:40:00,S004,3.431639,132.983779,17.71893,0,0
2024-01-15 17:05:00,S008,3.283271,146.001265,16.752281,0,0
2024-01-11 07:40:00,S008,3.346988,77.824968,20.0062,0,0
2024-01-19 20:20:00,S009,2.866165,150.433235,17.135671,0,0
2024-01-13 19:05:00,S002,3.51031,126.211157,17.658417,0,0
2024-01-18 22:30:00,S009,3.110931,128.721165,15.333734,0,0
2024-01-06 05:10:00,S008,3.239426,130.12825,14.950563,0,0
2024-01-17 07:50:00,S008,2.929119,171.300651,17.909123,1,0
2024-01-14 08:20:00,S008,3.22026,136.431491,19.266741,0,0
2024-01-07 23:35:00,S001,3.010954,139.657251,15.642592,0,0
2024-01-19 06:00:00,S009,3.751584,152.764822,14.215735,0,0
2024-01-19 05:55:00,S009,3.36757,169.963951,15.052759,0,0
2024-01-10 22:15:00,S003,3.011617,140.869401,18.083456,1,0
2024-01-17 19:00:00,S009,3.471999,139.275645,17.140552,0,0
2024-01-16 17:35:00,S002,1.518855,130.597097,18.877277,0,1
2024-01-13 00:40:00,S003,3.001618,137.098857,17.190408,0,0
2024-01-01 00:30:00,S005,2.8463407384332235,86.15381990390176,20.248952782381878,0,0
2024-01-09 15:15:00,S010,3.163151,122.150292,17.667354,0,0
2024-01-03 08:30:00,S004,3.175087959139338,100.61814184463437,23.060326831861587,0,0
2024-01-07 17:55:00,S008,2.920192,106.876252,18.416352,0,0
2024-01-13 21:40:00,S005,3.44635,149.490025,18.673491,0,0
2024-01-20 04:00:00,S009,3.258617,128.539888,14.317003,0,0
2024-01-20 14:15:00,S006,3.568465,113.388555,19.122429,0,0
2024-01-16 23:30:00,S010,3.065519,132.786507,19.498875,0,0
2024-01-10 01:15:00,S009,3.075944,122.845291,15.212957,0,0
2024-01-17 04:20:00,S002,3.235685,127.108725,17.377807,0,0
2024-01-20 03:40:00,S009,2.870799,129.20745,18.636142,0,0
2024-01-04 16:40:00,S005,3.54822,122.152896,21.038071,0,0
2024-01-13 23:00:00,S005,3.342637,98.131093,19.420879,0,0
2024-01-08 18:50:00,S002,3.195331,104.731112,16.930623,0,0
2024-01-06 02:50:00,S003,3.340602,119.203784,19.574051,0,0
2024-01-16 10:45:00,S003,2.890231,125.225308,19.431641,0,0
2024-01-07 13:25:00,S003,2.941517,134.085062,20.57099,0,0
2024-01-12 23:50:00,S003,3.262265,138.059986,20.394566,0,0
2024-01-08 00:25:00,S005,2.651924,75.978006,19.420799,1,0
2024-01-19 04:15:00,S005,2.410546,96.609771,22.96834,1,0
2024-01-15 19:50:00,S010,3.182265,159.361974,15.820248,0,0
2024-01-10 05:30:00,S001,3.487789,130.818473,13.933022,0,0
2024-01-09 13:35:00,S006,2.885596,109.322886,17.674148,0,0
2024-01-10 13:15:00,S005,3.265522,102.025104,17.821498,0,0
2024-01-04 22:10:00,S008,3.590911,124.599403,17.521905,0,0
2024-01-06 01:45:00,S003,2.954987,177.418208,17.866298,0,0
2024-01-17 06:45:00,S002,3.424243,99.721309,19.002216,0,0
2024-01-19 20:30:00,S009,3.399515,148.762641,17.168754,0,0
2024-01-12 11:40:00,S001,2.772822,159.284075,14.158836,0,0
2024-01-12 07:40:00,S001,3.228661,128.730029,16.07796,0,0
2024-01-01 18:30:00,S008,3.921025693946558,143.79569903209216,21.751340889124226,0,0
2024-01-20 07:30:00,S002,3.331446,106.07156,15.084896,0,0
2024-01-01 04:00:00,S007,2.541425157810557,136.8297343261338,16.577111845271304,0,0
2024-01-02 23:45:00,S005,3.541961438340592,82.80734194968909,18.929548988912337,0,0
2024-01-05 07:00:00,S010,3.24289,135.262433,15.61667,0,0
2024-01-16 20:05:00,S005,2.366489,190.540392,22.306332,0,1
2024-01-21 04:35:00,S009,2.941692,107.415772,18.541638,0,0
2024-01-19 17:05:00,S008,2.832414,111.117085,14.141472,0,0
2024-01-08 22:10:00,S009,3.068949,109.781675,16.020436,0,0
2024-01-15 03:50:00,S001,2.879262,172.685028,17.027291,0,0
2024-01-01 22:15:00,S007,3.5013248489372057,64.33029707520022,19.3578898701486,0,0
2024-01-04 20:00:00,S006,2.236681,110.982359,15.950094,0,1
2024-01-09 00:05:00,S009,3.496369,120.577696,12.693713,0,0
2024-01-18 18:25:00,S010,2.769931,140.484346,18.986453,1,0
2024-01-07 17:15:00,S008,3.19062,149.655647,15.333962,0,0
2024-01-02 08:10:00,S008,3.922162480257163,116.78691684271824,21.832033958580396,0,0
2024-01-06 21:45:00,S004,3.358543,137.498295,18.781724,0,0
2024-01-06 15:40:00,S001,3.380035,159.311535,18.408823,0,0
2024-01-12 02:40:00,S007,3.267601,134.875468,15.118663,0,0
2024-01-10 10:10:00,S007,3.183547,104.639865,17.609207,0,0
2024-01-11 08:50:00,S008,3.626623,141.526812,16.092646,0,0
2024-01-19 05:05:00,S007,3.47232,110.013252,18.18282,0,0
2024-01-06 10:15:00,S002,3.028891,153.743293,16.672241,0,0
2024-01-13 10:10:00,S010,3.667898,136.012186,13.093098,0,0
2024-01-01 17:25:00,S001,2.9811141106571912,158.66340089211755,21.187555180464464,0,0
2024-01-04 03:45:00,S002,2.954829675766376,194.9837659070816,24.170610725087226,0,0
2024-01-05 11:25:00,S008,3.332007,162.707413,20.802765,0,0
2024-01-16 17:20:00,S002,1.317276,215.647241,21.409544,0,1
2024-01-18 04:40:00,S004,3.098414,121.588967,17.387697,0,0
2024-01-07 09:30:00,S003,3.55495,118.201415,14.956349,0,0
2024-01-09 16:05:00,S007,2.62595,151.319399,15.474915,1,0
2024-01-18 00:40:00,S003,2.127389,147.389127,17.786036,1,0
2024-01-16 00:15:00,S009,3.484133,73.82946,16.806855,0,0
2024-01-04 07:50:00,S009,3.815680701493432,86.47699703963389,18.258559518120464,0,0
2024-01-07 05:25:00,S006,3.24013,92.744645,20.890467,0,0
2024-01-08 06:00:00,S002,3.429659,77.489116,18.818813,0,0
2024-01-10 09:10:00,S007,3.265691,135.287274,15.603797,0,0
2024-01-02 03:35:00,S006,2.814762992284614,173.76960014991727,17.80444865377981,0,0
2024-01-12 13:50:00,S006,2.52764,142.337881,13.990183,1,0
2024-01-14 11:25:00,S006,2.878057,135.847379,21.454906,0,0
2024-01-11 09:15:00,S008,3.192694,100.069728,16.220276,0,0
2024-01-09 12:55:00,S006,3.284209,135.173483,18.040708,0,0
2024-01-07 03:50:00,S004,3.537361,110.576372,17.629363,0,0
2024-01-15 14:55:00,S006,3.400378,108.398541,20.217565,0,0
2024-01-17 11:05:00,S003,3.141694,160.990958,18.343739,0,0
2024-01-15 09:55:00,S001,3.358705,153.874683,15.905804,0,0
2024-01-15 10:55:00,S001,3.125892,149.398988,19.564562,0,0
2024-01-17 21:35:00,S005,3.525026,147.669141,18.958371,0,0
2024-01-19 08:50:00,S009,3.199125,114.617757,15.057497,0,0
2024-01-14 01:45:00,S010,2.548713,195.392875,21.446489,1,0
2024-01-10 18:05:00,S006,3.079602,139.652517,20.122355,0,0
2024-01-06 22:30:00,S004,3.204737,115.502513,18.603241,0,0
2024-01-16 21:35:00,S008,3.511947,151.155071,17.721159,0,0
2024-01-09 14:30:00,S010,3.062287,127.639437,19.827228,0,0
2024-01-05 17:50:00,S009,3.729987,128.164645,17.134751,0,0
2024-01-01 14:25:00,S009,3.91608900952992,55.914021705275886,20.58362758773533,0,0
2024-01-15 00:35:00,S001,3.239051,113.831374,15.544198,0,0
2024-01-16 08:15:00,S004,3.007935,133.688473,18.865596,1,0
2024-01-16 10:15:00,S001,3.074908,144.178122,12.375384,1,0
2024-01-21 19:45:00,S009,3.340565,127.22927,16.357651,0,0
2024-01-15 05:00:00,S002,3.209794,97.280257,19.247258,0,0
2024-01-07 18:40:00,S010,2.028993,165.072136,10.193038,1,0
2024-01-12 02:55:00,S007,3.169921,114.498011,14.236414,0,0
2024-01-12 15:25:00,S002,2.100083,142.432098,13.155621,0,1
2024-01-08 01:40:00,S003,1.272279,188.610595,20.870648,0,1
2024-01-14 11:10:00,S001,2.274908,90.289266,20.247855,0,1
2024-01-16 06:40:00,S005,3.206153,139.42602,16.156424,0,0
2024-01-01 01:30:00,S004,3.914280355836972,139.8298199732804,20.42177399559557,0,0
2024-01-01 00:00:00,S007,3.694814480290349,77.51521847992457,21.69536500409154,0,0
2024-01-08 13:10:00,S004,3.063566,119.662888,19.9281,0,0
2024-01-05 17:00:00,S009,3.358846,138.961666,17.458232,0,0
2024-01-20 08:40:00,S009,2.884555,105.011089,21.709166,1,0
2024-01-17 13:40:00,S002,3.325295,112.261048,18.591666,0,0
2024-01-11 23:15:00,S005,3.249736,132.606347,17.270871,0,0
2024-01-02 09:00:00,S010,3.932590767227484,173.17974238253396,10.023476577872094,0,0
2024-01-16 15:35:00,S009,3.204366,139.739776,16.215837,0,0
2024-01-12 14:25:00,S005,3.039542,139.053716,15.72442,0,0
2024-01-07 07:00:00,S006,3.211914,102.647092,20.509966,0,0
2024-01-14 12:40:00,S006,3.428081,118.775135,18.631958,0,0
2024-01-16 02:25:00,S006,2.607333,171.076856,16.938644,1,0
2024-01-03 20:00:00,S001,2.971943363402798,151.10263023259512,22.664722962285737,0,0
2024-01-06 11:00:00,S004,3.141615,161.478021,15.421698,1,0
2024-01-17 10:10:00,S003,3.475953,128.594873,21.028203,0,0
2024-01-07 06:00:00,S006,3.419073,112.159802,19.417446,0,0
2024-01-08 22:00:00,S010,2.992452,190.070167,17.482419,1,0
2024-01-18 13:30:00,S008,2.563899,197.30497,14.142003,1,0
2024-01-21 05:05:00,S009,2.856479,145.66161,15.382466,0,0
2024-01-14 13:50:00,S006,3.195699,114.397118,19.262496,0,0
2024-01-16 17:55:00,S005,3.21997,159.577924,15.866532,0,0
2024-01-18 20:40:00,S006,2.830009,122.597701,15.065329,0,0
2024-01-18 22:55:00,S009,3.28384,109.914857,13.715549,0,0
2024-01-16 06:15:00,S005,3.483375,138.395182,16.04914,0,0
2024-01-15 10:15:00,S001,3.2215,125.739834,18.48506,0,0
2024-01-14 07:35:00,S008,2.970482,122.029719,18.25935,0,0
2024-01-17 10:15:00,S003,3.288326,111.801979,19.153838,0,0
2024-01-19 12:45:00,S002,3.346208,150.21242,22.237908,0,0
2024-01-02 22:10:00,S007,2.714262947221498,153.81104705365533,13.09378170754229,0,0
2024-01-05 00:35:00,S007,3.315836,122.905863,13.86192,0,0
2024-01-05 05:05:00,S003,2.605756,114.585066,19.419922,0,0
2024-01-15 00:00:00,S001,3.596093,112.243829,17.89166,0,0
2024-01-05 14:25:00,S006,1.525236,167.573221,17.149741,0,1
2024-01-12 09:50:00,S005,3.161296,96.484113,14.625201,0,0
2024-01-12 15:05:00,S005,3.675742,131.418945,16.60585,0,0
2024-01-03 10:20:00,S010,3.32004449244451,175.97305283052327,11.912285202103693,0,0
2024-01-10 09:00:00,S007,3.084371,122.975266,17.352201,0,0
2024-01-15 21:45:00,S010,2.982068,140.945742,22.451314,0,0
2024-01-07 09:55:00,S003,3.250423,128.147283,15.654209,0,0
2024-01-16 07:10:00,S005,3.414466,117.705172,15.761738,0,0
2024-01-20 13:30:00,S006,3.308511,120.946603,17.147182,0,0
2024-01-06 01:15:00,S003,3.046587,158.190188,19.562402,0,0
2024-01-18 10:15:00,S004,3.432099,123.755321,19.897955,0,0
2024-01-20 11:50:00,S003,3.366172,149.786842,17.441384,0,0
2024-01-15 07:55:00,S007,3.047938,117.679293,18.479425,0,0
2024-01-04 00:10:00,S008,3.625229844147269,118.52267068342027,22.68501023648157,0,0
2024-01-16 22:00:00,S004,3.050233,132.078289,14.745653,1,0
2024-01-06 17:00:00,S001,3.472807,100.144143,21.07252,0,0
2024-01-08 10:20:00,S002,3.296397,103.414269,15.433119,0,0
2024-01-16 11:55:00,S008,3.027899,166.927993,17.840313,1,0
2024-01-14 20:20:00,S007,3.473011,166.408507,16.690752,0,0
2024-01-06 04:10:00,S005,2.813094,188.735172,20.28535,1,0
2024-01-20 02:50:00,S003,3.281767,137.306925,15.589034,0,0
2024-01-03 12:45:00,S001,2.7438069812030617,151.3431964397365,10.571294508989787,0,0
2024-01-16 21:50:00,S008,3.429174,174.895913,22.915455,0,0
2024-01-13 03:35:00,S006,2.248512,144.998865,15.837121,1,0
2024-01-10 02:20:00,S009,3.240382,161.718829,16.809971,0,0
2024-01-07 17:20:00,S008,3.14767,133.805325,19.382037,0,0
2024-01-20 06:35:00,S001,2.170097,92.824471,19.101717,1,0
2024-01-04 20:30:00,S006,2.236681,123.657397,18.560555,0,1
2024-01-17 21:50:00,S005,3.491382,131.632126,18.814313,0,0
2024-01-19 14:40:00,S006,2.718259,135.627328,14.505537,0,0
2024-01-09 07:30:00,S005,3.0509,97.270662,12.792252,0,0
2024-01-05 02:45:00,S007,2.860321,147.170765,22.660077,0,0
2024-01-07 23:15:00,S001,3.24205,104.064823,21.192572,0,0
2024-01-01 16:05:00,S006,3.016029765871524,79.91798957540051,23.417198964521013,1,0
2024-01-06 06:15:00,S003,2.561584,131.593198,16.372823,0,0
2024-01-03 00:10:00,S001,2.43783048876936,75.79146619708948,11.423769052325046,1,0
2024-01-08 08:55:00,S004,3.066504,123.946993,22.164104,0,0
2024-01-05 23:05:00,S005,3.456167,135.803859,16.334719,0,0
2024-01-03 16:15:00,S003,3.4174696290849886,94.3621343892531,13.836155523224503,0,0
2024-01-19 01:45:00,S010,3.331259,121.876675,17.856994,0,0
2024-01-09 07:35:00,S005,3.068591,121.106838,11.310022,0,0
2024-01-21 15:05:00,S009,3.329797,100.701677,15.788435,0,0
2024-01-07 09:50:00,S003,3.116301,104.647938,15.095517,0,0
2024-01-01 10:55:00,S001,2.550298652103669,135.48345273069748,21.43688028611036,0,0
2024-01-01 14:50:00,S008,3.309236938563006,168.60847472584453,14.781287543981048,0,0
2024-01-19 14:15:00,S003,2.856403,150.16144,14.666912,1,0
2024-01-14 05:25:00,S008,3.071153,100.974994,17.628539,0,0
2024-01-13 09:15:00,S002,3.263735,109.041367,16.250827,0,0
2024-01-09 23:00:00,S002,3.061379,109.884107,19.46037,0,0
2024-01-13 14:05:00,S005,2.366489,140.39081,14.405394,0,1
2024-01-15 20:35:00,S010,3.072304,139.382671,18.194298,0,0
2024-01-10 05:00:00,S001,3.099137,106.665683,19.182905,0,0
2024-01-15 15:35:00,S006,3.152184,100.388415,19.420332,0,0
2024-01-08 04:45:00,S009,3.183242,134.866665,17.554102,0,0
2024-01-03 06:50:00,S005,2.6051622094618856,109.28889731467368,12.726683008260428,0,0
2024-01-07 14:00:00,S003,3.47493,107.571461,16.972361,0,0
2024-01-16 07:35:00,S005,3.344217,125.878538,17.429367,0,0
2024-01-15 02:35:00,S008,2.227899,199.450034,18.479802,0,1
2024-01-08 17:05:00,S002,3.483802,142.582067,19.331458,0,0
2024-01-20 17:10:00,S006,3.187145,146.471842,16.550885,0,0
2024-01-09 06:15:00,S004,2.995093,115.141842,19.019358,0,0
2024-01-06 00:35:00,S002,1.957749,131.316277,15.220115,1,0
2024-01-02 04:30:00,S010,3.767184154429032,90.220853014327,12.34572706605172,0,0
2024-01-13 12:20:00,S009,2.741228,128.275385,17.270289,0,0
2024-01-09 18:35:00,S003,3.227978,146.793523,16.746149,0,0
2024-01-03 12:35:00,S006,3.1830747032209112,112.24406541195208,20.95738716223449,0,0
2024-01-17 09:30:00,S003,2.935358,114.173928,17.004088,0,0
2024-01-04 09:20:00,S006,3.0035236009642627,136.18732963278194,17.721763523997016,0,0
2024-01-13 13:10:00,S009,2.877502,147.639898,19.564693,0,0
2024-01-15 10:45:00,S001,3.294828,108.070708,16.717197,0,0
2024-01-07 16:40:00,S008,3.150001,112.182377,19.006987,0,0
2024-01-13 19:50:00,S006,1.572229,183.938721,16.428213,0,1
2024-01-21 00:00:00,S004,1.91854,136.145869,16.088496,1,0
2024-01-05 12:15:00,S008,3.198542,134.558523,15.54022,0,0
2024-01-15 11:45:00,S001,3.247113,141.997259,19.248983,0,0
2024-01-20 03:00:00,S003,3.454372,155.031451,16.698947,0,0
2024-01-03 07:00:00,S008,3.953011908361536,89.35144501714186,14.695752175947202,0,0
2024-01-07 05:10:00,S001,2.272673,108.540852,18.512513,1,0
2024-01-12 18:30:00,S007,2.654598,135.67408,22.532482,1,0
2024-01-21 14:25:00,S009,3.332376,129.840872,22.075003,0,0
2024-01-02 17:05:00,S009,3.38564663473404,59.1996433464924,15.432643821980925,0,0
2024-01-11 19:20:00,S001,3.033161,125.886262,19.582083,0,0
2024-01-18 00:30:00,S003,3.011617,119.740578,15.460834,1,0
2024-01-18 07:45:00,S002,2.310713,154.068016,14.270977,1,0
2024-01-14 06:50:00,S008,2.790148,146.697753,20.6109,0,0
2024-01-20 04:10:00,S009,3.00494,138.579496,17.729657,0,0
2024-01-04 18:25:00,S008,2.085395,223.903189,15.244143,0,1
2024-01-20 15:50:00,S006,3.182725,100.73243,18.591733,0,0
2024-01-03 09:50:00,S009,2.527579213227396,119.6100034106757,24.14592846110457,0,0
2024-01-05 10:30:00,S005,3.460756,83.916479,20.584287,0,0
2024-01-15 16:25:00,S008,2.904009,125.059003,14.903852,0,0
2024-01-06 15:05:00,S006,2.479445,158.23837,17.775045,1,0
2024-01-09 21:25:00,S002,3.440322,105.032591,19.177341,0,0
2024-01-19 00:00:00,S003,2.121757,103.263352,18.75342,1,0
2024-01-14 22:00:00,S009,3.307708,96.162536,18.239152,0,0
2024-01-01 05:35:00,S003,3.98575771300101,111.89265153671396,15.580271286891747,0,0
2024-01-15 04:10:00,S003,2.901344,162.104099,15.781307,1,0
2024-01-17 19:05:00,S009,3.41585,144.720879,19.480374,0,0
2024-01-08 21:05:00,S008,2.911355,109.654447,17.445679,0,0
2024-01-21 01:35:00,S009,3.08365,109.37012,17.891662,0,0
2024-01-17 09:45:00,S003,2.973412,99.987616,19.221861,0,0
2024-01-03 20:20:00,S009,3.704471951963656,197.1190708121877,19.08889293121371,0,0
2024-01-05 06:10:00,S003,3.040754,129.38546,13.435602,0,0
2024-01-06 19:45:00,S009,3.204941,118.026641,17.000574,0,0
2024-01-18 09:35:00,S004,3.243503,133.138869,16.128756,0,0
2024-01-10 22:55:00,S003,2.358786,122.872562,18.969504,1,0
2024-01-16 04:40:00,S007,3.059188,125.280175,14.307863,0,0
2024-01-09 05:15:00,S004,3.631221,98.119459,19.471078,0,0
2024-01-14 23:25:00,S003,2.734213,168.069067,21.472745,1,0
2024-01-14 14:45:00,S007,3.01391,85.521253,17.686615,0,0
2024-01-09 17:20:00,S003,3.027541,123.332527,20.30137,0,0
2024-01-10 10:55:00,S007,3.31811,133.621947,14.108297,0,0
2024-01-19 13:15:00,S002,3.287653,139.141104,16.038922,0,0
2024-01-19 22:15:00,S009,3.091214,154.490312,20.33659,1,0
2024-01-16 09:30:00,S002,3.413155,135.923703,16.952024,0,0
2024-01-04 23:15:00,S008,2.894903,117.795874,15.304041,0,0
2024-01-02 09:05:00,S007,2.5608381063170222,180.7396590932346,13.850413424650688,0,0
2024-01-03 17:30:00,S008,3.7185860862792266,62.36089577929223,18.99951787391599,0,0
2024-01-18 20:15:00,S006,2.957103,97.833186,20.900791,0,0
2024-01-14 13:35:00,S006,3.514984,75.494183,16.793254,0,0
2024-01-05 20:30:00,S002,2.319732,136.41265,18.501006,0,1
2024-01-06 18:15:00,S009,2.866699,94.416825,16.378458,0,0
2024-01-20 21:55:00,S005,3.417336,122.830266,17.963829,0,0
2024-01-08 17:00:00,S002,3.663341,140.887514,18.441957,0,0
2024-01-04 09:35:00,S004,3.524006728694139,144.31010225899894,13.99152052805963,0,0
2024-01-09 02:15:00,S009,3.171219,164.071111,13.127821,0,0
2024-01-05 12:10:00,S008,3.406339,107.957953,18.755928,0,0
2024-01-19 19:35:00,S009,3.032678,112.638058,17.341956,0,0
2024-01-01 06:50:00,S009,3.2846467662552232,144.40979572028937,20.436230334769256,0,0
2024-01-11 18:20:00,S005,3.475033,131.332545,18.2846,0,0
2024-01-13 02:05:00,S008,2.967186,151.024995,15.248347,0,0
2024-01-17 15:25:00,S006,3.12605,93.911306,19.934636,0,0
2024-01-16 17:25:00,S002,1.194252,172.312591,18.92727,0,1
2024-01-20 13:25:00,S006,3.004124,120.912851,16.436839,0,0
2024-01-20 03:30:00,S007,2.369792,68.747375,17.068701,1,0
2024-01-11 01:55:00,S006,2.407444,159.381011,21.485841,1,0
2024-01-02 11:15:00,S010,2.972543557327522,88.06667649980365,16.940134075980904,1,0
2024-01-19 00:25:00,S010,3.572982,155.766367,16.154023,0,0
2024-01-07 14:40:00,S003,3.468362,141.395441,20.171459,0,0
2024-01-19 21:15:00,S006,3.036681,127.578737,18.381627,1,0
2024-01-06 07:30:00,S003,3.261939,99.880413,20.389464,0,0
2024-01-15 18:15:00,S008,3.131839,117.193152,20.087557,0,0
2024-01-06 10:25:00,S002,3.218003,141.747119,18.505801,0,0
2024-01-16 09:40:00,S002,3.307205,145.55152,15.450135,0,0
2024-01-10 13:05:00,S005,3.540949,132.655704,18.211833,0,0
2024-01-03 21:55:00,S005,3.808938828228845,63.0663934192151,17.310766625080642,0,0
2024-01-02 17:40:00,S005,2.653773946099712,127.07816963101516,17.63335833386584,0,0
2024-01-14 23:50:00,S001,3.517693,148.488015,19.537351,0,0
2024-01-01 11:45:00,S004,3.6816848330717376,140.55822975952083,11.714009500835315,0,0
2024-01-18 04:25:00,S004,2.978626,120.919617,16.049872,0,0
2024-01-10 01:05:00,S009,2.682962,129.044336,15.812719,0,0
2024-01-13 04:05:00,S009,2.978898,138.635387,18.776087,0,0
2024-01-05 18:45:00,S009,3.612131,141.154,14.224952,0,0
2024-01-17 04:25:00,S002,3.239786,128.682802,17.02669,0,0
2024-01-21 10:10:00,S009,3.194853,136.55774,15.672597,0,0
2024-01-08 20:50:00,S008,2.99771,130.156281,14.933473,0,0
2024-01-19 13:00:00,S002,3.343803,118.763932,20.749653,0,0
2024-01-04 22:50:00,S008,3.175791,100.806613,14.896652,0,0
2024-01-08 20:05:00,S008,3.161554,106.404759,15.174761,0,0
2024-01-19 21:45:00,S003,2.729513,119.743499,15.843306,0,0
2024-01-07 04:55:00,S001,2.628698,165.83621,20.531719,1,0
2024-01-13 14:50:00,S006,3.041832,111.739904,19.014914,0,0
2024-01-02 21:50:00,S010,3.411629024643479,86.80284712493166,10.865982388376755,0,0
2024-01-02 14:15:00,S001,3.2819440714812087,196.40207349188205,11.8832532214398,0,0
2024-01-08 00:15:00,S005,1.954848,140.551205,18.400222,1,0
2024-01-04 07:00:00,S009,3.8985222124505663,178.73101864655447,12.559016869324664,0,0
2024-01-12 04:10:00,S009,1.259875,180.062819,19.930271,0,1
2024-01-18 23:40:00,S003,2.245614,138.802091,13.587108,1,0
2024-01-02 20:20:00,S002,3.7076354777434943,173.44757075626512,23.99065762199142,0,0
2024-01-14 08:10:00,S008,3.270697,114.825835,18.581407,0,0
2024-01-07 08:25:00,S006,3.269256,115.237366,18.692342,0,0
2024-01-19 18:30:00,S008,2.117112,119.880135,24.697169,1,0
2024-01-19 09:00:00,S009,3.568115,123.872755,13.460664,0,0
2024-01-17 13:50:00,S002,3.487138,120.100668,16.689171,0,0
2024-01-14 14:10:00,S010,3.102847,151.705365,15.956163,1,0
2024-01-06 13:30:00,S008,3.239783,144.795936,16.223907,0,0
2024-01-08 18:30:00,S002,3.13159,114.275804,16.348775,0,0
2024-01-03 05:15:00,S004,3.746423756582603,67.98366402090682,21.02388771092341,0,0
2024-01-21 02:40:00,S009,3.501895,136.441839,14.335616,0,0
2024-01-04 08:35:00,S002,2.584320858189818,162.12809551197574,22.762791359831432,0,0
2024-01-18 14:10:00,S001,2.963395,163.751299,16.298444,0,0
2024-01-13 21:15:00,S005,3.175041,112.498437,18.507888,0,0
2024-01-06 20:15:00,S006,1.841801,179.266855,20.969613,0,1
2024-01-08 19:20:00,S002,2.836891,121.273397,15.324839,1,0
2024-01-15 07:50:00,S007,3.037921,125.356102,15.23783,0,0
2024-01-19 14:35:00,S006,2.930099,120.508944,14.126995,0,0
2024-01-12 12:35:00,S001,3.098659,134.002015,15.444605,0,0
2024-01-01 12:55:00,S003,3.3745623414545385,113.21368258887468,23.390075666154623,0,0
2024-01-08 23:15:00,S009,3.405316,140.029142,13.963537,0,0
2024-01-13 05:35:00,S002,3.020935,96.575567,17.080495,0,0
2024-01-14 22:55:00,S003,2.183244,198.437688,16.934303,1,0
2024-01-04 18:45:00,S004,3.239763,115.38622,15.667088,0,0
2024-01-21 04:55:00,S009,3.085768,115.101038,15.64943,0,0
2024-01-09 01:15:00,S009,3.296403,155.113291,16.09029,0,0
2024-01-11 05:00:00,S003,3.521963,103.682186,13.857344,0,0
2024-01-18 14:35:00,S001,3.388725,106.354701,17.919706,0,0
2024-01-02 00:00:00,S006,3.7439986077119256,97.62971718151056,24.29196291401941,0,0
2024-01-04 05:30:00,S006,3.640492332106207,158.36170766953168,10.110878521664397,0,0
2024-01-11 02:25:00,S009,2.892146,111.890358,15.752875,0,0
2024-01-13 10:45:00,S010,3.517448,126.177641,20.64091,0,0
2024-01-17 04:00:00,S002,3.182644,128.512926,17.4777,0,0
2024-01-11 00:20:00,S001,3.300585,147.718741,16.032797,0,0
2024-01-12 17:25:00,S006,3.140039,74.621321,18.094588,0,0
2024-01-12 04:20:00,S009,1.20811,125.068981,14.297275,0,1
2024-01-19 21:40:00,S003,2.792061,139.055647,17.223424,0,0
2024-01-11 10:00:00,S003,3.011617,82.497907,12.478714,1,0
2024-01-16 10:50:00,S003,3.168011,139.339423,18.363916,0,0
2024-01-17 07:25:00,S002,3.247294,142.750262,18.576215,0,0
2024-01-21 12:45:00,S009,3.103042,118.654442,22.467364,0,0
2024-01-04 06:30:00,S008,3.3660301018295016,146.96110628421334,16.875452191394594,0,0
2024-01-09 04:10:00,S004,3.484535,109.075586,16.544445,0,0
2024-01-17 13:00:00,S002,3.041154,105.328385,17.399122,0,0
2024-01-21 02:20:00,S009,3.101007,157.581915,15.501263,0,0
2024-01-20 10:05:00,S003,3.219842,111.230776,16.305448,0,0
2024-01-06 21:30:00,S004,3.632811,107.200776,16.948722,0,0
2024-01-20 14:30:00,S006,3.441075,122.512523,19.174992,0,0
2024-01-19 01:15:00,S010,3.256931,86.242389,18.205388,0,0
2024-01-13 07:25:00,S002,3.30147,119.582543,18.355082,0,0
2024-01-14 19:25:00,S002,3.119732,155.07212,16.264318,1,0
2024-01-18 09:50:00,S004,3.353712,154.386646,18.775234,0,0
2024-01-04 10:05:00,S002,3.581581991346808,88.57285266636438,20.7908223336223,0,0
2024-01-19 07:50:00,S009,3.517533,102.478312,17.060344,0,0
2024-01-11 18:55:00,S004,2.341615,95.300506,17.026098,0,1
2024-01-11 23:45:00,S005,3.00789,133.590632,18.295933,0,0
2024-01-20 21:10:00,S002,2.937415,128.757283,14.296612,1,0
2024-01-04 09:45:00,S001,3.9784011009292,153.00179175861942,13.654221879732914,0,0
2024-01-13 06:00:00,S002,3.256494,50.515983,14.71833,0,0
2024-01-12 07:50:00,S001,2.953968,95.807342,13.143724,0,0
2024-01-19 22:50:00,S010,2.910655,102.56352,18.289458,0,0
2024-01-12 22:50:00,S003,3.000502,123.748305,19.099946,0,0
2024-01-15 22:00:00,S010,3.480392,134.600424,21.35556,0,0
2024-01-13 03:25:00,S006,2.059899,68.825453,19.693688,1,0
2024-01-06 02:45:00,S003,3.098285,113.797065,20.070687,0,0
2024-01-16 19:10:00,S005,3.532219,110.566453,14.890313,0,0
2024-01-16 11:25:00,S003,3.629407,121.380654,12.61562,0,0
2024-01-17 22:50:00,S003,2.736301,141.616105,13.815918,0,0
2024-01-06 01:25:00,S003,2.921787,160.448053,15.723086,0,0
2024-01-05 20:15:00,S009,3.026058,128.697478,16.842651,0,0
2024-01-01 22:00:00,S008,3.2897487912306715,66.84565166168288,10.038760222674735,0,0
2024-01-10 13:00:00,S005,3.483566,151.21844,16.719543,0,0
2024-01-12 18:45:00,S007,3.080215,123.293509,18.43656,0,0
2024-01-10 08:20:00,S001,2.231956,154.104035,19.188617,1,0
2024-01-04 05:25:00,S001,3.430352273441681,131.72016279141474,11.88465238618471,0,0
2024-01-15 15:40:00,S006,2.846109,83.176404,18.590911,0,0
2024-01-20 19:15:00,S005,3.401083,122.381508,16.30352,0,0
2024-01-09 08:00:00,S005,3.584499,123.0957,17.385524,0,0
2024-01-08 13:30:00,S004,3.151318,107.982229,14.358912,0,0
2024-01-14 05:10:00,S008,3.350284,109.966249,16.391959,0,0
2024-01-01 20:30:00,S008,2.734245767188261,85.1841940002243,24.450202492305984,0,0
2024-01-06 12:50:00,S008,2.691232,136.795768,16.002264,0,0
2024-01-07 02:30:00,S006,2.236681,83.825453,16.549302,0,1
2024-01-21 06:20:00,S009,3.36751,108.332312,18.865069,0,0
2024-01-15 01:50:00,S010,3.179542,139.137647,15.198782,0,0
2024-01-04 04:55:00,S006,2.6596176443542667,173.26286254780854,12.084534878299367,0,0
2024-01-12 12:50:00,S001,3.275356,166.00787,17.053711,0,0
2024-01-01 22:20:00,S001,3.605310617416273,179.41956163148427,13.251097001361636,0,0
2024-01-03 07:45:00,S005,2.9608246255319064,131.96878125921864,16.257901278468648,0,0
2024-01-15 18:40:00,S008,3.00246,143.546124,17.19768,0,0
2024-01-07 15:10:00,S008,2.227899,88.01123,14.688559,0,1
2024-01-16 06:20:00,S005,3.091526,115.389337,18.004194,0,0
2024-01-05 00:00:00,S005,2.892748,129.505738,15.085059,1,0
2024-01-18 01:50:00,S006,3.275577,104.742416,12.198159,0,0
2024-01-21 01:00:00,S009,3.355973,142.045902,15.661011,0,0
2024-01-16 15:00:00,S007,2.024357,114.734105,20.996443,1,0
2024-01-10 08:40:00,S007,3.243579,136.410792,18.627574,0,0
2024-01-09 23:55:00,S009,3.364893,105.264448,13.984146,0,0
2024-01-18 14:40:00,S001,3.438842,130.44412,20.491717,0,0
2024-01-07 04:25:00,S004,3.52049,88.66288,16.084054,0,0
2024-01-09 09:05:00,S001,3.317029,140.628125,14.224077,0,0
2024-01-11 11:05:00,S003,3.152654,141.260966,21.195364,0,0
2024-01-19 04:30:00,S005,2.194871,190.792966,20.565318,1,0
2024-01-09 00:15:00,S001,3.074908,117.227717,14.255353,1,0
2024-01-14 06:30:00,S008,2.937755,129.217833,15.820868,0,0
2024-01-03 09:15:00,S003,3.366710575376627,179.9152318066752,14.34159282429232,0,0
2024-01-07 15:35:00,S008,2.634635,121.882471,14.859433,0,0
2024-01-20 14:25:00,S006,3.552772,127.164849,17.486746,0,0
2024-01-03 03:00:00,S006,2.6974803831898875,178.20551751397963,12.47953429206942,0,0
2024-01-11 15:55:00,S001,2.054569,144.793564,16.290523,0,1
2024-01-12 19:45:00,S007,3.209864,95.242689,17.304246,0,0
2024-01-08 20:55:00,S008,3.157646,147.650718,16.69379,0,0
2024-01-20 23:20:00,S005,3.354013,101.164584,18.238424,0,0
2024-01-09 19:05:00,S002,2.907009,115.41139,15.45429,1,0
2024-01-01 03:15:00,S008,3.4467079389958943,169.22169553124726,17.539556396577883,0,0
2024-01-07 14:10:00,S003,3.70828,104.773439,15.616944,0,0
2024-01-06 17:25:00,S007,3.086389,122.3008,16.486164,1,0
2024-01-13 01:15:00,S008,2.077331,232.146763,24.432598,0,1
2024-01-01 21:30:00,S005,2.793666978525319,51.13443124672132,19.712120712319045,0,0
2024-01-11 03:40:00,S006,2.264414,125.083405,18.70417,1,0
2024-01-09 10:50:00,S001,3.672593,106.744016,19.404084,0,0
2024-01-03 22:35:00,S001,3.560918367858501,87.82593162432948,16.700897030539608,0,0
2024-01-10 19:10:00,S002,3.06556,151.693232,18.824893,0,0
2024-01-16 06:45:00,S005,3.113373,149.116125,14.466829,0,0
2024-01-18 15:40:00,S009,3.266846,92.27225,20.829587,0,0
2024-01-14 17:30:00,S005,1.398871,152.135474,17.592651,0,1
2024-01-13 15:25:00,S006,3.326013,114.605442,18.787874,0,0
2024-01-05 06:45:00,S010,2.973115,138.494621,16.324448,0,0
2024-01-04 21:55:00,S008,3.004076,137.743734,17.032627,0,0
2024-01-13 02:45:00,S008,3.213396,93.461004,16.618688,0,0
2024-01-07 19:55:00,S001,3.372186,159.745366,19.150755,0,0
2024-01-02 22:30:00,S003,2.9282631701777677,129.73660951624896,17.65842693114007,0,0
2024-01-04 03:20:00,S002,2.5157698368124803,164.2834841566226,23.39956740682184,0,0
2024-01-10 01:50:00,S009,3.050262,114.39887,22.332871,0,0
2024-01-02 16:20:00,S001,2.86059836934026,78.73894186022386,23.773586300131555,0,0
2024-01-08 16:15:00,S010,3.598889,99.862495,16.156936,0,0
2024-01-05 14:00:00,S006,2.236681,191.320974,17.720958,0,1
2024-01-12 13:40:00,S006,1.976351,148.653452,20.927443,1,0
2024-01-09 20:55:00,S002,3.222779,125.865648,16.730917,0,0
2024-01-01 00:35:00,S003,3.863980603118173,88.81699724000254,19.93783426530973,0,0
2024-01-09 00:55:00,S009,3.2125,155.271801,15.408093,0,0
2024-01-18 15:10:00,S006,2.670899,119.938006,20.36056,1,0
2024-01-16 05:20:00,S006,3.036681,169.841886,13.844248,1,0
2024-01-15 23:35:00,S009,3.416871,126.169737,17.791009,0,0
2024-01-19 06:55:00,S009,2.849304,146.30832,16.410212,0,0
2024-01-06 00:50:00,S002,2.029082,182.575218,15.957169,1,0
2024-01-05 04:05:00,S009,3.428273,108.987345,20.118964,0,0
2024-01-09 10:10:00,S001,2.729063,79.930009,17.423108,0,0
2024-01-10 04:40:00,S001,3.514162,122.689453,17.115637,0,0
2024-01-07 07:10:00,S006,3.411266,104.185242,20.420106,0,0
2024-01-10 11:10:00,S007,3.566476,146.805699,19.362208,0,0
2024-01-03 16:25:00,S009,2.622362388417049,63.16823555872399,12.577441905364877,0,0
2024-01-08 21:30:00,S010,2.152363,99.724761,16.061342,1,0
2024-01-04 12:15:00,S008,3.306882,118.831995,16.991202,0,0
2024-01-15 02:15:00,S010,3.389266,81.870528,13.736713,0,0
2024-01-13 00:55:00,S003,2.747694,130.741939,15.05633,0,0
2024-01-07 21:55:00,S002,1.329675,82.936112,16.294317,0,1
2024-01-05 10:25:00,S005,3.492096,101.763823,18.483081,0,0
2024-01-07 04:35:00,S004,3.646066,108.55371,16.099355,0,0
2024-01-15 18:25:00,S008,3.088269,127.550181,19.568402,0,0
2024-01-02 13:10:00,S008,3.9461176247351615,63.39342867883594,20.305288997548644,0,0
2024-01-04 01:20:00,S001,1.619930262291557,183.4780166628748,24.16313257519161,1,0
2024-01-15 01:45:00,S010,3.149577,102.457335,16.72709,0,0
2024-01-19 13:30:00,S002,3.507323,162.133433,22.473184,0,0
2024-01-10 11:15:00,S007,3.351415,119.576403,18.729276,0,0
2024-01-11 14:00:00,S008,2.969462,118.14759,18.078405,0,0
2024-01-03 17:05:00,S002,2.9928372248286976,58.16990710502564,12.736870609787353,0,0
2024-01-10 04:55:00,S001,2.926414,97.402979,18.597631,0,0
2024-01-21 05:35:00,S009,3.151238,130.600872,16.69654,0,0
2024-01-07 01:45:00,S002,3.33559,103.324411,13.562111,0,0
2024-01-08 09:10:00,S005,3.166489,68.274035,18.882488,1,0
2024-01-16 08:25:00,S004,2.385466,103.146248,14.528407,1,0
2024-01-10 16:35:00,S006,3.204504,98.111201,15.123675,0,0
2024-01-09 09:55:00,S001,2.868814,106.386105,19.535291,0,0
2024-01-21 08:05:00,S009,3.124681,89.493441,17.098407,0,0
2024-01-18 22:40:00,S009,3.338354,125.094333,16.949638,0,0
2024-01-04 01:35:00,S009,3.3075446531515342,186.98445294189057,15.819591315968296,0,0
2024-01-12 15:45:00,S002,1.353285,123.501648,15.047836,0,1
2024-01-04 18:55:00,S004,3.480483,108.072916,16.952256,0,0
2024-01-20 12:30:00,S003,2.788482,131.761919,18.893438,1,0
2024-01-18 19:20:00,S006,3.24016,102.429418,16.867792,0,0
2024-01-02 20:15:00,S003,2.823016572073829,139.56436552800795,18.922048220166843,0,0
2024-01-13 11:10:00,S010,2.993292,115.108857,18.583579,0,0
2024-01-09 11:10:00,S010,2.302847,133.597135,21.388672,0,1
2024-01-17 21:05:00,S005,2.993001,133.028754,19.163186,0,0
2024-01-18 14:00:00,S008,2.845278,135.514665,18.906761,1,0
2024-01-14 17:35:00,S005,1.553452,121.150932,15.828787,0,1
2024-01-18 05:50:00,S004,3.292311,120.174149,21.78188,0,0
2024-01-08 22:50:00,S009,3.322158,136.999723,18.101312,0,0
2024-01-06 23:55:00,S007,2.286389,122.454994,17.910237,0,1
2024-01-03 02:50:00,S008,2.794628823808026,192.7167238494638,12.63237441072036,0,0
2024-01-02 23:30:00,S002,3.1372762643021304,186.1757770825301,17.605894701080775,0,0
2024-01-14 02:30:00,S007,3.45468,135.471851,13.94231,0,0
2024-01-05 13:45:00,S008,2.72562,76.11234,18.277381,0,0
2024-01-02 04:35:00,S002,3.859656180016617,70.88680566763927,17.986310234128258,0,0
2024-01-03 00:55:00,S007,3.795462131944924,66.50949263016729,23.875707630145214,0,0
2024-01-17 05:45:00,S002,2.918731,132.067455,18.411774,0,0
2024-01-03 05:00:00,S005,2.67219539087692,191.22993654266617,21.763092615479003,0,0
2024-01-02 12:10:00,S002,2.5091331223597586,65.14117999662822,23.03416378418717,0,0
2024-01-07 14:35:00,S003,3.220666,126.856787,20.762407,0,0
2024-01-01 08:05:00,S002,3.025881338209896,138.48765302819496,15.883660676495984,0,0
2024-01-18 02:40:00,S006,3.130243,100.605048,16.883627,0,0
2024-01-12 21:25:00,S007,3.01961,115.842332,16.823198,0,0
2024-01-16 08:20:00,S004,2.563007,137.975725,16.654369,1,0
2024-01-08 04:25:00,S010,2.302847,85.554487,17.778464,0,1
2024-01-06 08:05:00,S003,3.208156,154.414769,15.99865,0,0
2024-01-12 03:10:00,S007,3.222429,143.042161,16.383971,0,0
2024-01-16 18:50:00,S005,3.548395,125.828912,17.15866,0,0
2024-01-17 13:35:00,S002,3.493316,104.81163,19.294432,0,0
2024-01-12 12:55:00,S001,3.207944,163.624542,16.377915,0,0
2024-01-06 06:25:00,S003,3.200476,115.234633,14.03448,0,0
2024-01-04 08:25:00,S009,3.7879001604737472,194.40988757917088,19.42520676324167,0,0
2024-01-19 07:35:00,S009,3.406832,109.153648,17.298055,0,0
2024-01-02 20:00:00,S009,3.157577470046142,199.43934297873156,13.437579268212431,0,0
2024-01-01 14:40:00,S002,3.283651864106753,146.68199759387332,19.75251025664842,0,0
2024-01-09 13:50:00,S004,3.141615,120.071028,17.137396,1,0
2024-01-16 16:45:00,S009,3.059752,131.192399,15.821996,0,0
2024-01-13 11:55:00,S003,2.211617,184.68251,20.558671,0,1
2024-01-11 10:05:00,S003,2.299762,86.262013,16.712894,1,0
2024-01-21 08:45:00,S009,3.932055,127.806813,18.339539,0,0
2024-01-02 23:40:00,S006,3.2998770989186537,145.51425755664906,21.22349246997844,0,0
2024-01-12 08:05:00,S001,3.500465,87.408597,18.759461,0,0
2024-01-03 01:20:00,S005,3.750687926378241,146.3866415485451,11.178367463855906,0,0
2024-01-18 06:30:00,S004,3.301757,112.766632,19.992723,0,0
2024-01-11 15:10:00,S008,3.033713,104.480768,16.857144,0,0
2024-01-13 02:10:00,S008,2.842797,161.767494,15.891566,0,0
2024-01-09 05:50:00,S004,2.988389,133.737024,17.613804,0,0
2024-01-11 15:20:00,S001,2.274908,203.971913,20.766397,0,1
2024-01-20 12:55:00,S003,1.985246,127.536651,21.492643,1,0
2024-01-16 01:00:00,S009,3.60872,148.436317,18.491736,0,0
2024-01-13 16:40:00,S006,3.031337,186.079296,19.57117,0,0
2024-01-08 16:00:00,S010,3.290026,133.877636,17.27829,0,0
2024-01-16 08:00:00,S005,3.17564,154.144417,18.178854,0,0
2024-01-09 15:40:00,S007,2.462153,145.387284,17.113381,1,0
2024-01-14 13:05:00,S006,3.512037,125.321437,17.410961,0,0
2024-01-02 07:55:00,S005,3.398467762265816,67.23994955893502,11.407859272350343,0,0
2024-01-03 23:00:00,S007,3.333245920254447,137.5878933891703,13.104904018675873,0,0
2024-01-07 12:40:00,S003,3.046155,111.771831,17.327399,0,0
2024-01-02 06:50:00,S007,2.750698017206832,148.29236145374873,24.876139257517583,0,0
2024-01-12 16:10:00,S006,3.057395,98.334417,17.495637,0,0
2024-01-15 16:35:00,S008,3.006943,107.08997,17.438646,0,0
2024-01-19 01:40:00,S010,3.434498,126.735507,15.457479,0,0
2024-01-18 22:50:00,S009,3.515829,123.935655,13.536458,0,0
2024-01-21 16:25:00,S009,3.044891,131.954832,14.990562,0,0
2024-01-04 20:05:00,S006,1.986219,162.18018,17.068926,0,1
2024-01-17 06:20:00,S002,3.030779,143.702323,16.665165,0,0
2024-01-09 04:45:00,S004,3.330147,149.711665,17.054992,0,0
2024-01-18 21:25:00,S008,2.43788,149.417715,21.172807,1,0
2024-01-05 15:20:00,S009,3.021364,158.664447,15.851664,0,0
2024-01-08 14:25:00,S010,3.07757,158.162646,20.666172,0,0
2024-01-20 02:30:00,S003,3.405353,155.468311,20.782886,0,0
2024-01-19 18:15:00,S008,3.027899,68.752868,19.697942,1,0
2024-01-17 20:00:00,S009,3.436784,122.381433,16.265428,0,0
2024-01-08 19:10:00,S002,2.270687,147.244826,14.981028,1,0
2024-01-21 17:50:00,S009,3.55802,114.52235,19.790123,0,0
2024-01-21 04:15:00,S009,3.220877,112.295414,17.392629,0,0
2024-01-05 01:35:00,S007,3.003495,121.095858,16.111794,0,0
2024-01-14 20:40:00,S007,3.449122,112.795198,17.859487,0,0
2024-01-14 05:20:00,S008,3.172442,117.96671,15.771157,0,0
2024-01-05 22:30:00,S005,3.042615,141.014414,18.913277,0,0
2024-01-10 07:50:00,S008,3.400909,169.956337,15.900397,0,0
2024-01-19 16:20:00,S008,3.371084,75.927557,15.934874,0,0
2024-01-12 12:30:00,S001,3.200387,174.77006,15.577393,0,0
2024-01-21 04:25:00,S009,3.092044,150.309864,19.140588,0,0
2024-01-20 19:35:00,S005,3.487658,120.977147,16.055809,0,0
2024-01-06 02:00:00,S003,3.511703,160.199328,18.384584,0,0
2024-01-04 00:50:00,S005,2.746898910549362,59.58196511463542,14.760832750418276,0,0
2024-01-08 23:25:00,S009,3.246303,146.414535,15.778237,0,0
2024-01-10 04:15:00,S001,2.988139,140.10419,20.935523,0,0
2024-01-14 16:45:00,S007,3.002529,95.93683,14.71597,0,0
2024-01-19 00:30:00,S010,3.45237,156.354443,17.81889,0,0
2024-01-05 08:15:00,S010,3.437054,127.276539,14.167054,0,0
2024-01-12 13:10:00,S006,3.036681,149.876213,21.669652,1,0
2024-01-03 22:00:00,S001,3.167278649241311,123.35726006739247,15.27474808512858,0,0
2024-01-15 16:20:00,S008,2.809643,113.39792,13.518521,0,0
2024-01-03 00:25:00,S005,2.848027270463216,52.15721691081276,21.46530079654641,0,0
2024-01-01 17:00:00,S007,2.5984392168610198,173.22694211111616,15.577502938580867,0,0
2024-01-06 16:45:00,S001,3.098327,106.256915,20.713572,0,0
2024-01-07 23:50:00,S005,2.673977,162.747866,14.064126,1,0
2024-01-04 03:25:00,S010,2.876310207574166,126.4484676205641,23.63298109478505,0,0
2024-01-03 04:35:00,S001,3.559369243832893,143.40343114246963,24.85163269130299,0,0
2024-01-15 17:40:00,S008,3.246361,119.627936,13.886697,0,0
2024-01-07 20:30:00,S001,3.119529,103.419523,16.449456,0,0
2024-01-01 13:30:00,S007,2.659868095193012,71.00278079906735,13.955257039519246,0,0
2024-01-15 22:40:00,S003,2.47395,72.197057,16.169721,1,0
2024-01-15 01:55:00,S010,2.901837,144.039884,16.493876,0,0
2024-01-19 17:00:00,S008,3.107337,132.05947,16.307978,0,0
2024-01-13 04:45:00,S005,2.245784,119.892131,14.688825,0,1
2024-01-03 03:25:00,S004,3.625398645908264,72.80728511367377,16.87485391881363,0,0
2024-01-04 00:55:00,S010,3.2721132906351698,64.93695703100434,10.240422346826849,0,0
2024-01-05 23:15:00,S005,3.231094,125.092172,17.094922,0,0
2024-01-11 07:45:00,S008,3.426732,85.512706,20.915641,0,0
2024-01-19 14:50:00,S006,3.072502,137.841742,21.320909,0,0
2024-01-02 21:35:00,S004,2.844397241130953,67.632695022533,12.479267352144362,0,0
2024-01-17 21:55:00,S005,3.530085,134.299414,18.067187,0,0
2024-01-19 22:05:00,S003,2.964606,121.417174,17.994403,0,0
2024-01-18 12:40:00,S004,3.831184,130.460954,14.107763,0,0
2024-01-12 17:45:00,S006,3.319007,102.415913,18.338942,0,0
2024-01-21 04:05:00,S009,3.33785,114.060521,14.271231,0,0
2024-01-20 19:10:00,S005,3.289186,109.611598,18.265175,0,0
2024-01-17 23:30:00,S003,2.877995,112.989992,18.696822,0,0
2024-01-10 22:00:00,S006,3.439295,95.536575,17.346753,0,0
2024-01-07 11:05:00,S005,3.297893,116.108668,15.583835,0,0
2024-01-10 05:35:00,S001,3.329861,141.886772,13.220932,0,0
2024-01-20 02:45:00,S003,3.243345,112.281148,17.420624,0,0
2024-01-03 05:20:00,S010,2.949913104665534,139.4122932857459,16.50765884282866,0,0
2024-01-18 17:35:00,S009,3.117915,119.563943,15.104232,0,0
2024-01-04 12:05:00,S008,3.292888,143.337822,16.439444,0,0
2024-01-21 08:30:00,S009,3.581899,137.145006,16.139899,0,0
2024-01-03 05:05:00,S010,3.5756808527082904,178.41987485206153,15.351530674349087,0,0
2024-01-18 00:15:00,S003,2.909021,131.856314,17.589659,0,0
2024-01-16 15:20:00,S007,2.398579,195.690341,13.998841,1,0
2024-01-09 00:20:00,S001,3.017371,106.238173,23.564676,1,0
2024-01-15 11:20:00,S001,3.42328,149.277257,15.301504,0,0
2024-01-11 22:05:00,S006,2.497259,125.375657,19.173056,1,0
2024-01-14 03:05:00,S003,2.522015,129.389442,15.416855,1,0
2024-01-08 06:40:00,S002,3.450069,148.94195,15.323815,0,0
2024-01-20 03:55:00,S009,3.437652,118.003863,14.481056,0,0
2024-01-07 19:00:00,S001,2.937657,200.0,14.300582,0,0
2024-01-05 18:20:00,S002,1.967684,155.789341,17.461391,0,1
2024-01-14 23:10:00,S003,1.789347,195.176665,21.212536,1,0
2024-01-04 04:45:00,S003,3.937207179706745,87.14474646071581,15.220779332159807,0,0
2024-01-02 21:30:00,S009,2.5198765502558658,94.39143332879848,16.887838505988427,0,0
2024-01-06 00:45:00,S002,1.77407,197.479758,17.00338,1,0
2024-01-10 17:40:00,S006,3.141008,115.233354,17.740944,0,0
2024-01-10 01:30:00,S009,3.21596,169.648699,19.664392,0,0
2024-01-07 14:20:00,S003,3.691695,162.040601,15.549554,0,0
2024-01-10 13:45:00,S001,1.520685,200.790843,19.467658,0,1
2024-01-08 01:00:00,S004,3.146964,133.157922,14.826818,0,0
2024-01-08 23:45:00,S009,3.348456,144.134279,18.002525,0,0
2024-01-07 13:05:00,S003,3.021845,115.461718,18.233416,0,0
2024-01-06 16:50:00,S001,2.997173,103.244932,18.456403,0,0
2024-01-04 09:00:00,S004,3.171957484573285,110.82075144956278,24.761341959497717,0,0
2024-01-21 00:20:00,S009,3.13644,170.11264,16.484195,0,0
2024-01-08 06:45:00,S002,3.212978,157.560444,20.007157,0,0
2024-01-19 02:00:00,S010,3.483485,92.017226,21.910419,0,0
2024-01-16 21:15:00,S008,3.044376,79.481519,15.672886,0,0
2024-01-20 01:30:00,S003,2.429032,179.016596,17.987703,1,0
2024-01-21 16:30:00,S009,3.033096,134.126872,14.971374,0,0
2024-01-03 21:40:00,S007,2.9235518785639845,62.14306041735322,23.14920740523837,0,0
2024-01-03 02:05:00,S008,2.8295601855871007,53.07812220939879,22.39927518253733,0,0
2024-01-08 14:00:00,S010,3.050097,102.670227,18.83555,0,0
2024-01-17 13:20:00,S002,3.432753,123.815281,18.179,0,0
2024-01-13 05:00:00,S005,1.226907,99.797596,13.373182,0,1
2024-01-18 21:05:00,S006,3.431855,124.458571,20.267332,0,0
2024-01-06 11:50:00,S008,3.110663,124.973137,17.471541,0,0
2024-01-18 17:05:00,S009,3.124284,98.614257,16.583574,0,0
2024-01-13 10:35:00,S010,3.550316,150.546252,15.860702,0,0
2024-01-14 09:30:00,S008,3.145216,107.154044,21.779859,0,0
2024-01-04 17:10:00,S005,2.800505,149.883269,16.861674,0,0
2024-01-07 03:55:00,S004,3.549188,126.659961,15.376138,0,0
2024-01-21 00:15:00,S004,2.904872,157.991866,19.583123,1,0
2024-01-05 10:55:00,S001,2.274908,103.052757,18.14223,0,1
2024-01-18 07:35:00,S002,2.449833,234.627757,22.076479,1,0
2024-01-17 23:00:00,S003,2.742412,115.533992,14.093702,0,0
2024-01-20 18:55:00,S005,2.97493,150.280401,16.997224,0,0
2024-01-07 09:00:00,S003,2.108936,133.699314,20.325977,0,1
2024-01-19 22:20:00,S009,3.036552,166.162835,13.096869,1,0
2024-01-04 12:55:00,S008,3.006919,114.689229,17.242309,0,0
2024-01-04 08:50:00,S010,3.638465247781046,125.09292985008965,23.676776685726573,0,0
2024-01-05 14:30:00,S006,1.466823,182.95726,20.665797,0,1
2024-01-12 13:45:00,S006,2.591204,150.088725,14.782113,1,0
2024-01-02 15:35:00,S003,2.764143206995892,82.09355580323553,10.195443516356256,0,0
2024-01-10 18:10:00,S006,3.018305,128.217357,17.260864,0,0
2024-01-20 11:20:00,S003,3.29577,126.631752,21.489873,0,0
2024-01-06 17:35:00,S007,2.64296,105.700251,14.202994,1,0
2024-01-20 08:05:00,S002,3.04889,140.973961,21.159786,0,0
2024-01-18 18:45:00,S006,2.914345,120.267105,20.174753,0,0
2024-01-09 18:40:00,S002,3.119732,67.936112,20.862729,1,0
2024-01-13 19:35:00,S006,1.329634,83.825453,17.076681,0,1
2024-01-16 15:45:00,S009,2.911727,133.704782,12.837171,0,0
2024-01-15 04:30:00,S002,3.055326,71.321335,19.730503,0,0
2024-01-05 18:25:00,S002,2.319732,85.553089,14.172679,0,1
2024-01-03 13:35:00,S002,3.074823048920877,82.44991664462405,16.63866018899223,0,0
2024-01-17 00:00:00,S010,3.157845,127.528078,16.691743,0,0
2024-01-21 03:30:00,S009,3.579989,105.067437,16.491535,0,0
2024-01-04 00:15:00,S009,3.653120697043769,59.291977786848186,18.65211879457384,0,0
2024-01-11 07:50:00,S008,3.044515,74.719175,19.690877,0,0
2024-01-04 23:00:00,S008,3.237398,85.283256,16.220517,0,0
2024-01-04 11:05:00,S002,2.716468065531222,64.03391103685033,10.250073258994496,0,0
2024-01-05 15:25:00,S009,2.861431,149.43264,18.151877,0,0
2024-01-02 21:05:00,S004,2.933781169443925,96.47103129837036,13.74935419596432,0,0
2024-01-04 19:35:00,S004,3.740159,114.899068,15.198211,0,0
2024-01-04 22:20:00,S008,3.297129,161.61188,20.279916,0,0
2024-01-21 04:40:00,S009,2.918067,123.292766,19.2951,0,0
2024-01-21 13:55:00,S009,3.185831,92.548231,16.513486,0,0
2024-01-08 20:10:00,S008,2.933262,85.435329,13.917675,0,0
2024-01-21 17:45:00,S009,3.546386,111.47893,16.228727,0,0
2024-01-11 06:50:00,S008,2.457456,161.486167,17.146162,1,0
2024-01-01 04:55:00,S005,3.09775710159606,142.37751470783246,19.526404763014657,0,0
2024-01-12 07:35:00,S001,3.485456,109.972776,16.118754,0,0
2024-01-15 04:15:00,S003,2.132608,123.972944,18.800878,1,0
2024-01-07 17:30:00,S008,3.392063,123.663897,20.404197,0,0
2024-01-13 16:10:00,S006,3.079659,135.923555,18.352624,0,0
2024-01-21 13:35:00,S009,3.313255,127.77205,17.779135,0,0
2024-01-12 18:55:00,S007,2.99049,112.760292,19.587923,0,0
2024-01-10 18:25:00,S004,2.0228,162.716383,19.238582,0,1
2024-01-21 19:40:00,S009,3.457065,156.551647,16.466368,0,0
2024-01-20 15:20:00,S006,2.960353,134.041902,16.27758,0,0
2024-01-04 17:50:00,S008,2.227899,120.209939,9.876272,0,1
2024-01-16 17:40:00,S002,2.319732,198.404581,20.187948,0,1
2024-01-21 05:55:00,S009,3.437018,128.343373,18.588008,0,0
2024-01-15 20:00:00,S010,3.013573,104.190336,17.176914,0,0
2024-01-15 20:55:00,S010,3.194201,174.523855,14.47734,0,0
2024-01-18 16:55:00,S009,3.275833,162.24222,16.031008,0,0
2024-01-10 03:10:00,S009,3.380832,115.906212,19.548327,0,0
2024-01-17 16:05:00,S006,2.906659,106.437056,17.83716,0,0
2024-01-13 05:40:00,S002,3.295473,111.19135,16.849025,0,0
2024-01-13 08:55:00,S002,3.395819,113.36103,19.304189,0,0
2024-01-04 06:20:00,S009,3.330969230830121,94.69323969752982,16.826134532805767,0,0
2024-01-04 18:00:00,S008,2.227899,84.91862,17.06306,0,1
2024-01-01 15:35:00,S010,2.5704180357217195,107.61359172368743,10.550979061399204,0,0
2024-01-13 22:10:00,S005,3.405483,137.357098,16.813754,0,0
2024-01-20 11:45:00,S003,3.3048,146.020407,20.061011,0,0
2024-01-08 05:45:00,S002,3.393027,100.864259,17.371294,0,0
2024-01-08 19:25:00,S002,2.717945,69.094649,18.467533,1,0
2024-01-13 19:20:00,S006,2.236681,175.947926,17.588861,0,1
2024-01-21 09:00:00,S009,3.279556,112.039152,18.324093,0,0
2024-01-08 00:35:00,S004,3.332273,151.848293,17.41431,0,0
2024-01-14 04:10:00,S008,2.887349,141.497615,16.937397,0,0
2024-01-06 04:20:00,S005,2.748908,130.52408,16.799204,1,0
2024-01-16 23:25:00,S010,3.094802,145.348474,16.483808,0,0
2024-01-15 00:40:00,S003,3.011617,109.809358,16.138925,1,0
2024-01-01 18:50:00,S007,2.565492486561042,74.2508816220204,10.312917089373071,0,0
2024-01-04 12:25:00,S008,3.349832,107.854338,19.731907,0,0
2024-01-09 23:15:00,S009,3.091214,125.073569,20.274145,1,0
2024-01-07 16:45:00,S008,3.109906,148.083857,19.711078,0,0
2024-01-15 15:15:00,S006,3.260523,106.340646,14.768978,0,0
2024-01-19 16:30:00,S008,3.466861,104.786568,19.09705,0,0
2024-01-05 21:00:00,S005,3.255014,200.0,15.218924,0,0
2024-01-08 13:35:00,S007,3.086389,156.069189,17.648238,1,0
2024-01-03 10:05:00,S010,2.5205236221410217,62.23980800072576,13.87887386702176,0,0
2024-01-04 21:40:00,S008,2.837096,151.849467,17.053973,0,0
2024-01-12 09:30:00,S004,1.867135,130.091833,14.81316,1,0
2024-01-14 18:00:00,S001,2.825067,96.000474,17.605148,0,0
2024-01-15 06:30:00,S006,3.35341,122.607587,16.710901,0,0
2024-01-07 04:10:00,S004,3.26788,82.404193,14.905871,0,0
2024-01-10 03:30:00,S009,1.832762,145.460028,20.494558,1,0
2024-01-11 17:35:00,S005,3.151934,108.2547,14.733783,0,0
2024-01-15 01:15:00,S003,1.831904,160.319271,18.904591,1,0
2024-01-04 14:25:00,S009,3.185292,143.473491,13.841437,0,0
2024-01-18 08:10:00,S004,3.155266,129.271682,16.035898,0,0
2024-01-08 20:00:00,S008,3.08319,123.915193,16.692546,0,0
2024-01-14 02:25:00,S007,3.426161,106.924894,15.883329,0,0
2024-01-21 14:05:00,S009,2.999032,151.450877,17.782649,0,0
2024-01-02 02:05:00,S002,2.6921436195493,100.74012589917476,23.92125460489075,0,0
2024-01-10 04:45:00,S001,3.043686,98.997467,14.959184,0,0
2024-01-08 22:05:00,S009,3.262017,141.46573,17.420475,0,0
2024-01-13 19:45:00,S006,0.775625,163.059491,20.491543,0,1
2024-01-15 21:15:00,S010,3.196191,123.231315,14.850868,0,0
2024-01-09 20:15:00,S009,3.646845,102.7918,16.628315,0,0
2024-01-05 22:00:00,S005,3.525088,120.816144,20.922957,0,0
2024-01-04 14:20:00,S009,3.233668,131.806719,15.197756,0,0
2024-01-08 11:55:00,S002,3.408383,112.64671,14.597193,0,0
2024-01-11 08:40:00,S008,3.181385,144.584323,16.68812,0,0
2024-01-11 21:25:00,S001,2.840013,120.790789,16.200385,0,0
2024-01-18 07:05:00,S004,2.760555,133.759774,15.597235,0,0
2024-01-07 02:10:00,S002,3.335258,138.215473,19.124871,0,0
2024-01-15 19:10:00,S008,3.222203,147.502122,14.894887,0,0
2024-01-14 19:40:00,S002,2.111637,156.885664,18.96495,1,0
2024-01-14 06:05:00,S006,1.523051,252.928444,15.151979,0,1
2024-01-19 13:25:00,S002,3.640103,140.582182,19.209089,0,0
2024-01-09 18:00:00,S003,3.494614,133.03296,17.846533,0,0
2024-01-04 00:45:00,S006,2.75463880208924,64.34610440355739,16.287042616630824,0,0
2024-01-19 03:45:00,S002,3.331545,155.751735,17.145564,0,0
2024-01-16 14:05:00,S009,3.118574,105.29901,15.372773,0,0
2024-01-06 05:30:00,S008,3.142205,133.234687,14.562342,0,0
2024-01-14 12:15:00,S006,3.293121,139.730076,16.991301,0,0
2024-01-07 16:15:00,S008,2.956847,119.949518,13.393952,0,0
2024-01-02 13:20:00,S001,2.917659112375652,69.4400976793163,20.141623471216167,0,0
2024-01-13 00:20:00,S003,3.060559,130.140391,16.832687,0,0
2024-01-13 09:55:00,S010,2.968757,183.73054,16.219329,0,0
2024-01-21 16:40:00,S009,3.23522,127.387512,19.722228,0,0
2024-01-13 14:40:00,S006,2.444445,188.811367,18.528686,0,0
2024-01-12 07:25:00,S001,3.403648,147.305691,20.771067,0,0
2024-01-02 06:05:00,S006,3.785310904112641,67.64659822389878,21.095954981283107,0,0
2024-01-08 13:55:00,S010,3.142004,118.583871,14.003939,0,0
2024-01-04 22:30:00,S008,3.550513,96.568275,17.024042,0,0
2024-01-17 18:30:00,S009,3.132524,145.84333,20.592488,0,0
2024-01-12 02:35:00,S007,3.174663,101.008045,15.217456,0,0
2024-01-21 04:45:00,S009,2.869647,112.17202,19.718354,0,0
2024-01-12 22:30:00,S006,1.964778,161.762549,20.172957,1,0
2024-01-08 11:35:00,S002,3.140669,118.90146,15.30481,0,0
2024-01-07 08:30:00,S006,3.255,80.091863,17.790053,0,0
2024-01-04 15:45:00,S004,3.141615,137.678599,17.677642,1,0
2024-01-09 13:00:00,S006,3.229379,123.677856,18.72469,0,0
2024-01-01 01:50:00,S005,3.5386540493354053,90.4118500697782,13.661882833716612,0,0
2024-01-08 04:10:00,S010,1.426055,121.033284,16.21563,0,1
2024-01-06 17:45:00,S007,2.314922,172.506685,19.374564,1,0
2024-01-13 17:05:00,S006,3.396053,148.206238,18.76254,0,0
2024-01-16 00:55:00,S009,3.456902,161.591486,17.225523,0,0
2024-01-10 12:35:00,S005,3.108752,90.247572,15.067948,0,0
2024-01-19 05:00:00,S007,3.232569,118.249636,18.410163,0,0
2024-01-17 22:00:00,S005,3.708285,78.422439,18.550048,0,0
2024-01-09 13:40:00,S006,2.703671,76.350645,17.964288,0,0
2024-01-09 01:45:00,S009,3.336052,116.706855,16.161036,0,0
2024-01-02 14:20:00,S009,2.6803108436808643,89.83742494379092,10.263285450499431,0,0
2024-01-04 16:55:00,S005,3.024686,125.596143,18.173025,0,0
2024-01-01 07:15:00,S003,3.733805864384754,192.4699869937886,20.8857926258254,0,0
2024-01-05 23:10:00,S005,3.221096,125.209856,15.5852,0,0
2024-01-13 23:35:00,S005,2.617908,122.605415,14.018867,1,0
2024-01-01 23:30:00,S002,3.905436734546594,133.07033610685644,14.582864659870353,0,0
2024-01-09 14:55:00,S010,3.550802,124.922932,19.921698,0,0
2024-01-02 14:30:00,S007,3.818882672269577,151.33701379253898,18.20444877057082,0,0
2024-01-01 17:40:00,S005,3.8677540524398655,195.12668954206663,12.781883120149814,0,0
2024-01-09 23:40:00,S009,2.880852,87.523788,16.552607,0,0
2024-01-15 21:35:00,S010,3.404376,140.438546,18.358759,0,0
2024-01-11 02:15:00,S009,2.91463,131.771723,14.350854,0,0
2024-01-09 23:05:00,S002,3.285753,115.046663,16.821952,0,0
2024-01-05 18:00:00,S009,3.401004,133.332815,20.227168,0,0
2024-01-01 19:30:00,S009,2.8708466116047657,180.6124851908767,16.679578825039982,0,0
2024-01-14 14:50:00,S007,3.117778,95.736221,15.623912,0,0
2024-01-03 01:45:00,S004,3.0212606236377715,115.30904692636034,15.939423831214071,0,0
2024-01-19 09:15:00,S009,3.155467,155.53027,20.622657,0,0
2024-01-08 19:30:00,S008,2.547709,68.711286,14.33687,0,0
2024-01-21 09:30:00,S009,3.721304,139.903061,18.337775,0,0
2024-01-08 22:15:00,S009,3.346862,132.6117,16.870099,0,0
2024-01-03 07:10:00,S002,3.5161571068424418,114.26868557731932,20.972446960647083,0,0
2024-01-21 16:10:00,S009,3.688332,120.01405,15.482691,0,0
2024-01-08 22:25:00,S009,3.157665,94.505959,15.797035,0,0
2024-01-12 21:55:00,S007,2.729686,130.249387,18.600212,0,0
2024-01-20 15:15:00,S006,2.888198,123.620688,14.318373,0,0
2024-01-16 00:00:00,S009,3.198077,74.865253,15.105926,0,0
2024-01-13 19:00:00,S002,3.337759,144.125384,15.830923,0,0
2024-01-20 00:05:00,S010,3.367653,149.686549,19.200898,0,0
2024-01-13 01:00:00,S003,2.924094,104.473588,16.827632,0,0
2024-01-13 07:05:00,S002,2.831426,172.291429,14.453614,0,0
2024-01-11 09:10:00,S008,3.531371,116.825572,17.331554,0,0
2024-01-19 12:25:00,S002,3.421487,159.71108,17.073911,0,0
2024-01-03 16:55:00,S008,2.5604334186018134,126.83220615155774,20.20719193786561,0,0
2024-01-09 20:00:00,S009,3.494672,111.017726,19.051092,0,0
2024-01-20 18:50:00,S005,2.91593,107.229664,17.676396,0,0
2024-01-17 00:50:00,S010,3.317154,89.533228,15.972237,0,0
2024-01-21 01:20:00,S009,3.306272,158.924974,17.682208,0,0
2024-01-20 14:50:00,S006,3.325026,132.318241,16.484135,0,0
2024-01-21 01:55:00,S009,3.438957,128.607527,21.390144,0,0
2024-01-21 03:00:00,S009,3.122425,112.272094,12.929549,0,0
2024-01-03 09:05:00,S005,2.734475456063292,160.69264210963885,15.407117577123309,0,0
2024-01-14 06:20:00,S008,2.75452,130.551561,20.752978,0,0
2024-01-17 07:45:00,S008,3.027899,68.752868,18.308521,1,0
2024-01-12 06:15:00,S005,2.682564,134.43585,18.380743,1,0
2024-01-07 01:40:00,S002,3.363038,122.023477,14.345554,0,0
2024-01-15 22:35:00,S003,3.011617,137.181924,19.766949,1,0
2024-01-17 02:30:00,S008,2.633013,65.747268,19.723723,0,0
2024-01-10 20:25:00,S002,3.133588,136.447256,17.946271,0,0
2024-01-11 12:40:00,S003,3.031037,120.550678,20.447562,0,0
2024-01-08 12:55:00,S004,2.682977,114.548655,20.677757,0,0
2024-01-14 01:55:00,S010,2.127126,151.207495,17.116657,1,0
2024-01-07 10:10:00,S003,3.437664,162.079897,16.251768,0,0
2024-01-02 16:35:00,S003,2.7157215254722207,114.51543147947,23.55636357662713,0,0
2024-01-06 20:40:00,S006,1.370981,178.671312,20.043389,0,1
2024-01-08 17:50:00,S002,3.606631,165.328034,16.690097,0,0
2024-01-13 01:25:00,S008,1.665604,200.521477,17.362994,0,1
2024-01-16 04:30:00,S007,2.934553,92.002249,17.890706,0,0
2024-01-09 01:20:00,S009,3.373469,133.981423,19.80237,0,0
2024-01-03 17:10:00,S010,3.589166889016956,105.04421105108008,12.208406116157754,0,0
2024-01-02 19:25:00,S002,3.555688466485761,105.98897216941384,18.454899565431436,0,0
2024-01-02 19:30:00,S006,2.969361091320472,90.66443806460988,18.965024240540547,0,0
2024-01-14 22:45:00,S003,2.503199,97.73373,13.222728,1,0
2024-01-11 04:55:00,S003,2.916376,117.110073,14.069657,0,0
2024-01-17 06:00:00,S002,3.181303,141.378172,18.439656,0,0
2024-01-17 18:10:00,S009,3.476082,139.909706,20.792764,0,0
2024-01-09 07:50:00,S005,2.812465,143.564089,15.113601,0,0
2024-01-08 15:55:00,S010,3.19117,124.133484,16.224498,0,0
2024-01-16 16:30:00,S009,2.900465,181.450722,15.866106,0,0
2024-01-03 17:00:00,S007,2.6255874067680227,107.8909266405391,15.609207017186012,0,0
2024-01-17 06:35:00,S002,3.462314,78.998881,19.693378,0,0
2024-01-14 21:00:00,S007,3.077839,85.084506,15.361103,0,0
2024-01-06 05:55:00,S009,2.291214,138.859784,15.796031,0,1
2024-01-07 12:50:00,S003,3.235812,104.634934,16.304515,0,0
2024-01-03 06:15:00,S006,3.3485322582115087,77.40085763595022,12.093983010397,0,0
2024-01-14 16:55:00,S007,3.061481,127.148187,14.442497,0,0
2024-01-07 06:05:00,S006,3.272655,126.239869,16.866547,0,0
2024-01-02 06:45:00,S003,2.5466733998760365,160.894210274716,11.59515589383662,0,0
2024-01-19 04:10:00,S005,2.269878,161.070335,12.941266,1,0
2024-01-13 22:55:00,S005,3.197277,68.988743,18.339974,0,0
2024-01-01 09:50:00,S005,2.780565622836285,98.55188546063656,16.38154657924625,0,0
2024-01-02 07:25:00,S007,3.4320167458802944,133.87772102439897,19.42357165694922,0,0
2024-01-01 18:00:00,S009,3.790183595783807,166.97764833400248,10.594282380225357,0,0
2024-01-08 16:40:00,S008,2.4571,141.80473,17.792935,1,0
2024-01-16 19:50:00,S005,3.548526,132.425101,14.718834,0,0
2024-01-06 14:25:00,S006,2.034475,175.043584,20.732591,1,0
2024-01-11 00:15:00,S001,3.241245,175.922459,17.693395,0,0
2024-01-15 21:55:00,S010,3.43783,132.834267,20.522413,0,0
2024-01-19 16:25:00,S008,3.820808,78.049138,18.44169,0,0
2024-01-04 08:10:00,S006,2.57350696745691,135.91554150304188,22.292435280790784,0,0
2024-01-19 17:45:00,S008,3.31576,139.009201,14.955741,0,0
2024-01-09 17:10:00,S003,3.011773,138.1325,16.568356,0,0
2024-01-20 13:05:00,S003,1.574874,154.08976,16.945916,1,0
2024-01-16 20:15:00,S005,1.024737,166.403465,19.989399,0,1
2024-01-14 21:05:00,S006,2.236681,114.063286,18.942958,0,1
2024-01-02 05:55:00,S003,3.8457795114469286,75.32813100165292,17.605766557981617,0,0
2024-01-05 07:50:00,S010,3.475084,146.037776,16.01443,0,0
2024-01-12 20:00:00,S007,3.341169,80.519659,17.693522,0,0
2024-01-18 15:35:00,S009,3.198919,104.450791,17.42065,0,0
2024-01-09 09:15:00,S001,3.058677,118.036869,14.411632,0,0
2024-01-20 08:55:00,S009,2.114333,151.790231,14.582706,1,0
2024-01-19 11:15:00,S002,3.044401,145.105847,11.912042,0,0
2024-01-08 14:05:00,S010,3.364187,144.611067,15.976531,0,0
2024-01-14 20:55:00,S007,3.026798,87.913502,18.802402,0,0
2024-01-09 21:55:00,S002,3.258418,122.394737,17.866648,0,0
2024-01-12 21:15:00,S007,3.067587,92.857475,15.874225,0,0
2024-01-08 01:45:00,S003,0.998157,190.014642,18.090893,0,1
2024-01-18 16:40:00,S009,3.277198,145.299785,20.12784,0,0
2024-01-03 16:20:00,S008,2.8702855413935997,95.96231740265546,18.327006801297827,0,0
2024-01-05 11:00:00,S001,2.274908,202.565448,23.9934,0,1
2024-01-20 03:20:00,S007,2.737206,110.071622,15.713085,1,0
2024-01-13 08:50:00,S002,3.281847,128.028447,17.42485,0,0
2024-01-20 17:15:00,S006,3.062861,136.189088,17.897986,0,0
2024-01-09 23:35:00,S009,2.718869,71.711056,16.816859,1,0
2024-01-20 00:45:00,S010,3.30963,141.720012,15.157571,0,0
2024-01-05 21:50:00,S005,3.123944,142.467903,17.577432,0,0
2024-01-05 06:50:00,S010,2.996169,119.580594,16.910103,0,0
2024-01-19 01:20:00,S010,3.238358,95.851076,18.079797,0,0
2024-01-02 12:15:00,S002,3.691773316736123,156.06297159000474,10.753390171959609,0,0
2024-01-06 19:30:00,S009,3.23232,126.596083,18.245287,0,0
2024-01-12 10:55:00,S005,3.446699,83.267616,14.745724,0,0
2024-01-02 06:25:00,S009,3.2067518483992217,173.24553465657075,16.888977957598208,0,0
2024-01-16 15:40:00,S009,3.104541,109.89183,14.337279,0,0
2024-01-01 19:15:00,S006,3.4825140082481627,198.81999745110085,14.257817929129676,0,0
2024-01-18 17:10:00,S009,3.262154,121.095624,12.737834,0,0
2024-01-01 12:15:00,S008,3.3811804063511115,94.10670188314572,20.710887996847426,0,0
2024-01-19 06:50:00,S009,3.002168,146.713262,19.104312,0,0
2024-01-11 17:20:00,S005,3.303696,162.856688,17.396853,0,0
2024-01-15 00:15:00,S001,3.722118,141.775626,18.914539,0,0
2024-01-13 08:10:00,S002,3.135335,112.538535,18.787928,0,0
2024-01-02 09:55:00,S004,3.0894613380179368,128.87188983099855,17.675220798722677,0,0
2024-01-20 05:30:00,S009,2.873625,139.532295,14.190613,0,0
2024-01-13 00:00:00,S003,3.219879,85.419417,20.575113,0,0
2024-01-08 06:10:00,S002,3.656929,77.277223,14.597124,0,0
2024-01-01 07:10:00,S001,2.9196452607534185,111.68100813082792,19.04172823034948,0,0
2024-01-13 10:00:00,S010,3.09569,162.304576,14.865757,0,0
2024-01-12 08:35:00,S001,3.331634,94.19195,14.66235,0,0
2024-01-03 22:20:00,S007,3.035473644202996,145.2116211656044,12.79629707280962,0,0
2024-01-04 13:55:00,S009,3.440249,127.310171,17.051771,0,0
2024-01-13 21:50:00,S005,2.969822,145.15357,17.390971,0,0
2024-01-16 00:45:00,S009,3.272979,137.873618,16.612126,0,0
2024-01-14 09:15:00,S008,2.822968,167.500896,17.170467,0,0
2024-01-11 08:55:00,S008,3.458172,141.595618,15.884475,0,0
2024-01-16 02:30:00,S006,2.662669,93.925551,18.538966,1,0
2024-01-10 03:00:00,S009,3.058265,152.654974,16.840163,0,0
2024-01-14 00:45:00,S008,3.548801,94.380885,15.098442,0,0
2024-01-19 10:00:00,S007,2.693727,155.596298,18.504544,0,0
2024-01-03 23:15:00,S009,3.3396169920005123,178.69023709959933,20.00391171188021,0,0
2024-01-11 10:15:00,S003,2.120338,180.70656,13.526385,1,0
2024-01-01 06:30:00,S003,2.880523260809708,110.78031301721256,18.57209537807516,0,0
2024-01-11 09:20:00,S008,3.028742,99.775536,16.270372,0,0
2024-01-08 19:15:00,S002,2.561679,169.608239,16.096284,1,0
2024-01-15 02:00:00,S010,2.872791,109.952853,19.319228,0,0
2024-01-20 00:15:00,S010,3.339556,105.93232,18.746004,0,0
2024-01-20 03:35:00,S007,2.596006,133.851295,15.167594,1,0
2024-01-03 15:10:00,S007,2.908975970968727,159.7343179341701,15.58180322862548,0,0
2024-01-17 07:20:00,S002,3.247176,125.08867,16.807702,0,0
2024-01-12 15:35:00,S002,1.802428,96.63623,20.972069,0,1
2024-01-03 17:40:00,S009,2.580658467492975,150.40354763611225,13.469198924739333,0,0
2024-01-08 21:55:00,S010,2.491299,128.236412,15.356645,1,0
2024-01-13 18:10:00,S002,2.782726,137.038252,15.270898,0,0
2024-01-15 17:55:00,S008,3.173693,132.467868,14.649786,0,0
2024-01-18 06:45:00,S004,3.126023,97.536589,19.737379,0,0
2024-01-17 13:45:00,S002,3.228517,111.501929,20.289567,0,0
2024-01-16 13:50:00,S009,3.387816,111.068801,18.595858,0,0
2024-01-18 05:20:00,S004,3.361094,71.163961,18.161946,0,0
2024-01-08 13:20:00,S004,2.737621,123.755534,22.304518,0,0
2024-01-02 11:20:00,S010,3.237127266292835,128.36662181081965,18.44067548533509,0,0
2024-01-02 08:40:00,S007,3.7038785193697192,135.80729650539513,17.690015889346245,0,0
2024-01-21 10:50:00,S009,3.401963,125.55406,16.010903,0,0
2024-01-20 16:05:00,S006,2.989435,107.25171,19.394628,0,0
2024-01-08 18:35:00,S002,3.219753,100.263567,16.319477,0,0
2024-01-01 08:40:00,S006,2.6330538006355835,68.09538066509012,16.911681520490887,0,0
2024-01-10 06:40:00,S008,3.22726,121.639974,19.1216,0,0
2024-01-20 01:05:00,S003,1.932918,200.667263,18.931512,1,0
2024-01-18 10:35:00,S003,2.519894,189.21764,16.24544,1,0
2024-01-08 04:20:00,S010,1.881693,85.554487,15.304907,0,1
2024-01-14 19:15:00,S001,3.016712,123.13508,17.142343,0,0
2024-01-13 03:05:00,S006,2.591364,130.126002,15.377155,1,0
2024-01-07 18:20:00,S010,2.37744,156.929665,11.770032,1,0
2024-01-06 01:35:00,S003,3.097297,161.378414,16.782984,0,0
2024-01-07 03:20:00,S004,3.107074,128.222382,16.266482,0,0
2024-01-12 10:50:00,S005,3.732431,115.526302,16.976784,0,0
2024-01-20 00:50:00,S003,2.752184,161.123952,13.527178,1,0
2024-01-14 07:15:00,S008,3.266555,132.252113,17.583453,0,0
2024-01-20 22:25:00,S005,3.596786,166.955211,17.498006,0,0
2024-01-06 12:15:00,S008,3.01051,100.25138,19.208683,0,0
2024-01-17 02:35:00,S008,2.795256,104.4519,20.822264,0,0
2024-01-07 00:15:00,S002,2.991545,114.381948,18.667698,0,0
2024-01-20 20:00:00,S005,3.395494,167.693766,15.787872,0,0
2024-01-17 05:20:00,S003,1.203649,217.734034,18.691396,0,1
2024-01-01 15:10:00,S004,3.6063734523833375,85.81657186524535,11.65711169697092,0,0
2024-01-07 05:15:00,S001,2.896964,110.127703,18.265468,1,0
2024-01-09 04:15:00,S004,3.655694,112.018348,17.455712,0,0
2024-01-07 17:40:00,S008,3.039598,111.016761,16.218021,0,0
2024-01-03 10:30:00,S004,3.408221875788918,96.18295730243742,22.562962511140835,0,0
2024-01-09 11:30:00,S010,1.288586,89.467536,19.068056,0,1
2024-01-19 03:50:00,S002,3.291284,117.352631,20.44326,0,0
2024-01-02 17:20:00,S005,3.568931999647769,172.5169199758454,12.72420951634904,0,0
2024-01-17 04:35:00,S002,3.264722,113.451384,16.731617,0,0
2024-01-02 14:40:00,S002,3.4049377085724144,121.01013222423688,10.89574733456334,0,0
2024-01-14 04:40:00,S008,3.248877,117.598341,13.617319,0,0
2024-01-18 23:55:00,S003,1.801326,204.782397,17.872346,1,0
2024-01-01 14:20:00,S005,2.525154407640094,196.46671579620423,19.558473696842302,1,0
2024-01-08 00:20:00,S005,2.24121,189.101665,12.430916,1,0
2024-01-20 23:10:00,S005,3.248224,127.772149,18.017606,0,0
2024-01-19 12:50:00,S002,3.165448,130.610323,23.154339,0,0
2024-01-09 19:40:00,S009,3.131177,120.171071,14.825071,0,0
2024-01-21 15:35:00,S009,3.571745,134.926965,18.69366,0,0
2024-01-07 23:25:00,S001,2.961117,141.253928,17.142372,0,0
2024-01-08 20:20:00,S008,3.118657,66.274547,17.717443,0,0
2024-01-11 17:00:00,S005,3.145203,126.388427,17.360946,0,0
2024-01-08 08:00:00,S004,2.570294,71.292174,15.314576,0,0
2024-01-04 03:00:00,S002,3.7308169716189807,51.07131226523676,16.850958893287604,0,0
2024-01-06 00:30:00,S002,2.532806,141.15733,17.483911,1,0
2024-01-07 15:15:00,S008,2.227899,165.894924,15.832522,0,1
2024-01-13 07:10:00,S002,2.999845,160.552604,17.358329,0,0
2024-01-10 08:45:00,S007,3.143317,103.744367,19.586245,0,0
2024-01-20 13:20:00,S006,3.043982,176.97073,21.793031,0,0
2024-01-13 17:10:00,S006,3.296771,137.171033,17.578322,0,0
2024-01-03 13:45:00,S006,3.199174438987733,116.80797889668084,10.218507321269184,0,0
2024-01-08 23:05:00,S009,3.406904,137.955342,16.482224,0,0
2024-01-09 12:20:00,S006,2.796786,144.909161,16.797241,0,0
2024-01-13 20:45:00,S005,3.025453,99.027002,15.652918,0,0
2024-01-18 00:05:00,S003,3.124793,101.722731,22.100389,0,0
2024-01-05 04:30:00,S007,2.286389,124.313606,11.762951,0,1
2024-01-02 18:25:00,S007,2.974824497901805,172.46161774475462,17.52273192219601,0,0
2024-01-19 08:40:00,S009,3.347738,113.467807,14.543322,0,0
2024-01-13 20:35:00,S005,3.304634,116.663861,17.140807,0,0
2024-01-14 18:40:00,S001,3.048445,122.99406,17.173683,0,0
2024-01-19 20:35:00,S009,3.192876,126.791252,15.720799,0,0
2024-01-06 09:05:00,S002,3.03501,151.652398,16.202411,0,0
2024-01-11 12:25:00,S003,3.056086,112.071268,16.667831,0,0
2024-01-16 16:50:00,S009,3.122372,143.48101,16.911117,0,0
2024-01-08 15:30:00,S010,3.074849,158.228398,15.3576,0,0
2024-01-09 21:50:00,S002,3.384239,76.804435,18.35163,0,0
2024-01-14 03:45:00,S008,3.10326,95.000313,20.642951,0,0
2024-01-08 02:20:00,S009,2.962209,117.156951,15.421408,0,0
2024-01-03 15:55:00,S010,2.509696536684566,124.43588328512207,14.284389828433646,0,0
2024-01-21 10:00:00,S009,3.115868,183.363857,16.982662,0,0
2024-01-13 20:15:00,S005,2.710094,92.500003,19.432108,0,0
2024-01-06 05:40:00,S009,2.291214,116.525769,15.097873,0,1
2024-01-11 21:10:00,S004,2.341615,113.757107,16.836542,0,1
2024-01-21 06:05:00,S009,3.580647,139.778022,19.852752,0,0
2024-01-02 11:05:00,S003,2.6985585685524587,138.95217505408965,18.98680877560488,0,0
2024-01-01 10:15:00,S002,2.686445835228317,159.63012128054663,24.075106852315567,0,0
2024-01-19 20:00:00,S009,3.234307,116.277994,19.576203,0,0
2024-01-13 21:35:00,S005,3.661207,135.285212,15.147655,0,0
2024-01-12 10:20:00,S005,3.25807,120.433086,15.87629,0,0
2024-01-03 20:15:00,S006,2.519843219357941,126.7670684854221,21.54163869132335,0,0
2024-01-05 20:55:00,S005,3.044256,200.0,15.063823,0,0
2024-01-05 19:10:00,S009,3.354144,146.293995,16.834442,0,0
2024-01-08 11:00:00,S002,3.384109,106.173032,17.050383,0,0
2024-01-18 12:20:00,S004,3.159058,110.075339,18.357471,0,0
2024-01-06 11:15:00,S004,2.414641,123.218651,13.537039,1,0
2024-01-06 16:30:00,S007,2.616229,125.745334,18.555681,1,0
2024-01-07 05:35:00,S006,3.560583,80.894055,17.939286,0,0
2024-01-12 13:35:00,S006,2.141585,218.328811,13.633457,1,0
2024-01-21 00:50:00,S009,2.964039,114.779052,15.516603,0,0
2024-01-19 12:40:00,S002,3.570946,148.762542,21.855428,0,0
2024-01-02 09:15:00,S010,2.9816216456305757,162.47761466546996,16.190129891250947,0,0
2024-01-11 22:35:00,S005,3.101615,105.072195,13.99671,0,0
2024-01-09 00:30:00,S001,2.139813,143.127099,21.080435,1,0
2024-01-04 01:30:00,S005,2.9768570106599253,51.31658179218942,15.731993632389816,0,0
2024-01-13 09:05:00,S002,3.537978,109.043709,17.709336,0,0
2024-01-21 17:00:00,S009,3.274791,116.718459,19.057072,0,0
2024-01-05 02:15:00,S007,3.199546,168.966885,17.176613,0,0
2024-01-05 16:40:00,S009,3.139503,159.071384,18.066636,0,0
2024-01-14 11:30:00,S006,2.993906,151.296475,19.254082,0,0
2024-01-19 22:35:00,S009,2.583155,157.946083,14.743263,1,0
2024-01-08 09:30:00,S005,2.483487,154.155689,14.169294,1,0
2024-01-04 09:50:00,S003,3.7856454094148737,172.5660648750142,16.725197057869504,0,0
2024-01-02 14:00:00,S005,3.866603054151075,175.73980393185573,20.640744506310863,0,0
2024-01-06 03:50:00,S005,2.67382,171.037707,13.670673,1,0
2024-01-04 17:55:00,S008,2.227899,125.247861,14.821416,0,1
2024-01-07 18:30:00,S010,1.93999,126.176026,18.217839,1,0
2024-01-18 21:50:00,S009,3.1998,108.685234,13.981116,0,0
2024-01-03 09:25:00,S007,3.901649558130162,153.36314806223444,22.34909819020045,0,0
2024-01-09 10:25:00,S001,3.241497,90.421591,19.539932,0,0
2024-01-03 05:25:00,S005,3.032697471630719,56.78737835283318,13.268630623780204,0,0
2024-01-09 07:20:00,S005,3.149892,92.194037,14.574346,0,0
2024-01-10 19:25:00,S002,3.019732,147.119127,15.383132,0,0
2024-01-07 18:45:00,S010,2.414586,122.900695,20.944995,1,0
2024-01-13 06:50:00,S002,2.940216,141.173539,14.418177,0,0
2024-01-14 12:05:00,S006,3.356155,133.415593,19.326391,0,0
2024-01-11 14:50:00,S008,2.811528,102.641226,20.732738,0,0
2024-01-14 14:15:00,S010,3.102847,105.686228,18.84741,1,0
2024-01-17 16:00:00,S006,2.551725,103.098135,17.115432,0,0
2024-01-10 09:50:00,S007,3.37089,163.326271,17.500452,0,0
2024-01-04 18:15:00,S008,1.397121,173.925539,17.097867,0,1
2024-01-16 10:40:00,S003,2.864707,120.323611,19.069302,0,0
2024-01-20 20:10:00,S005,3.294771,179.251057,14.925363,0,0
2024-01-15 07:10:00,S006,3.275969,93.109061,14.253953,0,0
2024-01-07 13:00:00,S003,3.008583,117.637626,16.623588,0,0
2024-01-16 15:50:00,S009,3.094656,126.002759,14.365616,0,0
2024-01-02 08:25:00,S006,2.568473118253576,71.00361463299765,14.152214616869584,0,0
2024-01-09 15:50:00,S007,2.353985,145.044339,14.87819,1,0
2024-01-07 10:15:00,S003,3.633728,154.221859,17.420861,0,0
2024-01-11 13:00:00,S003,2.879483,120.524151,20.53708,0,0
2024-01-21 02:55:00,S009,3.163983,127.486791,15.142522,0,0
2024-01-13 12:15:00,S009,2.480344,140.245136,17.564328,0,0
2024-01-03 22:25:00,S010,3.39465093193849,122.70342754044611,10.40301481067403,0,0
2024-01-02 21:10:00,S005,3.613796249260632,61.49537097128732,23.08953703820253,0,0
2024-01-13 22:20:00,S005,3.837455,135.863206,12.53009,0,0
2024-01-01 07:35:00,S006,3.537571595753368,130.15194125441946,21.24866124204958,0,0
2024-01-13 18:35:00,S002,3.359133,111.58298,14.827749,0,0
2024-01-20 14:05:00,S006,3.598,112.132861,19.849731,0,0
2024-01-14 13:20:00,S006,3.47144,88.43678,14.910766,0,0
2024-01-07 20:55:00,S001,2.926546,154.466509,16.549267,0,0
2024-01-12 06:20:00,S005,3.166489,136.10446,19.412604,1,0
2024-01-14 19:30:00,S002,3.047377,125.480206,17.900569,1,0
2024-01-11 22:30:00,S005,2.867213,73.552516,17.752642,0,0
2024-01-18 00:20:00,S003,3.105099,153.051891,16.693979,0,0
2024-01-15 06:00:00,S004,2.59713,138.390295,15.735915,1,0
2024-01-17 01:10:00,S010,3.288638,128.071875,17.947129,0,0
2024-01-11 07:00:00,S008,2.292289,109.469881,21.072391,1,0
2024-01-13 00:35:00,S003,2.893996,151.355813,18.211116,0,0
2024-01-09 18:45:00,S002,2.784724,132.233436,16.405186,1,0
2024-01-15 06:20:00,S006,3.268316,148.167025,15.946009,0,0
2024-01-06 19:40:00,S009,2.923435,105.226103,16.379549,0,0
2024-01-04 15:20:00,S009,3.339468,120.323138,16.27972,0,0
2024-01-11 05:45:00,S003,2.898905,140.161958,15.311837,0,0
2024-01-07 19:20:00,S001,3.220062,98.851548,16.954726,0,0
2024-01-09 18:50:00,S002,2.875826,67.936112,17.345477,1,0
2024-01-16 07:40:00,S005,3.438793,121.820241,18.603859,0,0
2024-01-18 00:35:00,S003,2.784171,122.813886,22.823555,1,0
2024-01-14 16:15:00,S007,3.051491,142.857329,16.606082,0,0
2024-01-01 19:45:00,S010,2.610245120995019,75.46368576313111,17.796609228340266,0,0
2024-01-15 09:45:00,S001,3.002094,128.153882,14.57072,0,0
2024-01-17 20:45:00,S009,3.091214,113.679905,16.948227,1,0
2024-01-04 22:25:00,S008,3.488842,129.512995,20.254503,0,0
2024-01-11 00:00:00,S001,3.172164,132.490637,13.374749,0,0
2024-01-07 06:25:00,S002,2.319732,82.936112,19.028528,0,1
2024-01-18 05:10:00,S004,3.487374,75.52751,14.579305,0,0
2024-01-01 13:35:00,S002,3.40077529065048,149.7555011819383,12.630569179351744,0,0
2024-01-16 17:15:00,S002,1.978227,202.286976,16.324023,0,1
2024-01-20 19:20:00,S005,2.959825,128.400114,16.352543,0,0
2024-01-20 14:35:00,S006,3.469948,105.768997,16.736682,0,0
2024-01-16 09:00:00,S002,3.309896,108.456608,17.1465,0,0
2024-01-16 14:50:00,S007,2.065349,152.479898,13.016884,1,0
2024-01-16 00:30:00,S009,3.506609,99.188687,18.451664,0,0
2024-01-01 22:05:00,S009,3.6906157755707754,146.99088701342902,12.621601642410658,0,0
2024-01-07 22:45:00,S001,3.261718,73.781935,15.354035,0,0
2024-01-07 06:55:00,S006,3.083824,124.623685,20.075192,0,0
2024-01-12 09:05:00,S001,3.273404,127.803535,18.142946,0,0
2024-01-20 11:25:00,S003,3.129778,123.929478,20.335868,0,0
2024-01-11 08:10:00,S008,3.125561,151.044852,19.984662,0,0
2024-01-15 19:00:00,S008,3.157888,153.65974,13.327985,0,0
2024-01-11 02:10:00,S009,2.632253,136.193017,15.317321,0,0
2024-01-15 21:30:00,S010,3.227365,124.038839,18.239845,0,0
2024-01-20 02:05:00,S003,3.045766,157.114092,17.206526,0,0
2024-01-05 23:00:00,S005,3.382713,144.392944,19.597245,0,0
2024-01-02 09:10:00,S004,3.0535795326413746,68.15375007277896,16.28421685281213,0,0
2024-01-14 18:20:00,S001,2.943146,153.849113,19.600436,0,0
2024-01-18 09:05:00,S004,3.42513,111.976117,18.274099,0,0
2024-01-04 06:55:00,S005,3.914474176106704,141.55640896725382,22.52460678524444,0,0
2024-01-11 16:30:00,S005,3.317001,127.304104,17.365135,0,0
2024-01-11 21:30:00,S001,2.671228,121.024925,14.393682,0,0
2024-01-19 13:35:00,S002,3.507633,129.021063,19.362364,0,0
2024-01-18 02:15:00,S006,3.278402,81.598295,18.65543,0,0
2024-01-20 08:25:00,S002,2.981888,74.44738,17.651458,0,0
2024-01-18 21:00:00,S006,3.544134,115.32596,18.217185,0,0
2024-01-12 05:05:00,S008,3.27672,105.438621,19.177616,0,0
2024-01-14 20:50:00,S007,3.25259,136.989923,19.236182,0,0
2024-01-06 01:00:00,S002,3.119732,109.369271,19.181793,1,0
2024-01-03 01:25:00,S006,3.5539603087873437,59.97914123162829,13.461919808897976,0,0
2024-01-10 11:05:00,S007,3.097109,138.941997,17.270903,0,0
2024-01-01 03:25:00,S005,3.825241033399388,162.15781608461208,24.2960777053593,0,0
2024-01-02 22:40:00,S002,2.6004604180379074,181.6025679699258,15.841074084683129,0,0
2024-01-17 18:35:00,S009,3.131206,160.564205,14.192466,0,0
2024-01-18 21:10:00,S006,3.29981,116.894446,20.048749,0,0
2024-01-02 16:45:00,S003,3.3907037212144235,54.92144361929127,19.540637031699525,0,0
2024-01-01 20:15:00,S005,3.21984562238811,152.89516039744765,10.260696852782194,0,0
2024-01-12 00:20:00,S005,2.919895,125.669769,14.691159,0,0
2024-01-05 15:35:00,S009,3.27805,126.656033,20.111561,0,0
2024-01-14 16:00:00,S007,3.297237,105.119295,17.861111,0,0
2024-01-21 19:05:00,S009,3.418731,132.630609,16.531141,0,0
2024-01-02 09:45:00,S005,3.7926137423774433,138.54283144297398,13.394186623213477,0,0
2024-01-06 00:10:00,S002,3.119732,148.372514,15.534007,1,0
2024-01-01 21:45:00,S004,3.5764536788629444,109.98578102062342,24.650878579938684,0,0
2024-01-14 14:00:00,S006,3.142917,139.947948,16.638975,0,0
2024-01-13 06:45:00,S002,3.306807,151.296532,13.928388,0,0
2024-01-19 23:40:00,S010,3.129335,139.623672,16.530774,0,0
2024-01-06 20:45:00,S006,0.992862,212.707725,18.452014,0,1
2024-01-13 01:50:00,S008,2.227899,135.409689,14.973745,0,1
2024-01-06 23:45:00,S007,1.287136,197.913821,15.763191,0,1
2024-01-05 04:15:00,S009,3.014013,129.594323,17.268234,0,0
2024-01-03 21:30:00,S005,3.773385804214109,109.59072092606895,13.683259389167366,0,0
2024-01-07 11:30:00,S005,3.524828,114.28791,21.434903,0,0
2024-01-09 16:00:00,S007,2.128351,115.900629,16.909837,1,0
2024-01-11 11:20:00,S003,3.359195,115.145301,16.92449,0,0
2024-01-16 15:55:00,S009,3.39182,118.40759,16.511194,0,0
2024-01-07 23:30:00,S001,2.975079,139.037738,15.270524,0,0
2024-01-14 15:35:00,S007,3.307451,132.465413,20.467353,0,0
2024-01-02 04:20:00,S004,3.485432734400709,193.4921931625187,11.034370245346318,0,0
2024-01-15 11:40:00,S001,3.291297,132.771412,18.188373,0,0
2024-01-06 13:25:00,S008,3.001139,151.107947,17.284592,0,0
2024-01-10 17:00:00,S006,3.020668,125.738705,17.403718,0,0
2024-01-19 15:15:00,S006,2.998023,75.633824,20.521146,0,0
2024-01-20 23:55:00,S004,1.84099,134.253741,16.532161,1,0
2024-01-02 16:00:00,S008,3.772063134402226,159.32921634049202,11.43098915969816,0,0
2024-01-13 22:25:00,S005,3.845804,121.191449,12.972232,0,0
2024-01-21 12:05:00,S009,3.241382,128.056498,18.487282,0,0
2024-01-10 16:05:00,S006,2.525919,103.256385,19.67352,0,0
2024-01-06 06:55:00,S003,3.060289,140.377857,16.341993,0,0
2024-01-13 13:45:00,S009,3.3232,112.789528,20.304249,0,0
2024-01-16 12:15:00,S008,1.982361,185.692187,14.465792,1,0
2024-01-19 11:20:00,S002,2.996065,110.751231,13.1739,0,0
2024-01-20 07:20:00,S002,2.860983,123.512555,16.104136,0,0
2024-01-20 14:20:00,S006,3.686929,117.929457,17.295459,0,0
2024-01-03 18:35:00,S009,2.707557392080835,197.4109311365579,13.749593363032446,0,0
2024-01-07 03:10:00,S004,3.012643,123.93074,18.233915,0,0
2024-01-19 14:55:00,S006,3.018197,161.99033,19.656898,0,0
2024-01-11 12:05:00,S003,3.277783,88.257041,17.69836,0,0
2024-01-09 12:25:00,S006,2.887193,124.324226,14.584053,0,0
2024-01-15 03:25:00,S001,3.017914,123.14589,14.927702,0,0
2024-01-17 10:55:00,S003,3.150152,163.802253,16.78953,0,0
2024-01-17 20:35:00,S009,3.052681,153.851921,19.802303,0,0
2024-01-13 20:40:00,S005,3.035222,124.958362,16.033531,0,0
2024-01-20 11:30:00,S003,2.976379,117.782423,19.395702,0,0
2024-01-02 06:15:00,S005,3.339633525457574,129.10994331840146,20.790304335537375,0,0
2024-01-05 09:55:00,S005,3.32768,111.508627,19.167214,0,0
2024-01-07 22:55:00,S001,3.368224,91.713842,17.165998,0,0
2024-01-19 17:30:00,S008,3.062389,178.397839,19.807027,0,0
2024-01-15 17:45:00,S008,3.075496,124.375175,15.798009,0,0
2024-01-20 12:35:00,S003,2.611642,183.380751,14.443706,1,0
2024-01-18 05:05:00,S004,3.429874,80.70869,18.890257,0,0
2024-01-02 04:55:00,S001,2.7268702431024017,83.79753949268526,13.76449992010447,0,0
2024-01-12 15:10:00,S005,3.673761,163.352708,17.757245,0,0
2024-01-21 11:15:00,S009,3.328312,158.471187,18.431184,0,0
2024-01-13 13:05:00,S009,2.959589,141.291798,16.831176,0,0
2024-01-20 20:30:00,S005,3.117548,139.79748,17.609786,0,0
2024-01-09 21:30:00,S002,3.446543,118.02821,18.468602,0,0
2024-01-11 12:15:00,S003,2.969386,132.870553,18.734765,0,0
2024-01-15 12:20:00,S010,1.735012,176.436462,22.662928,0,1
2024-01-20 02:10:00,S003,3.021253,129.746136,19.522309,0,0
2024-01-05 22:35:00,S005,3.139155,149.443141,17.681424,0,0
2024-01-03 06:40:00,S004,3.3259950691612774,110.48116341998784,22.504660157127585,0,0
2024-01-11 16:55:00,S005,3.370982,127.367645,17.221787,0,0
2024-01-20 04:20:00,S009,3.347123,137.597758,16.551286,0,0
2024-01-08 07:10:00,S002,3.647947,142.673193,17.252571,0,0
2024-01-03 04:40:00,S008,2.3622945602677774,228.4943974398462,11.3348457228452,1,0
2024-01-17 21:00:00,S005,2.985335,121.007179,13.090318,0,0
2024-01-09 15:45:00,S007,2.635495,163.143444,18.546415,1,0
2024-01-10 06:05:00,S007,2.286389,128.313308,14.265233,0,1
2024-01-16 01:30:00,S009,3.15134,128.571923,18.527845,0,0
2024-01-20 16:20:00,S006,3.151226,145.960299,21.040015,0,0
2024-01-16 06:55:00,S005,3.182709,140.669458,14.284503,0,0
2024-01-20 05:40:00,S009,2.984448,108.861624,13.296246,0,0
2024-01-09 02:30:00,S009,3.361375,144.765312,17.036448,0,0
2024-01-13 07:40:00,S007,2.735487,69.645722,18.72781,1,0
2024-01-16 22:45:00,S004,2.409854,117.778397,18.171825,1,0
2024-01-09 16:20:00,S003,2.966345,167.628732,19.162727,0,0
2024-01-13 13:35:00,S009,3.243696,129.042386,19.26143,0,0
2024-01-06 02:05:00,S003,3.56014,140.386635,16.587756,0,0
2024-01-14 16:20:00,S007,3.070324,136.987336,16.109334,0,0
2024-01-14 22:25:00,S009,3.290837,95.029247,17.964272,0,0
2024-01-19 18:25:00,S008,2.264836,98.960806,12.280073,1,0
2024-01-01 09:35:00,S008,3.845148136939638,62.03506184924633,17.86767084355382,0,0
2024-01-07 07:45:00,S006,2.818,122.125923,17.633748,0,0
2024-01-06 04:30:00,S008,2.972339,157.905587,16.072245,0,0
2024-01-09 08:05:00,S005,3.482767,95.765037,19.59563,0,0
2024-01-14 10:50:00,S001,2.274908,87.704286,15.149773,0,1
2024-01-05 06:40:00,S010,2.832703,147.125042,14.913378,0,0
2024-01-10 05:45:00,S001,3.352952,164.898591,16.547985,0,0
2024-01-10 18:45:00,S004,2.023174,126.965164,21.175592,0,1
2024-01-20 19:00:00,S005,3.140836,115.657957,17.525084,0,0
2024-01-20 00:30:00,S010,3.162424,132.89475,17.947618,0,0
2024-01-05 00:05:00,S005,2.585813,108.295142,14.393205,1,0
2024-01-14 13:45:00,S006,3.337608,100.194938,20.019429,0,0
2024-01-17 12:40:00,S002,2.95131,92.44394,15.231284,0,0
2024-01-19 11:50:00,S002,3.405826,76.249252,14.530895,0,0
2024-01-01 04:45:00,S009,3.0128195000746025,63.76985987201628,11.412354824028402,0,0
2024-01-20 09:10:00,S009,2.144167,169.882504,17.169586,1,0
2024-01-14 11:35:00,S006,3.230175,143.565173,19.288918,0,0
2024-01-11 15:05:00,S008,3.067534,129.651238,19.145972,0,0
2024-01-18 23:35:00,S003,2.079096,112.785105,16.853189,1,0
2024-01-21 14:30:00,S009,3.489321,113.761357,21.173967,0,0
2024-01-07 00:35:00,S002,3.295207,105.724078,17.480563,0,0
2024-01-19 18:05:00,S008,3.353063,95.627983,19.11013,0,0
2024-01-10 19:15:00,S002,2.931812,137.654246,16.996452,0,0
2024-01-08 15:00:00,S010,3.310215,130.728341,16.291673,0,0
2024-01-01 13:15:00,S001,2.903016039077419,131.24513219913004,19.50217329739221,0,0
2024-01-15 05:40:00,S004,2.016306,182.959257,18.964622,1,0
2024-01-09 14:15:00,S004,2.09727,185.556172,19.152873,1,0
2024-01-09 21:40:00,S002,3.4602,147.290004,20.518996,0,0
2024-01-15 21:50:00,S010,3.277012,158.847102,20.624911,0,0
2024-01-18 12:45:00,S004,3.525995,93.491881,15.045369,0,0
2024-01-15 08:55:00,S007,3.087247,146.231026,13.467278,0,0
2024-01-10 01:20:00,S009,2.694584,168.016524,16.881008,0,0
2024-01-21 07:55:00,S009,3.026484,153.85067,14.482883,0,0
2024-01-03 10:55:00,S001,2.5204510358587324,98.40898590899576,18.31535021824553,0,0
2024-01-11 13:50:00,S002,3.119732,109.160365,20.221564,1,0
2024-01-20 06:50:00,S001,1.984252,179.190059,23.328705,1,0
2024-01-04 19:05:00,S004,3.463308,144.893907,16.500481,0,0
2024-01-16 21:10:00,S008,2.633481,115.10742,17.835846,0,0
2024-01-05 18:40:00,S009,3.207045,123.106568,13.239655,0,0
2024-01-21 11:25:00,S009,3.165542,104.174084,18.268609,0,0
2024-01-01 06:00:00,S004,3.919291814322536,167.19440757068037,11.70196903026172,0,0
2024-01-07 16:10:00,S008,3.046029,101.479413,15.93183,0,0
2024-01-16 09:50:00,S002,3.379643,90.597704,14.194312,0,0
2024-01-15 22:45:00,S003,2.944696,212.616727,22.668756,1,0
2024-01-07 03:00:00,S006,2.236681,86.26368,18.826819,0,1
2024-01-03 13:55:00,S005,3.406538979572157,164.55384040254808,17.851020563830122,0,0
2024-01-15 03:30:00,S001,3.333436,95.762242,14.622204,0,0
2024-01-04 11:45:00,S005,2.302758,142.97723,16.786911,1,0
2024-01-10 06:20:00,S007,2.286389,194.68062,19.578534,0,1
2024-01-05 03:10:00,S009,2.465014,108.418315,16.260073,1,0
2024-01-15 23:40:00,S009,3.611243,116.726094,20.39422,0,0
2024-01-10 00:45:00,S009,1.70682,193.810759,15.194827,0,1
2024-01-04 21:45:00,S008,2.874325,140.381229,17.219735,0,0
2024-01-05 07:25:00,S010,2.993752,104.010398,13.431665,0,0
2024-01-15 00:25:00,S001,3.433767,116.227389,19.264154,0,0
2024-01-19 15:40:00,S002,2.535652,138.989018,15.806253,1,0
2024-01-18 04:00:00,S009,2.075361,151.389804,18.712065,1,0
2024-01-20 14:55:00,S006,3.313509,151.272554,15.88062,0,0
2024-01-12 15:15:00,S005,3.507938,152.91329,19.625844,0,0
2024-01-04 11:10:00,S002,3.01789682808558,75.91351343693148,19.329711851408117,0,0
2024-01-16 11:45:00,S003,3.275258,115.129981,19.458231,0,0
2024-01-14 06:40:00,S008,2.868213,149.093344,22.303055,0,0
2024-01-14 23:55:00,S001,3.641481,102.064812,16.328965,0,0
2024-01-10 07:40:00,S008,3.283732,139.765025,16.618463,0,0
2024-01-19 00:50:00,S010,2.966041,139.71853,18.741958,0,0
2024-01-06 11:25:00,S004,2.488891,201.543844,21.841284,1,0
2024-01-14 13:30:00,S006,3.805282,99.968641,17.262057,0,0
2024-01-13 22:45:00,S005,3.178455,111.857541,16.589536,0,0
2024-01-13 17:40:00,S002,1.89935,219.212771,21.073888,0,1
2024-01-20 22:30:00,S005,3.309067,163.781032,20.540585,0,0
2024-01-07 08:10:00,S006,3.148665,109.595568,21.850918,0,0
2024-01-05 15:55:00,S009,3.299847,118.510737,19.732839,0,0
2024-01-21 18:35:00,S009,3.376938,118.872249,18.789005,0,0
2024-01-18 20:50:00,S006,3.334502,107.906127,15.909466,0,0
2024-01-18 04:35:00,S004,3.057978,119.456863,16.950057,0,0
2024-01-02 12:40:00,S004,2.954791089191569,93.49551784154136,18.449333964307225,0,0
2024-01-21 15:00:00,S009,3.368747,136.082815,19.787956,0,0
2024-01-04 19:40:00,S004,3.763936,131.117109,17.340377,0,0
2024-01-10 03:45:00,S009,2.513311,184.372585,13.903487,1,0
2024-01-15 15:25:00,S006,3.557609,137.270685,15.397331,0,0
2024-01-03 06:05:00,S010,3.0388131204740354,173.53283399177286,22.31044241150169,0,0
2024-01-06 08:50:00,S002,3.14013,123.267672,15.975277,0,0
2024-01-12 05:15:00,S008,3.475961,125.606214,21.623399,0,0
2024-01-16 14:10:00,S009,2.915802,115.047242,18.208895,0,0
2024-01-16 19:40:00,S005,3.594006,105.792094,18.506797,0,0
2024-01-16 21:05:00,S008,2.806982,114.475566,17.282444,0,0
2024-01-15 09:25:00,S010,3.102847,121.429392,17.630027,1,0
2024-01-10 21:40:00,S006,3.418779,147.670621,18.837072,0,0
2024-01-13 03:55:00,S009,2.724862,132.122708,13.562187,0,0
2024-01-19 16:40:00,S008,3.303468,118.379534,20.399815,0,0
2024-01-17 06:50:00,S002,3.141617,111.89505,19.189634,0,0
2024-01-03 04:30:00,S004,3.6086004639090583,91.61970195874312,14.224240631584475,0,0
2024-01-03 08:00:00,S005,3.922377306685119,95.69035336612856,13.967737059832572,0,0
2024-01-05 08:05:00,S010,3.658657,130.362317,15.81926,0,0
2024-01-15 04:35:00,S002,3.212483,91.994134,20.194425,0,0
2024-01-02 16:10:00,S009,3.641511885243088,105.75860996035148,15.8868727934422,0,0
2024-01-06 12:00:00,S008,2.950028,105.414688,14.883138,0,0
2024-01-15 16:45:00,S008,3.08187,117.527919,14.188591,0,0
2024-01-20 05:55:00,S009,3.315489,157.611056,19.828217,0,0
2024-01-15 14:20:00,S006,2.574844,111.173251,16.083485,0,0
2024-01-06 01:50:00,S003,3.120052,194.334388,16.613373,0,0
2024-01-11 13:20:00,S002,3.119732,109.287429,13.155098,1,0
2024-01-16 12:30:00,S008,2.065067,127.21571,21.867312,1,0
2024-01-17 16:50:00,S006,3.362072,161.177186,15.019852,0,0
2024-01-17 00:10:00,S010,3.24021,94.658278,17.771634,0,0
2024-01-21 17:40:00,S009,3.2515,99.495549,16.598665,0,0
2024-01-12 08:45:00,S001,3.53801,107.91333,19.901396,0,0
2024-01-12 05:50:00,S008,2.936629,151.224015,14.185246,0,0
2024-01-11 20:55:00,S004,1.969178,96.795698,16.796172,0,1
2024-01-13 18:55:00,S002,3.273515,120.448047,17.013319,0,0
2024-01-09 22:50:00,S002,3.128296,128.780563,18.101137,0,0
2024-01-19 18:50:00,S008,3.027899,144.191035,18.698936,1,0
2024-01-01 04:05:00,S010,3.313966952061365,92.98118781924266,18.86249890853516,0,0
2024-01-18 19:05:00,S006,3.181511,122.220359,19.376973,0,0
2024-01-15 15:20:00,S006,3.342588,138.609795,14.065961,0,0
2024-01-03 23:30:00,S002,3.069606107232473,142.579134067545,24.54728296950677,0,0
2024-01-12 04:45:00,S008,2.697277,98.334126,17.049327,0,0
2024-01-04 17:20:00,S005,3.311963,139.069144,14.819653,0,0
2024-01-03 11:55:00,S004,2.961656357939724,142.04568544840757,23.46902940165605,0,0
2024-01-08 15:15:00,S010,3.121877,169.813228,13.68708,0,0
2024-01-10 03:15:00,S009,3.091214,183.409662,17.905516,1,0
2024-01-21 07:20:00,S009,3.10126,97.369799,15.35913,0,0
2024-01-06 18:20:00,S009,3.020712,92.927909,17.800847,0,0
2024-01-06 18:00:00,S007,2.27128,184.431767,17.941837,1,0
2024-01-09 10:05:00,S001,2.766612,94.526017,19.089923,0,0
2024-01-20 04:30:00,S009,3.447789,162.628822,19.496112,0,0
2024-01-18 13:10:00,S004,3.235307,97.138181,18.081489,0,0
2024-01-21 17:05:00,S009,2.882357,119.742331,19.686176,0,0
2024-01-16 07:00:00,S005,2.981232,147.871933,18.302839,0,0
2024-01-11 18:05:00,S005,3.44817,137.83894,19.427074,0,0
2024-01-14 19:20:00,S001,3.055445,142.758111,15.337948,0,0
2024-01-19 15:10:00,S006,3.007341,82.304948,19.887681,0,0
2024-01-21 09:45:00,S009,2.786762,143.70006,17.042055,0,0
2024-01-20 18:45:00,S005,3.410487,105.501904,15.489589,0,0
2024-01-12 01:45:00,S007,3.190688,70.274009,21.522842,0,0
2024-01-14 20:25:00,S007,3.070476,148.691007,17.193996,0,0
2024-01-11 04:30:00,S003,2.907709,156.086648,16.708895,0,0
2024-01-18 03:40:00,S009,3.091214,80.638266,11.071924,1,0
2024-01-15 18:45:00,S008,3.141197,133.322975,15.190245,0,0
2024-01-10 01:10:00,S009,3.110878,136.945044,12.580977,0,0
2024-01-05 19:25:00,S009,3.393469,124.222854,14.465882,0,0
2024-01-20 08:15:00,S002,2.94724,139.225447,16.732943,0,0
2024-01-05 20:35:00,S002,2.319732,127.53139,17.160003,0,1
2024-01-05 03:35:00,S009,2.997327,140.141602,14.608101,0,0
2024-01-05 21:20:00,S005,3.246909,141.487355,11.449585,0,0
2024-01-07 09:45:00,S003,3.33609,101.874623,16.346455,0,0
2024-01-07 05:50:00,S006,3.553585,139.81517,16.113898,0,0
2024-01-14 17:45:00,S005,1.495048,115.543759,19.703045,0,1
2024-01-06 02:55:00,S003,3.565789,126.231678,23.219772,0,0
2024-01-19 02:50:00,S002,3.293634,130.152,18.721744,0,0
2024-01-01 02:55:00,S003,3.0584241498426143,191.0200163686668,24.60495755132976,0,0
2024-01-17 21:20:00,S005,3.324693,131.097885,17.695195,0,0
2024-01-09 03:25:00,S010,1.424898,122.736521,18.872678,0,1
2024-01-02 13:00:00,S009,2.6240731922865304,189.63310580912125,22.400719898965274,0,0
2024-01-19 14:20:00,S006,3.167026,149.58625,18.465324,0,0
2024-01-12 12:00:00,S001,3.251875,144.245582,18.756522,0,0
2024-01-09 04:35:00,S004,3.354452,106.31823,19.894701,0,0
2024-01-11 10:30:00,S003,2.487868,128.338278,17.839667,1,0
2024-01-13 16:30:00,S006,3.082352,145.254686,19.221712,0,0
2024-01-08 15:50:00,S010,3.0824,101.22491,16.97909,0,0
2024-01-16 00:35:00,S009,3.270004,95.264541,19.31885,0,0
2024-01-18 19:40:00,S006,2.963726,132.085977,15.948964,0,0
2024-01-13 16:45:00,S006,2.953833,189.35398,22.286382,0,0
2024-01-12 00:55:00,S009,3.091214,137.405687,19.216765,1,0
2024-01-12 21:10:00,S007,3.068488,96.491393,17.8177,0,0
2024-01-05 11:10:00,S008,2.63495,155.420652,20.198327,0,0
2024-01-16 10:25:00,S001,2.324255,151.714902,14.685125,1,0
2024-01-02 05:05:00,S001,3.3153073260139694,62.25880186201674,16.874509622929846,0,0
2024-01-12 20:40:00,S008,1.648498,132.316404,16.061636,0,1
2024-01-08 10:05:00,S005,2.62522,86.11679,18.021261,1,0
2024-01-10 08:15:00,S001,2.183288,186.958542,19.456442,1,0
2024-01-10 03:40:00,S009,2.057078,169.190643,17.607984,1,0
2024-01-14 22:40:00,S003,3.011617,179.716459,16.61464,1,0
2024-01-06 20:05:00,S006,2.236681,167.51097,20.243134,0,1
2024-01-19 20:40:00,S009,3.45204,126.748975,17.244574,0,0
2024-01-06 21:00:00,S004,2.538041,158.788245,14.844969,0,0
2024-01-16 08:40:00,S002,3.239681,105.189917,22.289022,0,0
2024-01-17 14:00:00,S002,3.536293,162.003421,18.429373,0,0
2024-01-13 14:55:00,S006,3.335272,113.243193,20.71834,0,0
2024-01-02 07:00:00,S005,3.112459514139177,163.8873099591264,23.55411766520193,0,0
2024-01-16 23:40:00,S010,3.07309,110.266996,14.957413,0,0
2024-01-01 11:40:00,S006,3.278257085689108,138.69131536173938,15.985040558051953,0,0
2024-01-20 09:50:00,S003,3.003305,139.507467,20.717661,0,0
2024-01-03 11:30:00,S003,3.2499384879471824,159.53737842943568,19.28759103048755,0,0
2024-01-12 01:40:00,S007,3.331938,88.03542,20.389425,0,0
2024-01-19 17:55:00,S008,3.314838,161.593272,23.259253,0,0
2024-01-15 13:05:00,S003,3.445692,100.62578,18.996734,0,0
2024-01-02 09:50:00,S009,3.1464778307699444,97.83002274817082,18.73298119891171,0,0
2024-01-01 01:40:00,S010,2.68313193205101,103.44467571154624,23.60242662318631,0,0
2024-01-04 11:40:00,S005,1.897878,153.777559,19.531377,1,0
2024-01-09 08:55:00,S001,3.009481,159.478523,17.871266,0,0
2024-01-09 20:05:00,S009,3.348575,107.224521,17.459862,0,0
2024-01-09 07:10:00,S005,3.143074,77.801794,12.713757,0,0
2024-01-17 17:30:00,S006,3.166004,119.651716,16.726931,0,0
2024-01-01 03:30:00,S003,3.9704973755740687,61.301938400919234,14.585455289307728,0,0
2024-01-10 19:50:00,S002,3.276561,152.803455,13.334099,0,0
2024-01-12 16:55:00,S006,3.383881,56.108415,18.36063,0,0
2024-01-11 11:50:00,S003,3.156523,107.525963,18.185744,0,0
2024-01-12 16:20:00,S006,2.957247,144.119718,16.323878,0,0
2024-01-01 00:55:00,S009,2.944410258556124,74.79004085945037,10.234546101117909,0,0
2024-01-05 02:05:00,S007,3.188969,133.621365,16.033099,0,0
2024-01-07 18:15:00,S010,2.666776,151.404441,20.357626,1,0
2024-01-09 16:25:00,S003,2.953685,154.032646,20.123846,0,0
2024-01-10 22:35:00,S003,1.412158,145.077674,17.140442,1,0
2024-01-14 10:05:00,S008,3.292241,125.912648,18.955841,0,0
2024-01-04 13:30:00,S009,2.970289,133.211558,18.956031,0,0
2024-01-14 08:40:00,S008,3.003184,139.972324,17.293461,0,0
2024-01-11 09:05:00,S008,3.429927,147.720778,16.033557,0,0
2024-01-04 08:05:00,S004,2.7823482996535684,77.63729773590114,10.85503581327901,0,0
2024-01-11 00:45:00,S001,3.007563,124.271599,19.123899,0,0
2024-01-11 11:15:00,S003,2.994812,129.792323,20.204684,0,0
2024-01-12 14:10:00,S005,3.346816,103.50665,15.286873,0,0
2024-01-15 16:30:00,S008,3.062093,105.84211,16.872005,0,0
2024-01-03 13:15:00,S007,2.98852720309593,109.12040701739424,19.05001294318052,0,0
2024-01-06 00:00:00,S005,3.008024,146.134483,13.712787,0,0
2024-01-10 23:35:00,S001,3.171267,135.501313,20.470725,0,0
2024-01-14 20:10:00,S007,3.286991,157.159028,17.245412,0,0
2024-01-04 04:20:00,S009,3.672669738893089,122.62595482451113,21.91021675398944,0,0
2024-01-18 08:50:00,S004,3.329846,144.66057,18.427082,0,0
2024-01-15 04:45:00,S002,3.256151,148.436503,14.857574,0,0
2024-01-20 05:45:00,S009,3.196042,122.193147,17.833423,0,0
2024-01-17 06:25:00,S002,3.428009,144.384592,16.081912,0,0
2024-01-10 15:00:00,S006,2.972337,94.971123,16.699349,0,0
2024-01-06 15:20:00,S001,3.099589,120.286661,20.465492,0,0
2024-01-20 16:25:00,S006,2.87417,127.790002,18.026699,0,0
2024-01-03 20:25:00,S004,3.631805373853691,116.81793946014318,18.883320989971608,0,0
2024-01-05 17:55:00,S009,3.408742,126.157464,17.686192,0,0
2024-01-13 21:20:00,S005,3.371631,116.108877,14.896277,0,0
2024-01-21 19:50:00,S009,3.422491,129.0222,18.910207,0,0
2024-01-03 22:50:00,S004,3.1274366666402287,96.41191923056664,24.050868337802356,0,0
2024-01-04 11:20:00,S010,3.064876,131.231521,15.913352,0,0
2024-01-17 03:40:00,S002,3.297874,100.294212,20.335568,0,0
2024-01-15 06:50:00,S006,3.23952,132.16276,17.333638,0,0
2024-01-06 16:25:00,S007,2.302666,184.97215,18.270528,1,0
2024-01-06 18:55:00,S009,3.179945,131.189934,16.946708,0,0
2024-01-12 00:25:00,S005,3.01901,97.161994,14.240652,0,0
2024-01-16 20:00:00,S005,2.366489,83.274035,16.665531,0,1
2024-01-05 16:15:00,S009,3.263589,111.056531,15.910278,0,0
2024-01-20 20:40:00,S005,3.264393,128.86301,14.393766,0,0
2024-01-12 05:10:00,S008,3.421516,111.046723,21.413799,0,0
2024-01-15 14:50:00,S006,3.497425,100.1401,21.272905,0,0
2024-01-16 23:50:00,S010,3.012944,107.389033,19.02545,0,0
2024-01-12 05:20:00,S008,3.418075,81.568823,19.022065,0,0
2024-01-18 00:25:00,S003,3.223214,124.631274,21.223557,0,0
2024-01-03 10:35:00,S007,2.501668141294281,90.7931839097298,13.26837069440116,0,0
2024-01-17 14:25:00,S006,2.236681,87.781201,13.329916,0,1
2024-01-12 10:15:00,S005,3.091359,132.467606,16.125251,0,0
2024-01-13 18:05:00,S002,2.822084,144.563076,17.178001,0,0
2024-01-09 08:40:00,S001,3.610578,123.148364,18.493346,0,0
2024-01-05 14:35:00,S006,1.450555,213.188843,17.40442,0,1
2024-01-20 09:30:00,S003,2.783189,147.758398,15.514949,0,0
2024-01-20 18:40:00,S005,3.007275,116.837903,16.922566,0,0
2024-01-18 09:20:00,S004,3.650687,150.535704,19.747073,0,0
2024-01-04 10:10:00,S002,3.18661572574932,64.33386559375029,23.47219667230151,0,0
2024-01-19 21:20:00,S006,2.657651,115.18078,12.49149,1,0
2024-01-18 21:40:00,S008,2.503322,120.530597,20.026544,1,0
2024-01-19 10:15:00,S010,2.999822,193.299879,17.557686,1,0
2024-01-15 01:25:00,S003,2.504119,172.752427,16.671099,1,0
2024-01-13 02:25:00,S008,3.469327,104.112019,16.320927,0,0
2024-01-09 14:10:00,S004,2.361416,197.549819,17.063201,1,0
2024-01-14 10:45:00,S008,2.998393,90.493823,16.758899,0,0
2024-01-05 03:50:00,S009,3.286753,142.890526,20.097362,0,0
2024-01-15 12:25:00,S010,1.254628,149.229164,16.867167,0,1
2024-01-06 06:30:00,S003,3.22343,139.502111,13.67392,0,0
2024-01-07 05:55:00,S006,3.403345,106.70299,17.522759,0,0
2024-01-04 12:30:00,S008,3.34726,102.771885,19.36729,0,0
2024-01-01 10:40:00,S002,3.3153292916709827,185.97081664468203,19.36356993870988,0,0
2024-01-05 17:40:00,S009,3.46044,168.715385,19.0278,0,0
2024-01-20 02:55:00,S003,3.416309,169.247941,17.668219,0,0
2024-01-04 02:15:00,S008,3.374960872276307,182.65151419569312,12.276143694295786,0,0
2024-01-10 16:45:00,S006,3.255723,88.594926,17.696038,0,0
2024-01-18 11:25:00,S004,3.141845,123.349343,20.098908,0,0
2024-01-20 20:15:00,S005,3.558386,177.487979,19.057477,0,0
2024-01-18 20:25:00,S006,3.009715,98.239899,21.429853,0,0
2024-01-12 06:45:00,S001,2.854683,112.553748,15.442378,0,0
2024-01-05 04:40:00,S007,1.81342,216.659491,18.098787,0,1
2024-01-14 10:20:00,S008,3.144503,126.620304,19.321221,0,0
2024-01-15 02:45:00,S001,2.446864,143.452599,15.672377,0,0
2024-01-18 19:25:00,S006,3.326642,136.735884,16.825873,0,0
2024-01-05 07:15:00,S010,3.133894,133.049302,15.394224,0,0
2024-01-08 22:45:00,S009,2.969997,123.975723,17.538294,0,0
2024-01-10 12:20:00,S005,3.322806,104.968013,19.091155,0,0
2024-01-01 22:55:00,S003,1.6449399536889089,175.48777907379565,14.995028695872968,0,1
2024-01-04 14:15:00,S009,3.485539,91.202379,16.175137,0,0
2024-01-05 06:25:00,S004,2.696048,136.356185,21.11596,1,0
2024-01-04 12:00:00,S008,3.187534,127.303739,13.218495,0,0
2024-01-14 07:00:00,S008,2.958735,135.370023,19.491995,0,0
2024-01-09 19:00:00,S002,1.970153,173.309388,18.496502,1,0
2024-01-04 16:10:00,S005,3.307307,139.442498,17.154277,0,0
2024-01-20 03:45:00,S009,3.108486,96.173535,15.845946,0,0
2024-01-01 23:25:00,S002,2.5946635496187254,67.64735427103379,13.410359501441482,0,0
2024-01-04 14:55:00,S009,3.034683,160.269313,18.432815,0,0
2024-01-05 13:40:00,S008,3.112279,90.396129,16.771538,0,0
2024-01-04 08:40:00,S001,3.147984057195161,54.95179038504909,24.30905128789613,0,0
2024-01-09 06:25:00,S004,3.038118,89.95159,19.025366,0,0
2024-01-17 14:55:00,S006,2.712946,136.671477,18.361668,0,0
2024-01-07 17:35:00,S008,3.109539,127.116696,17.261703,0,0
2024-01-19 01:25:00,S010,3.001581,140.673055,17.449698,0,0
2024-01-05 10:10:00,S005,3.198357,116.315667,19.097404,0,0
2024-01-03 03:35:00,S007,2.5096528172451937,165.8774429119106,20.53732512382703,0,0
2024-01-16 02:50:00,S007,3.297868,151.580442,15.363796,0,0
2024-01-07 01:10:00,S002,2.991792,119.262561,16.928453,0,0
2024-01-05 19:50:00,S009,3.268019,114.69756,16.783438,0,0
2024-01-17 22:40:00,S005,3.166489,112.022321,16.990844,1,0
2024-01-06 11:35:00,S004,2.512417,120.986254,15.810406,1,0
2024-01-06 17:55:00,S007,2.380048,188.536221,19.881775,1,0
2024-01-13 09:20:00,S002,3.535484,118.476775,15.877744,0,0
2024-01-09 04:00:00,S004,3.329577,81.1531,19.208264,0,0
2024-01-08 16:20:00,S010,3.528688,115.204692,18.524246,0,0
2024-01-21 16:55:00,S009,3.30779,139.636057,20.759888,0,0
2024-01-12 00:50:00,S009,3.091214,172.432265,16.589351,1,0
2024-01-12 02:00:00,S007,3.539767,101.729542,17.242813,0,0
2024-01-05 12:55:00,S008,3.288946,107.733855,15.987593,0,0
2024-01-02 23:55:00,S001,3.148519339605021,54.67236391900866,13.89364673912574,0,0
2024-01-09 04:40:00,S004,3.282708,135.707838,18.740178,0,0
2024-01-05 10:40:00,S005,3.609328,108.020663,19.0753,0,0
2024-01-17 22:25:00,S005,3.166489,140.529741,15.897529,1,0
2024-01-18 05:25:00,S004,3.32815,95.601284,15.783763,0,0
2024-01-07 22:05:00,S002,1.025177,186.332664,14.728141,0,1
2024-01-10 03:55:00,S009,1.984608,210.826673,20.345437,1,0
2024-01-01 22:25:00,S003,3.410641054133171,132.0046119071105,13.479206441739631,0,0
2024-01-03 04:25:00,S001,3.480075247718021,78.84648440504412,14.43481812418728,0,0
2024-01-16 10:20:00,S001,2.780709,139.304239,18.029284,1,0
2024-01-11 16:45:00,S005,3.436061,123.56518,19.503556,0,0
2024-01-13 00:50:00,S003,2.800745,127.823379,17.889733,0,0
2024-01-19 04:05:00,S005,2.881887,166.964462,16.60829,1,0
2024-01-14 23:15:00,S003,2.143605,107.252451,14.755166,1,0
2024-01-08 02:30:00,S009,2.995671,87.809219,15.108002,0,0
2024-01-17 08:30:00,S003,2.824712,110.358277,19.124666,0,0
2024-01-08 08:05:00,S004,3.198783,82.238542,16.64244,0,0
2024-01-01 02:15:00,S006,3.05167469907888,144.84587458903692,19.50294566141342,0,0
2024-01-08 02:00:00,S003,2.211617,107.513419,17.648798,0,1
2024-01-14 15:20:00,S007,3.247771,123.734149,17.998959,0,0
2024-01-19 19:45:00,S009,3.36339,153.226422,18.080513,0,0
2024-01-12 04:00:00,S009,1.582716,203.512299,18.36916,0,1
2024-01-14 05:50:00,S006,2.236681,96.94707,17.252226,0,1
2024-01-01 10:45:00,S007,3.5958237052139523,154.05764111050075,12.500961399900747,0,0
2024-01-16 10:35:00,S003,2.882059,122.701333,19.167001,0,0
2024-01-21 10:40:00,S009,3.26047,145.837502,14.527762,0,0
2024-01-01 01:05:00,S005,3.889451317770024,147.66155382529166,23.724395133156712,0,0
2024-01-18 20:30:00,S006,3.178951,99.017043,19.097716,0,0
2024-01-06 07:05:00,S003,3.370163,112.76326,15.520472,0,0
2024-01-09 05:05:00,S004,3.269596,123.553702,16.929434,0,0
2024-01-11 14:20:00,S008,2.893865,159.717614,17.838867,0,0
2024-01-14 21:45:00,S009,3.291977,130.179947,14.990549,0,0
2024-01-09 03:00:00,S010,2.302847,268.387098,17.108549,0,1
2024-01-02 07:10:00,S006,2.840095574385266,107.24179098008,11.932730680003822,0,0
2024-01-16 04:20:00,S007,2.88745,89.416976,18.831224,0,0
2024-01-18 21:20:00,S008,2.582735,167.651494,14.628714,1,0
2024-01-04 06:15:00,S007,2.944667331616229,189.44744115519924,11.869200785174913,0,0
2024-01-20 22:40:00,S005,3.461865,148.20933,18.393651,0,0
2024-01-08 10:55:00,S002,3.479895,97.854888,16.896834,0,0
2024-01-13 11:15:00,S010,2.785717,104.595875,16.759319,0,0
2024-01-19 21:35:00,S003,2.971174,118.995443,17.539136,0,0
2024-01-18 12:05:00,S004,3.28303,82.86279,18.043557,0,0
2024-01-13 13:55:00,S009,3.059433,133.649165,16.048547,0,0
2024-01-02 20:05:00,S002,3.57107908506719,63.70872294976646,12.989055047002012,0,0
2024-01-13 21:30:00,S005,3.522047,136.283414,16.106145,0,0
2024-01-05 09:45:00,S005,2.98756,123.06937,16.828711,0,0
2024-01-15 20:45:00,S010,3.173867,132.23621,15.675661,0,0
2024-01-05 20:10:00,S009,3.074586,151.197329,14.105853,0,0
2024-01-14 22:05:00,S009,3.227462,77.986197,16.596086,0,0
2024-01-07 05:45:00,S006,3.49129,117.402095,15.897579,0,0
2024-01-11 08:15:00,S008,2.913908,163.393746,19.113892,0,0
2024-01-06 00:05:00,S005,3.09675,116.497555,11.960996,0,0
2024-01-19 09:20:00,S007,3.086389,135.148411,17.769035,1,0
2024-01-21 07:25:00,S009,2.957055,100.372961,16.369398,0,0
2024-01-14 05:35:00,S008,3.523222,102.345659,12.785962,0,0
2024-01-05 10:05:00,S005,3.295754,127.467402,22.22746,0,0
2024-01-06 22:40:00,S004,3.409987,127.387197,21.106832,0,0
2024-01-04 07:35:00,S010,3.5237675951743004,149.33482374943895,20.729834657937037,0,0
2024-01-16 10:10:00,S002,3.266447,115.65322,16.539094,0,0
2024-01-17 15:30:00,S006,3.100191,131.937365,17.826225,0,0
2024-01-19 16:00:00,S008,2.734463,121.344265,17.053375,0,0
2024-01-02 09:35:00,S010,3.865201955173201,171.20339448598293,13.240770475175308,0,0
2024-01-08 04:35:00,S009,3.171929,99.233239,22.360195,0,0
2024-01-20 19:05:00,S005,2.874654,130.343741,18.593797,0,0
2024-01-07 20:45:00,S001,3.119507,162.38074,17.37757,0,0
2024-01-01 13:10:00,S010,3.348664929949841,197.8050968362602,17.065981790407214,0,0
2024-01-14 12:00:00,S006,3.496745,141.335499,17.997757,0,0
2024-01-04 03:10:00,S001,2.922737504943208,77.64520954251486,10.590428197295942,0,0
2024-01-02 05:20:00,S003,3.6794172990760496,80.20456732039617,13.879312523320582,0,0
2024-01-15 08:10:00,S007,3.457857,110.136943,17.330798,0,0
2024-01-03 14:50:00,S005,2.645448506448137,76.85474561623757,21.962710679447287,0,0
2024-01-11 07:35:00,S008,3.452728,92.116434,20.419825,0,0
2024-01-21 17:30:00,S009,3.630855,121.714837,15.582001,0,0
2024-01-11 03:20:00,S006,2.454465,206.482795,13.145425,1,0
2024-01-02 01:55:00,S009,3.465856380311696,129.54531998737374,10.629268351474543,0,0
2024-01-03 07:05:00,S003,3.069425146677505,97.48801398629767,14.285493910671468,0,0
2024-01-07 21:45:00,S002,1.314982,120.071709,18.43265,0,1
2024-01-13 17:25:00,S006,3.423236,100.408225,12.902949,0,0
2024-01-02 01:30:00,S007,3.5744850820940237,60.812650399801,11.06885091647888,0,0
2024-01-09 02:35:00,S009,3.07372,117.377719,12.178523,0,0
2024-01-09 04:20:00,S004,3.726439,97.949503,18.645635,0,0
2024-01-13 20:30:00,S005,3.325162,138.894717,15.448354,0,0
2024-01-14 05:00:00,S008,3.147945,134.437522,15.418419,0,0
2024-01-07 16:35:00,S008,3.158209,123.263745,15.182697,0,0
2024-01-12 21:35:00,S007,3.458889,70.790416,16.645912,0,0
2024-01-03 14:25:00,S008,2.94491872323564,61.5781295339702,12.54830609828586,0,0
2024-01-13 15:10:00,S006,3.125289,146.619976,13.985147,0,0
2024-01-19 04:55:00,S007,3.055138,122.848258,15.683467,0,0
2024-01-05 09:30:00,S005,3.161004,184.065173,19.650301,0,0
2024-01-21 13:05:00,S009,3.123749,121.071404,17.517376,0,0
2024-01-19 09:35:00,S007,2.289789,145.618213,16.839991,0,0
2024-01-13 11:35:00,S010,3.275607,108.298331,17.839967,0,0
2024-01-08 09:50:00,S005,2.376422,185.035756,18.813505,1,0
2024-01-15 06:25:00,S006,3.268598,100.849517,17.367466,0,0
2024-01-02 18:50:00,S004,3.973074305523944,167.72927344383203,21.00230119738156,0,0
2024-01-19 14:45:00,S006,2.739716,152.495957,16.236742,0,0
2024-01-02 10:05:00,S003,3.0109062498719377,60.75678332714765,16.14443342342848,0,0
2024-01-16 12:55:00,S009,3.010002,141.462651,18.959596,0,0
2024-01-21 17:55:00,S009,3.434625,131.154402,17.416024,0,0
2024-01-21 14:10:00,S009,2.779725,128.050343,17.926495,0,0
2024-01-19 00:45:00,S010,3.356139,140.785247,19.312399,0,0
2024-01-01 17:15:00,S004,3.4817668214217026,90.9889290497314,24.26295343375616,0,0
2024-01-02 14:10:00,S004,2.562485227574024,109.64713693880542,21.43463548032908,0,0
2024-01-08 03:10:00,S009,3.459497,144.003411,16.98579,0,0
2024-01-09 10:30:00,S001,3.044932,124.45982,19.042486,0,0
2024-01-01 20:50:00,S009,3.799658001291468,199.00054060379424,21.286416439233587,0,0
2024-01-18 18:35:00,S010,2.45202,127.434308,17.078648,1,0
2024-01-04 20:15:00,S006,0.923555,131.719544,18.138097,0,1
2024-01-17 21:10:00,S005,3.208541,112.993276,17.699205,0,0
2024-01-06 22:45:00,S004,3.192042,110.982538,17.649029,0,0
2024-01-14 13:55:00,S006,3.447507,134.595602,16.299555,0,0
2024-01-03 11:35:00,S006,2.9612946932356845,123.80817340736009,21.947627795855624,0,0
2024-01-02 22:00:00,S010,3.117797110626244,163.03919461186294,13.055007066590273,0,0
2024-01-05 23:55:00,S005,3.527839,135.06199,15.385147,0,0
2024-01-08 21:10:00,S008,3.234849,121.521009,15.708914,0,0
2024-01-11 22:00:00,S006,3.00815,127.316965,16.419541,1,0
2024-01-20 22:35:00,S005,3.260557,161.758479,21.270493,0,0
2024-01-07 16:25:00,S008,3.530808,131.016869,14.335038,0,0
2024-01-03 04:50:00,S008,3.012137904406448,117.3168205991922,23.698490206321843,0,0
2024-01-02 02:20:00,S009,3.3160248687741274,145.41061455947374,13.315950571805928,0,0
2024-01-20 13:40:00,S006,3.087893,107.614354,15.235692,0,0
2024-01-02 11:35:00,S001,3.770453281310591,183.96353077931224,10.93686390428607,0,0
2024-01-16 11:05:00,S003,3.043349,123.609896,17.221276,0,0
2024-01-01 08:45:00,S010,3.535592242944048,55.89682097616484,21.99115598363564,0,0
2024-01-11 13:25:00,S002,2.992617,195.696926,14.889643,1,0
2024-01-15 17:10:00,S008,3.105088,116.693824,14.446193,0,0
2024-01-08 12:45:00,S001,1.641899,251.347421,22.067323,0,1
2024-01-06 22:25:00,S004,3.247708,120.750864,15.418084,0,0
2024-01-01 07:25:00,S002,3.9809141939724166,72.56253366552923,18.911960730282026,0,0
2024-01-08 18:45:00,S002,2.779915,106.006765,18.831493,0,0
2024-01-12 00:30:00,S005,3.209289,117.316728,15.349217,0,0
2024-01-16 13:10:00,S009,3.191683,104.715178,17.722395,0,0
2024-01-07 18:25:00,S010,2.035,148.181091,15.044886,1,0
2024-01-15 01:00:00,S003,2.479035,192.063997,16.571626,1,0
2024-01-10 21:20:00,S006,3.143263,128.385348,16.733294,0,0
2024-01-01 00:05:00,S007,2.5871254182523,179.92642186624028,19.01672517614813,0,0
2024-01-16 01:25:00,S009,3.049346,136.573261,20.223062,0,0
2024-01-04 05:55:00,S003,2.9408751407574005,116.9489539979842,20.90527790521201,0,0
2024-01-18 19:45:00,S006,2.952414,116.118493,16.68556,0,0
2024-01-10 10:40:00,S007,3.157842,136.775499,13.378221,0,0
2024-01-03 01:15:00,S004,3.941380220393237,130.39026182781774,17.32743448989858,0,0
2024-01-18 01:00:00,S003,2.63279,193.689019,15.389177,1,0
2024-01-11 04:40:00,S003,3.095966,118.432692,14.786687,0,0
2024-01-09 12:00:00,S006,2.708737,126.646045,15.979292,0,0
2024-01-06 11:20:00,S004,2.369639,193.297146,18.007046,1,0
2024-01-18 09:00:00,S004,3.536544,108.560418,16.221955,0,0
2024-01-01 17:45:00,S007,2.6877786883038257,152.8347930843457,16.45458842349194,0,0
2024-01-03 16:50:00,S005,2.707187939710371,178.8667636470375,17.5008738878663,0,0
2024-01-13 03:20:00,S006,1.80883,163.718201,22.631627,1,0
2024-01-17 08:05:00,S008,2.871644,93.484477,21.153408,1,0
2024-01-08 02:15:00,S009,2.388662,102.322047,16.041206,0,0
2024-01-19 21:10:00,S009,2.901122,112.860934,16.392152,0,0
2024-01-06 10:35:00,S002,3.299958,146.761507,20.186486,0,0
2024-01-01 13:45:00,S003,2.868023664521981,108.39434210629648,14.330406051560498,0,0
2024-01-13 09:10:00,S002,3.71628,89.604113,15.236769,0,0
2024-01-16 22:30:00,S004,1.717599,129.135253,18.485305,1,0
2024-01-07 23:45:00,S005,3.056652,191.291188,17.297072,1,0
2024-01-01 22:45:00,S003,3.101781871058474,105.0434118807201,15.15340712163556,0,0
2024-01-14 09:40:00,S008,2.971307,153.818423,15.75,0,0
2024-01-15 11:15:00,S001,3.316874,128.783662,18.12141,0,0
2024-01-17 15:00:00,S006,2.668968,138.317174,18.890195,0,0
2024-01-14 03:40:00,S008,3.145994,100.426018,20.326061,0,0
2024-01-02 08:50:00,S007,2.2197949571861497,146.2231966959533,20.533881490474965,1,0
2024-01-03 00:35:00,S010,3.0858904113726733,60.39924955816471,19.5748335968774,0,0
2024-01-21 18:20:00,S009,3.296172,171.301646,17.723605,0,0
2024-01-20 07:40:00,S002,3.070185,99.808505,19.273692,0,0
2024-01-20 22:20:00,S005,3.549731,129.291238,17.360466,0,0
2024-01-02 19:20:00,S009,2.6381004791237133,139.85668807255723,19.354731674353992,0,0
2024-01-07 02:55:00,S006,2.032117,189.550498,16.817419,0,1
2024-01-07 12:15:00,S008,2.227899,174.356834,20.416086,0,1
2024-01-14 18:25:00,S001,3.127407,124.318395,18.599964,0,0
2024-01-12 14:40:00,S005,3.487337,137.116664,19.49093,0,0
2024-01-08 19:45:00,S008,2.841999,103.632169,15.387903,0,0
2024-01-12 04:40:00,S008,2.412293,145.703251,20.917057,0,0
2024-01-02 19:50:00,S010,3.609112344746968,82.20017959588051,19.974917743566607,0,0
2024-01-11 05:30:00,S003,3.137866,97.473442,14.556095,0,0
2024-01-14 12:55:00,S006,3.278864,124.956533,16.827015,0,0
2024-01-03 09:40:00,S008,2.639907170167255,194.57347413177104,12.02620219338641,0,0
2024-01-20 16:50:00,S004,2.733574,96.297127,18.792338,1,0
2024-01-13 14:45:00,S006,2.848665,146.873849,18.33132,0,0
2024-01-04 15:30:00,S009,3.320428,151.820423,17.202934,0,0
2024-01-03 01:10:00,S004,3.5280930151690084,53.74493331800858,12.57151265065814,0,0
2024-01-02 19:15:00,S006,2.715912870358346,139.30394918879065,12.581659042341666,0,0
2024-01-12 17:40:00,S006,3.389504,102.573345,19.655676,0,0
2024-01-13 18:20:00,S002,2.886768,131.15973,16.044513,0,0
2024-01-18 03:25:00,S006,3.079631,163.839886,16.141056,0,0
2024-01-06 13:55:00,S008,2.949748,123.998523,19.26022,0,0
2024-01-13 12:50:00,S009,3.231947,100.220888,11.173216,0,0
2024-01-21 04:20:00,S009,3.257346,115.573006,20.410084,0,0
2024-01-07 06:45:00,S006,2.823959,116.948683,19.806276,0,0
2024-01-03 17:55:00,S009,3.979844671171616,139.67599802685274,11.229486019654932,0,0
2024-01-03 18:00:00,S003,2.7532876950555925,58.045218728124624,20.76197485917868,0,0
2024-01-18 02:35:00,S006,3.318075,121.61006,17.337546,0,0
2024-01-07 10:35:00,S001,2.041437,149.92431,18.285174,1,0
2024-01-07 21:00:00,S001,3.110522,133.608762,13.85092,0,0
2024-01-12 05:25:00,S008,3.531918,84.199566,17.935411,0,0
2024-01-13 11:50:00,S003,2.211617,165.719378,16.374362,0,1
2024-01-04 05:45:00,S006,3.530851515191024,96.92512962863302,10.91358314852774,0,0
2024-01-14 18:15:00,S001,3.240322,148.080794,16.087229,0,0
2024-01-20 08:20:00,S002,2.954357,110.970398,16.04113,0,0
2024-01-15 12:15:00,S010,2.302847,160.34605,17.582161,0,1
2024-01-14 23:30:00,S003,2.547482,122.703023,19.671493,1,0
2024-01-15 07:00:00,S006,3.067745,102.529328,14.182018,0,0
2024-01-04 10:20:00,S010,2.510564371936213,170.82440690483665,11.15193526430101,0,0
2024-01-17 01:30:00,S005,2.366489,83.274035,15.178413,0,1
2024-01-12 23:45:00,S003,3.196807,121.895251,18.646188,0,0
2024-01-20 00:25:00,S010,3.20753,132.480788,16.616473,0,0
2024-01-14 02:50:00,S007,3.409326,130.692288,14.411973,0,0
2024-01-19 13:45:00,S003,3.011617,126.638456,15.821551,1,0
2024-01-11 17:45:00,S005,3.530893,115.046348,15.70087,0,0
2024-01-11 22:55:00,S005,3.3047,147.745385,17.324793,0,0
2024-01-12 02:45:00,S007,3.334807,103.069423,16.862345,0,0
2024-01-17 19:15:00,S009,3.401447,147.379686,20.470496,0,0
2024-01-04 19:30:00,S004,3.432704,139.522342,16.897753,0,0
2024-01-18 06:55:00,S004,3.06996,98.924131,17.380955,0,0
2024-01-10 21:00:00,S010,2.184958,176.042466,14.686253,1,0
2024-01-04 01:50:00,S005,3.098689150667449,86.33857363771511,13.052319918329689,0,0
2024-01-21 13:10:00,S009,3.356372,113.994517,17.277283,0,0
2024-01-17 03:35:00,S002,3.426363,70.297978,19.815201,0,0
2024-01-02 18:55:00,S006,3.4016540434364924,198.5542672997558,14.878808588868278,0,0
2024-01-21 02:00:00,S009,3.409904,142.23656,19.492453,0,0
2024-01-06 01:05:00,S003,3.138934,139.940639,21.25599,0,0
2024-01-13 08:05:00,S007,3.086389,113.83845,19.112125,1,0
2024-01-13 12:45:00,S009,3.564829,108.551003,15.39233,0,0
2024-01-09 16:50:00,S003,3.393015,123.381988,16.324162,0,0
2024-01-11 09:30:00,S008,3.413088,96.855525,15.170441,0,0
2024-01-14 21:15:00,S006,2.150661,153.071646,19.808602,0,1
2024-01-20 18:00:00,S009,2.711978,128.791505,13.412832,1,0
2024-01-04 03:30:00,S008,3.896497929568876,57.57610885742098,18.209571161720262,0,0
2024-01-01 02:20:00,S001,2.726076315948144,126.2298165111078,20.43719210186323,0,0
2024-01-09 16:55:00,S003,3.294585,131.665899,16.397504,0,0
2024-01-09 10:20:00,S001,3.135971,77.860591,17.928241,0,0
2024-01-03 15:30:00,S007,3.225703809790971,112.75843000675002,15.367168740033897,0,0
2024-01-14 00:15:00,S008,2.800453,110.212546,19.111142,0,0
2024-01-01 23:40:00,S004,2.812765771536004,189.58928219658745,11.74549596828214,0,0
2024-01-03 09:10:00,S002,2.545031998223608,116.67923795752397,17.569285369115434,0,0
2024-01-09 04:05:00,S004,3.279809,112.040506,18.810181,0,0
2024-01-17 18:05:00,S009,3.091971,145.660145,20.103029,0,0
2024-01-01 01:45:00,S009,3.72702214888374,179.10958748845152,10.10428195796786,0,0
2024-01-10 13:20:00,S005,3.466534,120.541393,20.309944,0,0
2024-01-04 01:45:00,S004,1.066342291684547,133.10133044867644,19.41201848149109,0,1
2024-01-04 04:25:00,S004,2.8574345058296373,83.65744696996933,17.567543860822536,0,0
2024-01-04 14:40:00,S009,3.057358,117.740748,17.105122,0,0
2024-01-05 09:25:00,S005,3.178391,183.365351,16.834511,0,0
2024-01-19 00:15:00,S010,3.038961,100.205323,20.910187,0,0
2024-01-01 23:05:00,S009,2.7557169072608763,111.42167795078058,16.340336700942842,0,0
2024-01-08 05:40:00,S002,3.459948,148.528177,15.068988,0,0
2024-01-05 07:45:00,S010,3.287117,180.431238,15.493383,0,0
2024-01-09 06:30:00,S004,3.060239,85.84227,18.261533,0,0
2024-01-02 23:35:00,S002,2.700475872115777,116.57887826319516,16.76164425829546,0,0
2024-01-05 23:35:00,S005,3.273972,121.321016,21.162041,0,0
2024-01-14 13:10:00,S006,3.436261,91.984335,14.717129,0,0
2024-01-05 07:55:00,S010,3.694767,126.715549,19.504649,0,0
2024-01-13 05:50:00,S002,3.285435,110.609732,14.561235,0,0
2024-01-09 17:30:00,S003,3.310624,134.355695,16.214862,0,0
2024-01-04 11:55:00,S005,3.166489,142.516149,12.594066,1,0
2024-01-19 00:40:00,S010,3.313649,143.102869,18.610027,0,0
2024-01-08 04:00:00,S010,1.163139,199.800255,15.75213,0,1
2024-01-20 23:00:00,S005,3.41925,145.426339,14.691416,0,0
2024-01-06 20:50:00,S006,2.096332,101.500939,14.682186,0,1
2024-01-20 09:45:00,S003,3.006352,126.836038,18.610016,0,0
2024-01-07 21:25:00,S001,3.4619,153.091437,17.906302,0,0
2024-01-02 00:30:00,S004,3.995045280779465,172.0955404259028,19.228291573465164,0,0
2024-01-06 08:55:00,S002,3.109149,137.307337,17.347946,0,0
2024-01-07 23:40:00,S005,3.166489,104.180317,13.083623,1,0
2024-01-03 01:00:00,S009,3.4729584351532234,91.29323201777902,12.34309853029933,0,0
2024-01-12 13:25:00,S006,2.324343,136.844124,18.99349,1,0
2024-01-09 08:15:00,S007,2.571268,180.710662,16.761642,1,0
2024-01-08 09:25:00,S005,2.031832,127.96205,17.193678,1,0
2024-01-14 21:10:00,S006,2.236681,211.058526,15.463579,0,1
2024-01-19 05:30:00,S008,1.824902,191.30286,10.419346,1,0
2024-01-13 23:45:00,S005,2.439146,132.827224,14.79369,1,0
2024-01-13 04:20:00,S009,3.215541,172.287213,16.57864,0,0
2024-01-10 10:35:00,S007,3.204573,139.850809,13.253997,0,0
2024-01-19 23:05:00,S010,3.062685,91.171283,20.14076,0,0
2024-01-19 23:35:00,S010,3.228924,119.635335,15.257805,0,0
2024-01-02 22:20:00,S003,3.341017442408425,144.26396849218804,20.32947443961813,0,0
2024-01-09 13:45:00,S004,3.141615,102.208723,19.70699,1,0
2024-01-13 23:30:00,S005,2.313951,146.61626,17.122798,1,0
2024-01-15 21:10:00,S010,3.247934,114.860791,16.66233,0,0
2024-01-18 03:00:00,S006,3.494123,140.824381,14.307759,0,0
2024-01-06 23:00:00,S004,3.111974,154.699409,15.824994,0,0
2024-01-10 01:00:00,S009,2.291214,109.722854,15.661134,0,1
2024-01-18 03:55:00,S009,1.553351,142.209545,20.313486,1,0
2024-01-06 22:00:00,S004,3.083252,104.243762,19.729617,0,0
2024-01-08 10:15:00,S002,3.339472,114.062411,15.462608,0,0
2024-01-12 05:55:00,S008,2.780433,122.652891,13.831527,0,0
2024-01-09 06:35:00,S004,3.241328,99.87463,18.632891,0,0
2024-01-15 23:15:00,S009,3.111307,103.643581,17.181009,0,0
2024-01-05 11:05:00,S001,2.142944,125.250916,20.612681,0,1
2024-01-18 17:25:00,S009,3.166333,115.304939,17.437412,0,0
2024-01-19 14:25:00,S006,3.062062,140.67086,18.116789,0,0
2024-01-14 15:30:00,S007,3.271483,127.86836,18.58855,0,0
2024-01-16 18:05:00,S005,3.115381,116.358464,15.777697,0,0
2024-01-06 12:35:00,S008,3.107551,146.304713,17.999078,0,0
2024-01-19 10:30:00,S010,2.02572,176.513827,20.15919,1,0
2024-01-08 12:10:00,S001,2.274908,87.704286,19.42327,0,1
2024-01-09 07:40:00,S005,3.179575,131.279437,16.812177,0,0
2024-01-02 02:25:00,S007,2.7708918972629517,58.07873104970392,14.800897487814751,0,0
2024-01-19 16:35:00,S008,3.549456,108.600712,21.785657,0,0
2024-01-11 19:15:00,S001,3.045606,105.57661,16.896744,0,0
2024-01-15 00:20:00,S001,3.265248,126.665557,18.06942,0,0
2024-01-03 18:15:00,S001,2.9563627957407936,70.88702668911642,19.18012794939183,0,0
2024-01-11 11:40:00,S003,3.218989,94.28112,18.790028,0,0
2024-01-06 22:35:00,S004,3.339411,98.669375,18.733897,0,0
2024-01-12 18:15:00,S007,2.749229,137.661646,12.665748,1,0
2024-01-01 03:00:00,S002,3.53784279653904,147.79418892539007,13.364039641908397,0,0
2024-01-04 04:05:00,S007,3.108467889170856,75.37428407636303,24.66184844775764,0,0
2024-01-14 19:00:00,S001,3.07206,163.268005,18.050874,0,0
2024-01-15 08:25:00,S007,3.310718,106.321806,17.4895,0,0
2024-01-04 09:10:00,S001,2.655212595469877,148.48440535994786,23.604782776573657,0,0
2024-01-04 09:55:00,S003,3.360147738033492,64.75173823853197,16.739118204349747,0,0
2024-01-19 02:05:00,S010,3.460954,107.882349,22.702259,0,0
2024-01-05 22:10:00,S005,3.461544,121.23517,19.363571,0,0
2024-01-06 10:00:00,S002,3.507943,169.576505,16.665189,0,0
2024-01-15 08:35:00,S007,2.922541,133.068561,17.298741,0,0
2024-01-15 19:25:00,S002,3.029683,102.429806,16.010319,1,0
2024-01-05 16:55:00,S009,3.220577,149.981328,17.47185,0,0
2024-01-20 18:15:00,S005,3.202391,98.5152,15.661572,0,0
2024-01-04 10:15:00,S002,3.394065393216471,66.11758289433622,10.25369199882411,0,0
2024-01-10 07:30:00,S008,3.265423,97.683758,17.240605,0,0
2024-01-06 16:40:00,S001,3.022006,143.437135,19.150449,0,0
2024-01-05 11:30:00,S008,3.245619,149.334939,21.463399,0,0
2024-01-13 18:45:00,S002,3.366134,144.24729,17.449734,0,0
2024-01-05 19:00:00,S009,3.242699,163.7213,19.159113,0,0
2024-01-07 17:05:00,S008,3.364399,132.813215,18.092094,0,0
2024-01-18 12:25:00,S004,3.337366,118.631474,18.25964,0,0
2024-01-11 23:20:00,S005,3.498634,137.025378,15.091314,0,0
2024-01-08 01:10:00,S004,3.087708,116.577647,18.837694,0,0
2024-01-04 02:20:00,S006,2.6162244606885787,92.34707513160802,18.779452425014668,0,0
2024-01-15 03:05:00,S001,3.010184,145.800293,15.021179,0,0
2024-01-15 18:35:00,S008,3.048201,121.500783,17.299551,0,0
2024-01-01 00:10:00,S002,2.448964723482877,210.1308230369969,10.011681487615215,1,0
2024-01-08 07:45:00,S005,2.073062,122.977872,17.504185,0,1
2024-01-03 22:45:00,S002,2.7297167501259345,159.21746560042496,19.003771151493744,0,0
2024-01-10 12:05:00,S005,3.50364,143.497104,17.770705,0,0
2024-01-09 13:30:00,S006,2.920246,97.243116,19.224514,0,0
2024-01-07 15:30:00,S008,2.479812,126.248185,17.694186,0,0
2024-01-06 13:00:00,S008,2.97806,129.248968,14.035702,0,0
2024-01-07 15:25:00,S008,2.227899,135.337334,18.703171,0,1
2024-01-20 15:00:00,S006,3.336035,138.758978,17.232686,0,0
2024-01-10 12:00:00,S005,3.277003,152.342944,15.828178,0,0
2024-01-03 12:30:00,S009,3.122238483282028,108.0911617137262,19.89535409395712,0,0
2024-01-01 04:25:00,S003,3.158457131058454,61.76845720133989,10.380261151231863,0,0
2024-01-07 05:40:00,S006,3.59006,102.427193,18.682013,0,0
2024-01-14 08:25:00,S008,3.329367,147.039032,18.825195,0,0
2024-01-09 20:45:00,S002,3.419219,100.814544,13.872716,0,0
2024-01-10 17:20:00,S006,3.258951,111.681631,16.907748,0,0
2024-01-04 06:00:00,S009,2.656623054247177,135.34747914561842,17.972188694227313,0,0
2024-01-18 03:45:00,S009,2.836921,150.270163,17.668332,1,0
2024-01-03 20:40:00,S007,2.891377869475252,195.44239083565068,21.020628553975385,0,0
2024-01-16 00:05:00,S009,3.086752,119.999269,16.23272,0,0
2024-01-12 19:25:00,S007,3.611453,93.752855,19.440483,0,0
2024-01-05 19:45:00,S009,3.284852,91.347018,15.930727,0,0
2024-01-13 09:00:00,S002,3.297868,95.567543,18.109,0,0
2024-01-04 01:40:00,S002,3.627134976296954,191.20015891803524,20.1492585032876,0,0
2024-01-07 11:40:00,S005,3.520925,122.929488,18.493439,0,0
2024-01-01 00:50:00,S008,3.766800773017227,162.09801652060713,18.0953819858362,0,0
2024-01-12 20:35:00,S008,1.97549,192.520185,17.551522,0,1
2024-01-06 01:55:00,S003,3.300266,168.142362,17.430449,0,0
2024-01-03 19:10:00,S002,2.609505389349441,161.6042870521515,20.66501442924717,0,0
2024-01-17 08:55:00,S003,3.170759,107.399886,19.214548,0,0
2024-01-15 03:00:00,S001,2.89838,124.578479,17.043042,0,0
2024-01-08 07:40:00,S005,1.282484,148.565,19.258387,0,1
2024-01-18 13:50:00,S008,1.534385,189.983987,20.98905,1,0
2024-01-21 15:30:00,S009,3.34458,116.372162,18.224175,0,0
2024-01-08 18:10:00,S002,3.070511,85.563551,19.835962,0,0
2024-01-04 08:15:00,S008,3.949838377832715,116.11085616263954,13.906046631818626,0,0
2024-01-16 14:30:00,S007,3.086389,83.857643,14.9718,1,0
2024-01-10 03:20:00,S009,3.053143,182.952035,18.44746,1,0
2024-01-03 10:40:00,S007,2.5243651648141805,159.31670816759714,14.852956187282372,0,0
2024-01-02 11:55:00,S004,3.7512168955010137,161.07141979302787,12.14275430951258,0,0
2024-01-16 05:40:00,S005,2.755195,126.930253,22.40264,0,0
2024-01-01 12:05:00,S004,3.121936185590536,62.80245021179658,24.95311377768921,0,0
2024-01-08 01:25:00,S003,2.089114,87.197057,21.306844,0,1
2024-01-18 11:10:00,S004,3.145189,129.031014,17.864198,0,0
2024-01-05 01:05:00,S007,3.364789,118.469455,15.775872,0,0
2024-01-13 03:40:00,S006,2.757651,125.417983,13.837198,1,0
2024-01-08 02:50:00,S009,2.993206,105.37716,16.772469,0,0
2024-01-14 01:20:00,S008,3.115565,161.875591,17.589274,0,0
2024-01-10 02:40:00,S009,3.352558,119.664188,14.120258,0,0
2024-01-16 13:40:00,S009,3.429147,119.686281,20.658864,0,0
2024-01-16 09:35:00,S002,3.268178,163.087213,16.735047,0,0
2024-01-17 14:10:00,S002,3.665594,119.284741,16.370346,0,0
2024-01-17 03:20:00,S002,3.153468,125.096612,21.527713,0,0
2024-01-16 03:25:00,S007,3.538497,105.324145,19.340745,0,0
2024-01-09 10:00:00,S001,2.845891,100.930273,18.045382,0,0
2024-01-05 09:10:00,S003,2.211617,163.320968,20.653721,0,1
2024-01-07 03:35:00,S004,3.17558,140.902399,18.611099,0,0
2024-01-13 04:35:00,S009,3.270887,114.652518,14.313852,0,0
2024-01-01 22:35:00,S007,3.586775277097927,52.373163764837365,15.11635036711331,0,0
2024-01-01 20:20:00,S007,3.1821097834507888,127.33940428688754,17.3326987038538,0,0
2024-01-21 05:00:00,S009,3.152821,145.752808,14.554144,0,0
2024-01-16 21:00:00,S008,2.573955,114.045842,19.991793,0,0
2024-01-08 01:20:00,S003,2.211617,123.832396,17.583289,0,1
2024-01-17 11:00:00,S003,3.195626,147.178503,19.20244,0,0
2024-01-03 19:45:00,S001,3.927095292968659,70.5531365054481,18.06376938538849,0,0
2024-01-14 05:30:00,S008,3.291108,110.169305,15.996854,0,0
2024-01-17 21:40:00,S005,3.702567,131.890543,22.380779,0,0
2024-01-07 06:20:00,S002,1.893713,82.936112,21.845046,0,1
2024-01-16 02:10:00,S006,2.471552,129.378624,16.861898,1,0
2024-01-09 13:05:00,S006,3.367001,111.894624,18.099667,0,0
2024-01-02 21:25:00,S009,3.788225156752232,151.5411174495256,22.568625622777056,0,0
2024-01-12 06:05:00,S008,2.911818,143.621906,14.18936,0,0
2024-01-03 13:30:00,S005,3.159783459570752,146.59348691714203,15.714277675352124,0,0
2024-01-02 01:50:00,S009,3.963986274398189,150.10255970696426,10.156415490961043,0,0
2024-01-13 05:25:00,S002,3.093161,129.393724,18.00498,0,0
2024-01-04 22:15:00,S008,3.441319,159.468083,20.438874,0,0
2024-01-21 12:10:00,S009,3.326679,128.945202,19.130959,0,0
2024-01-15 06:35:00,S006,3.343874,147.323698,19.428127,0,0
2024-01-10 14:45:00,S006,3.291923,111.444954,15.641364,0,0
2024-01-04 04:40:00,S004,2.6386742755556,118.68504426906073,15.917190862582864,0,0
2024-01-13 10:55:00,S010,3.26476,124.887172,20.325832,0,0
2024-01-14 17:55:00,S005,2.366489,116.877119,15.736232,0,1
2024-01-01 03:10:00,S003,3.454498927278843,87.56927279083763,18.84806271340816,0,0
2024-01-16 11:35:00,S003,3.332354,116.510154,18.77655,0,0
2024-01-15 20:30:00,S010,3.252923,145.813313,19.111527,0,0
2024-01-11 08:35:00,S008,3.108283,145.031986,19.164822,0,0
2024-01-21 18:45:00,S009,3.127603,104.234728,21.333028,0,0
2024-01-10 06:15:00,S007,1.859469,210.168571,18.344933,0,1
2024-01-12 04:35:00,S009,2.291214,185.788884,20.070032,0,1
2024-01-05 02:30:00,S007,3.130026,123.044229,19.437708,0,0
2024-01-03 03:10:00,S009,3.678464655293691,87.91976660236595,24.083424400619126,0,0
2024-01-21 10:45:00,S009,3.422935,147.526166,12.140107,0,0
2024-01-06 02:10:00,S003,3.225023,100.890816,20.489776,0,0
2024-01-16 14:45:00,S007,2.51996,93.527871,23.601589,1,0
2024-01-11 13:30:00,S002,2.35768,108.377093,19.30225,1,0
2024-01-04 05:50:00,S004,2.838759448335088,76.40371325617006,22.99349305401505,0,0
2024-01-09 09:35:00,S001,3.460495,95.884633,18.763721,0,0
2024-01-19 18:55:00,S009,3.204774,148.467356,17.73647,0,0
2024-01-17 20:40:00,S009,3.091214,155.888209,12.778517,1,0
2024-01-03 20:50:00,S010,3.651954967092747,144.2849600970925,19.49894802414116,0,0
2024-01-06 06:45:00,S003,3.219653,109.608943,11.224816,0,0
2024-01-11 04:10:00,S003,2.864208,124.700254,16.334496,0,0
2024-01-15 16:40:00,S008,3.097055,113.848545,16.078655,0,0
2024-01-03 04:20:00,S008,2.5451558083169785,194.2238486861168,20.0180186005122,0,0
2024-01-16 09:10:00,S002,3.584583,81.680556,19.981906,0,0
2024-01-14 09:05:00,S008,3.156592,160.007216,12.180396,0,0
2024-01-02 08:30:00,S001,3.4337795435946177,120.46156444860256,16.712022119836867,0,0
2024-01-16 02:05:00,S006,3.036681,153.630997,22.128404,1,0
2024-01-21 07:30:00,S009,3.038176,114.905617,17.831602,0,0
2024-01-14 20:30:00,S007,3.341602,165.778383,16.142961,0,0
2024-01-02 09:20:00,S003,3.390491186812808,51.51967760416151,19.54144069614313,0,0
2024-01-12 15:55:00,S002,1.929567,179.181801,16.972199,0,1
2024-01-01 03:50:00,S007,3.129671284669415,88.43104153916872,19.17270566298521,0,0
2024-01-20 23:25:00,S004,2.757505,141.82922,18.561213,1,0
2024-01-21 12:25:00,S009,2.978883,143.26388,18.002357,0,0
2024-01-13 15:30:00,S006,3.227776,94.013637,20.568135,0,0
2024-01-13 22:30:00,S005,3.569545,114.004357,15.669173,0,0
2024-01-21 05:20:00,S009,2.994438,139.1298,21.65746,0,0
2024-01-09 09:45:00,S001,3.373056,126.426382,18.856707,0,0
2024-01-07 01:50:00,S002,3.430099,91.043882,16.105722,0,0
2024-01-21 03:10:00,S009,3.345945,115.486678,13.834533,0,0
2024-01-18 00:55:00,S003,1.28244,161.257968,13.630227,1,0
2024-01-15 02:30:00,S008,2.227899,147.508518,15.85895,0,1
2024-01-02 04:10:00,S004,2.7002199586239155,62.0902270635687,20.91908960460648,0,0
2024-01-01 17:55:00,S008,3.1968978949537155,152.06849395389878,15.93317625819953,0,0
2024-01-13 17:15:00,S006,3.48805,118.877156,16.243696,0,0
2024-01-05 15:45:00,S009,3.56557,99.088346,20.388525,0,0
2024-01-20 01:00:00,S003,2.552689,149.678108,23.405753,1,0
2024-01-14 12:30:00,S006,3.439985,117.64173,18.641064,0,0
2024-01-13 15:20:00,S006,3.409695,149.664825,16.893385,0,0
2024-01-02 03:25:00,S007,3.554415161468015,57.920594070279215,17.298964933656297,0,0
2024-01-11 10:20:00,S003,2.323079,179.143159,20.5199,1,0
2024-01-20 21:35:00,S005,3.51338,140.376837,19.827545,0,0
2024-01-11 19:35:00,S001,3.184977,140.030418,18.552934,0,0
2024-01-21 03:25:00,S009,3.384416,84.161155,15.535933,0,0
2024-01-09 01:30:00,S009,2.875502,124.292433,14.034357,0,0
2024-01-15 13:45:00,S003,2.943793,138.084302,16.688088,0,0
2024-01-13 07:45:00,S007,2.098094,118.468794,16.051688,1,0
2024-01-06 01:30:00,S003,2.84165,156.079548,18.473709,0,0
2024-01-01 14:15:00,S010,3.5358403486684606,128.1951001120354,11.300578177932756,0,0
2024-01-15 14:15:00,S006,2.335464,110.188595,20.065907,0,0
2024-01-18 10:20:00,S004,3.515852,131.756231,21.212559,0,0
2024-01-13 09:25:00,S002,3.433492,121.969786,13.473615,0,0
2024-01-15 16:10:00,S006,2.808135,107.317661,21.787627,1,0
2024-01-17 23:20:00,S003,2.79129,162.640097,21.679428,0,0
2024-01-18 03:20:00,S006,2.903112,137.168031,14.985649,0,0
2024-01-04 06:10:00,S007,2.7612350385930946,132.03217606811495,20.716895258286726,0,0
2024-01-01 05:00:00,S010,3.900154462119224,125.15598258728888,18.09066172600094,0,0
2024-01-05 07:20:00,S010,3.217599,116.708574,14.963304,0,0
2024-01-18 09:25:00,S004,3.397513,135.948684,19.408091,0,0
2024-01-08 08:40:00,S004,3.312276,142.051673,18.769747,0,0
2024-01-06 07:00:00,S003,3.108397,122.234766,16.49106,0,0
2024-01-01 12:45:00,S008,3.710275223443879,194.3973977832312,24.1661458836591,0,0
2024-01-02 16:05:00,S003,2.253135646988524,87.48293303750873,23.520746449629023,0,1
2024-01-16 11:40:00,S003,3.288835,107.534524,20.252972,0,0
2024-01-14 14:40:00,S010,3.076108,122.585326,18.906453,1,0
2024-01-07 02:50:00,S006,1.346039,187.761455,20.143064,0,1
2024-01-03 14:30:00,S009,2.74911227850027,58.86587313134818,20.360894726698945,0,0
2024-01-07 04:45:00,S004,3.218317,125.345625,16.154229,0,0
2024-01-16 15:05:00,S007,2.184707,200.695777,16.621939,1,0
2024-01-10 09:55:00,S007,3.126699,151.881417,13.936632,0,0
2024-01-17 19:45:00,S009,3.130896,102.598573,19.281017,0,0
2024-01-15 13:25:00,S003,3.43279,57.046857,20.323733,0,0
2024-01-05 15:05:00,S009,3.193189,162.189552,18.72823,0,0
2024-01-19 12:35:00,S002,3.171703,141.964617,19.715139,0,0
2024-01-10 21:50:00,S006,3.40594,151.787844,14.154933,0,0
2024-01-01 15:30:00,S007,3.9867529392054646,84.7507552075165,24.140976612026883,0,0
2024-01-04 22:40:00,S008,3.366397,111.945064,20.720849,0,0
2024-01-08 03:30:00,S009,3.047131,128.567638,18.130405,0,0
2024-01-18 10:30:00,S003,2.812991,123.791109,19.414766,1,0
2024-01-01 12:20:00,S001,3.101144591312989,133.94604969623268,12.328603688960689,0,0
2024-01-15 07:40:00,S006,2.339439,161.473833,19.646314,1,0
2024-01-12 16:15:00,S006,3.038566,138.43591,16.839223,0,0
2024-01-10 22:50:00,S003,2.564912,147.52658,18.866536,1,0
2024-01-14 02:40:00,S007,3.641194,148.367629,16.92426,0,0
2024-01-05 19:30:00,S009,3.166351,141.11703,13.82952,0,0
2024-01-20 16:35:00,S006,3.299127,105.907823,17.504347,0,0
2024-01-18 05:15:00,S004,3.245014,89.662339,20.333649,0,0
2024-01-13 14:25:00,S005,1.556377,148.704627,18.286913,0,1
2024-01-19 17:40:00,S008,3.050933,153.17582,17.392216,0,0
2024-01-11 12:20:00,S003,3.229322,108.4681,19.067914,0,0
2024-01-11 07:25:00,S008,2.505626,145.967525,18.772642,0,0
2024-01-19 01:55:00,S010,3.240887,109.448198,20.893244,0,0
2024-01-06 22:20:00,S004,3.145637,156.577836,15.550436,0,0
2024-01-11 06:05:00,S003,3.453074,86.447457,14.815014,0,0
2024-01-02 13:50:00,S005,3.5232908209399154,120.22312119515456,18.68762883062083,0,0
2024-01-03 02:45:00,S009,3.789692012217469,111.02072014275852,14.92349658517509,0,0
2024-01-15 19:15:00,S008,3.243825,139.653103,15.846579,0,0
2024-01-18 15:25:00,S009,2.661365,110.76877,16.154475,0,0
2024-01-08 04:50:00,S009,3.249818,99.2542,18.409916,0,0
2024-01-15 01:40:00,S010,3.093016,136.704339,15.457982,0,0
2024-01-17 22:05:00,S005,3.679017,115.816717,17.85118,0,0
2024-01-06 15:10:00,S006,2.72219,127.404005,17.358145,1,0
2024-01-17 06:15:00,S002,3.202226,113.188144,13.856181,0,0
2024-01-19 05:40:00,S008,2.582506,115.758913,16.626055,1,0
2024-01-01 03:20:00,S005,2.8452779023623327,124.87900698271284,18.580062988137747,0,0
2024-01-08 06:05:00,S002,3.427828,74.538861,16.264148,0,0
2024-01-14 15:00:00,S007,3.22878,128.309804,16.355211,0,0
2024-01-08 13:15:00,S004,2.889113,126.304415,23.424701,0,0
2024-01-01 06:10:00,S010,3.755445811356061,180.0303057966262,22.57721145645977,0,0
2024-01-21 13:45:00,S009,3.221925,87.18173,17.208781,0,0
2024-01-21 13:00:00,S009,3.334797,121.388123,19.20099,0,0
2024-01-10 05:25:00,S001,3.777855,146.456031,16.614551,0,0
2024-01-12 01:00:00,S009,3.091214,131.476197,17.926221,1,0
2024-01-08 05:00:00,S007,2.286389,129.771335,15.503017,0,1
2024-01-02 12:45:00,S008,2.9071140706700715,124.50431342269198,14.264111393912753,0,0
2024-01-08 02:55:00,S009,3.185097,130.458716,17.801436,0,0
2024-01-09 19:45:00,S009,3.139738,118.180927,16.812688,0,0
2024-01-05 12:25:00,S008,3.122741,121.461144,21.496162,0,0
2024-01-12 21:50:00,S007,2.903874,116.862269,19.663098,0,0
2024-01-05 12:40:00,S008,3.074285,88.695638,16.981356,0,0
2024-01-01 19:40:00,S005,2.9877850963370425,166.0209688529901,11.963104910775249,0,0
2024-01-18 08:15:00,S004,3.349263,114.946261,18.225949,0,0
2024-01-10 00:35:00,S009,2.291214,123.024226,17.649702,0,1
2024-01-17 00:40:00,S010,3.53818,100.284602,19.080755,0,0
2024-01-09 22:25:00,S002,3.238573,132.758991,16.754825,0,0
2024-01-12 09:20:00,S004,3.141615,101.635099,16.646471,1,0
2024-01-12 01:30:00,S007,3.661668,107.657087,17.711153,0,0
2024-01-14 17:25:00,S005,1.527162,179.884011,17.989077,0,1
2024-01-10 14:40:00,S006,3.013334,125.899307,15.879926,0,0
2024-01-15 15:55:00,S006,3.26317,117.205349,18.309334,0,0
2024-01-08 07:30:00,S005,1.804261,225.380532,17.233428,0,1
2024-01-10 07:15:00,S008,2.914276,140.374369,16.656265,0,0
2024-01-10 14:05:00,S001,1.072393,156.151632,21.644885,0,1
2024-01-17 06:40:00,S002,3.473734,101.939923,18.53217,0,0
2024-01-05 19:35:00,S009,3.161659,144.517538,13.472029,0,0
2024-01-20 13:15:00,S003,3.011617,165.76028,18.522171,1,0
2024-01-19 20:10:00,S009,2.931803,107.597474,18.009381,0,0
2024-01-05 10:35:00,S005,3.71594,88.775024,18.516456,0,0
2024-01-21 09:55:00,S009,2.996759,159.097335,18.159745,0,0
2024-01-06 09:35:00,S002,3.26249,137.122043,15.121202,0,0
2024-01-19 19:50:00,S009,3.412694,154.80945,20.164898,0,0
2024-01-12 01:50:00,S007,3.126229,80.864472,16.881979,0,0
2024-01-16 20:30:00,S005,1.581339,131.626903,17.289905,0,1
2024-01-17 16:10:00,S006,2.647744,112.092548,14.783454,0,0
2024-01-20 12:50:00,S003,1.700048,78.513296,17.654799,1,0
2024-01-13 11:30:00,S010,3.335147,92.86943,19.577389,0,0
2024-01-07 16:00:00,S008,2.939128,90.585754,15.307483,0,0
2024-01-02 18:45:00,S002,3.1491503193988937,152.81658248328523,14.98684235723068,0,0
2024-01-15 12:05:00,S001,3.299471,135.532667,15.738309,0,0
2024-01-05 13:00:00,S008,3.207034,119.890895,14.346453,0,0
2024-01-04 04:10:00,S008,2.588575216687408,90.74962870454831,11.556345153037846,0,0
2024-01-12 23:40:00,S003,3.123551,127.976163,18.508466,0,0
2024-01-13 19:55:00,S006,0.788208,83.868944,15.731476,0,1
2024-01-15 17:30:00,S008,3.110754,117.882399,16.081164,0,0
2024-01-11 23:00:00,S005,3.13693,144.212623,18.942903,0,0
2024-01-08 15:10:00,S010,3.014443,145.323215,14.231459,0,0
2024-01-03 16:30:00,S008,3.100469254259491,171.77991860155697,10.207932038692904,0,0
2024-01-16 08:45:00,S002,3.087595,144.511052,18.535643,0,0
2024-01-04 06:35:00,S006,2.627902512417516,179.92755633035443,17.487796763999956,0,0
2024-01-03 20:30:00,S001,3.255017695909231,169.4660842285216,21.09203849858091,0,0
2024-01-15 20:25:00,S010,3.072758,146.272015,19.033281,0,0
2024-01-01 13:40:00,S010,3.133054089326031,103.08070648418742,24.37940765969831,0,0
2024-01-16 18:55:00,S005,3.61699,125.621089,16.094499,0,0
2024-01-14 19:55:00,S007,2.780351,159.45321,18.612192,0,0
2024-01-09 19:30:00,S009,3.185009,93.308781,13.872236,0,0
2024-01-20 21:00:00,S002,2.236938,140.14941,13.861729,1,0
2024-01-05 13:15:00,S008,3.393805,137.586814,20.201633,0,0
2024-01-21 06:30:00,S009,3.254448,127.635092,16.497799,0,0
2024-01-18 08:25:00,S004,3.195607,124.638132,19.002169,0,0
2024-01-20 08:00:00,S002,3.271292,124.182631,21.538266,0,0
2024-01-12 11:00:00,S005,3.402243,79.450584,15.564447,0,0
2024-01-12 11:50:00,S001,3.015831,159.373696,19.158312,0,0
2024-01-02 03:15:00,S008,2.767558876460994,54.36070705159306,12.503276767823063,0,0
2024-01-09 15:30:00,S010,3.079976,145.675518,14.736459,0,0
2024-01-20 12:20:00,S003,3.465988,127.428001,14.848727,0,0
2024-01-16 07:20:00,S005,3.327324,146.165894,17.521143,0,0
2024-01-03 21:20:00,S006,2.608415421359765,136.36787941616174,22.80481823411668,0,0
2024-01-11 16:35:00,S005,3.373822,115.021427,17.492015,0,0
2024-01-13 00:30:00,S003,3.214377,145.52473,21.297753,0,0
2024-01-19 05:45:00,S008,3.027899,137.964382,12.062329,1,0
2024-01-01 04:30:00,S009,3.5327498511480497,58.72903932626655,23.728205914397208,0,0
2024-01-15 02:40:00,S008,2.000657,124.801152,18.519324,0,1
2024-01-12 23:35:00,S003,3.181141,151.900316,19.893757,0,0
2024-01-07 14:25:00,S003,3.400191,169.00346,19.228403,0,0
2024-01-06 03:25:00,S003,3.397065,143.460951,16.022556,0,0
2024-01-15 09:50:00,S001,3.141949,155.079362,16.002722,0,0
2024-01-12 13:55:00,S005,2.79559,141.992578,13.346337,0,0
2024-01-04 06:50:00,S010,3.4322780860510727,82.97929345534652,16.672590390107942,0,0
2024-01-12 10:25:00,S005,3.334898,101.181233,15.74276,0,0
2024-01-08 12:05:00,S001,2.274908,197.093065,16.03295,0,1
2024-01-18 15:00:00,S001,2.975286,138.918093,20.616721,0,0
2024-01-11 14:45:00,S008,2.718928,120.624726,16.47351,0,0
2024-01-03 16:00:00,S002,3.912211356259098,76.16139006672492,17.07474236125893,0,0
2024-01-20 14:00:00,S006,3.702499,122.969864,20.469021,0,0
2024-01-13 03:15:00,S006,3.036681,146.865493,16.531104,1,0
2024-01-01 23:45:00,S008,3.29872178883914,158.21331009930975,12.119170739132588,0,0
2024-01-21 13:50:00,S009,3.321993,91.269409,17.293498,0,0
2024-01-16 17:00:00,S009,3.306004,143.590218,19.989285,0,0
2024-01-19 12:20:00,S002,3.211613,161.623834,17.190337,0,0
2024-01-09 02:20:00,S009,2.8847,162.316175,13.549296,0,0
2024-01-10 10:25:00,S007,2.891963,132.900555,15.600431,0,0
2024-01-08 05:15:00,S002,2.86342,146.668207,19.584488,0,0
2024-01-12 18:25:00,S007,2.444011,173.279073,18.798246,1,0
2024-01-03 12:10:00,S006,2.954526260473045,194.9821274828124,19.421792968653577,0,0
2024-01-04 07:15:00,S001,3.2713405168989667,130.87866192704496,13.82640149248569,0,0
2024-01-20 09:15:00,S009,2.366758,128.0001,16.005392,1,0
2024-01-08 20:30:00,S008,3.099328,93.951994,15.687451,0,0
2024-01-04 10:25:00,S004,3.873721522286116,125.43132800983771,21.92665423790087,0,0
2024-01-12 03:40:00,S007,3.35195,94.042559,16.036253,0,0
2024-01-07 02:35:00,S006,2.236681,228.919145,24.915371,0,1
2024-01-18 01:55:00,S006,3.168136,92.464523,14.687233,0,0
2024-01-16 08:30:00,S004,2.707424,123.467505,18.308807,1,0
2024-01-06 23:40:00,S007,1.170885,187.22853,22.825767,0,1
2024-01-02 04:25:00,S007,2.870468198608,185.9381870781555,13.743192997742591,0,0
2024-01-13 20:25:00,S005,3.243669,97.186246,18.746174,0,0
2024-01-15 17:35:00,S008,3.321647,133.246721,15.702629,0,0
2024-01-03 09:20:00,S004,3.169662882694823,142.81581155615075,19.980478126283565,0,0
2024-01-12 22:00:00,S007,2.858027,131.551642,18.981238,0,0
2024-01-04 08:30:00,S003,3.403384453565886,98.34872367041372,21.65340622307309,0,0
2024-01-20 16:10:00,S006,2.757889,141.444471,18.016729,0,0
2024-01-08 15:35:00,S010,3.195941,138.992366,16.629645,0,0
2024-01-10 10:05:00,S007,3.361274,124.847855,16.785745,0,0
2024-01-17 12:25:00,S002,2.932571,121.369778,17.212802,0,0
2024-01-20 21:40:00,S005,3.597385,142.719368,16.769685,0,0
2024-01-21 15:10:00,S009,3.424901,100.955291,17.064171,0,0
2024-01-13 09:40:00,S007,2.128529,171.470062,18.991274,0,1
2024-01-17 16:25:00,S006,2.918857,110.312629,18.359429,0,0
2024-01-07 21:50:00,S002,1.436232,106.715785,19.017917,0,1
2024-01-15 07:20:00,S006,2.981837,183.38417,20.136435,1,0
2024-01-17 12:35:00,S002,2.803192,105.108271,15.421789,0,0
2024-01-18 01:30:00,S006,3.136233,106.256164,13.66853,0,0
2024-01-20 06:45:00,S001,2.562186,182.768602,21.010239,1,0
2024-01-21 02:45:00,S009,3.52331,138.692934,13.238586,0,0
2024-01-13 12:00:00,S003,1.883105,144.08319,18.736878,0,1
2024-01-20 00:00:00,S010,3.05212,146.162087,23.320569,0,0
2024-01-21 17:35:00,S009,3.466227,118.566708,16.382998,0,0
2024-01-18 03:30:00,S006,3.229337,130.695925,17.975389,0,0
2024-01-02 08:05:00,S006,3.151893941288068,166.08194835952344,19.02885146522697,0,0
2024-01-19 03:40:00,S002,3.117503,173.582252,16.943632,0,0
2024-01-20 00:10:00,S010,3.350428,125.695465,19.713149,0,0
2024-01-02 20:40:00,S006,3.141402000555006,116.38182722221184,19.739834868653222,0,0
2024-01-20 12:25:00,S003,3.011617,150.798731,20.033544,1,0
2024-01-15 15:00:00,S006,3.259562,118.163284,18.082415,0,0
2024-01-13 04:15:00,S009,3.093688,148.115404,20.60459,0,0
2024-01-01 16:45:00,S005,2.653764591986019,190.5842730854677,20.318285834512203,0,0
2024-01-05 15:00:00,S009,3.029426,185.28325,19.469845,0,0
2024-01-13 03:50:00,S009,2.682339,148.660969,17.281446,0,0
2024-01-10 09:40:00,S007,3.678305,120.340398,18.391144,0,0
2024-01-17 04:30:00,S002,3.23278,112.67392,18.657997,0,0
2024-01-14 23:05:00,S003,1.945682,174.993604,17.083649,1,0
2024-01-07 10:30:00,S001,2.305564,141.04221,21.232164,1,0
2024-01-19 14:30:00,S006,3.161298,108.535139,18.030614,0,0
2024-01-10 23:20:00,S001,2.682111,149.662205,18.136107,0,0
2024-01-11 12:30:00,S003,3.243743,103.372042,17.950523,0,0
2024-01-05 04:25:00,S007,2.286389,110.985405,14.084687,0,1
2024-01-06 17:05:00,S001,3.426763,119.832351,20.80608,0,0
2024-01-12 20:45:00,S008,1.89722,147.013669,19.821891,0,1
2024-01-13 01:40:00,S008,1.005453,116.366343,16.392269,0,1
2024-01-10 22:25:00,S003,2.468461,165.523798,22.498039,1,0
2024-01-07 05:20:00,S006,2.884831,109.898741,20.822375,0,0
2024-01-14 04:25:00,S008,3.141611,113.96541,16.412617,0,0
2024-01-12 16:40:00,S006,3.269199,110.795514,19.65039,0,0
2024-01-12 16:35:00,S006,3.338857,107.944999,19.436134,0,0
2024-01-13 06:25:00,S002,3.362005,131.941359,19.488451,0,0
2024-01-19 06:15:00,S009,3.501083,90.644435,14.217857,0,0
2024-01-12 23:25:00,S003,2.875287,135.120501,20.617326,0,0
2024-01-03 02:15:00,S008,2.6241052534272846,122.68069926200162,14.536292669178046,0,0
2024-01-11 14:40:00,S008,2.542893,127.658729,16.971909,0,0
2024-01-19 02:20:00,S002,2.679439,118.792924,16.254748,1,0
2024-01-01 10:30:00,S010,3.088667661133953,172.48991592073656,16.587023628553276,0,0
2024-01-14 11:00:00,S001,2.162867,100.663711,17.620462,0,1
2024-01-11 04:35:00,S003,2.992697,125.191913,18.437135,0,0
2024-01-16 10:55:00,S003,3.144232,174.661108,19.652605,0,0
2024-01-13 06:15:00,S002,3.335031,117.640608,13.659368,0,0
2024-01-10 11:30:00,S007,3.366966,110.512643,17.30279,0,0
2024-01-03 20:55:00,S007,3.831203410319324,143.815017524989,22.12402316824417,0,0
2024-01-06 16:35:00,S007,2.79706,152.595566,16.702748,1,0
2024-01-04 10:00:00,S010,3.606147162140683,87.92561010354339,11.009269193822718,0,0
2024-01-12 09:25:00,S004,2.231247,151.794125,19.963141,1,0
2024-01-21 16:50:00,S009,3.700447,120.156497,17.874936,0,0
2024-01-08 14:20:00,S010,3.378159,144.252784,19.859523,0,0
2024-01-20 04:15:00,S009,3.019261,136.39125,18.739022,0,0
2024-01-09 11:35:00,S010,2.174209,163.082903,17.007575,0,1
2024-01-02 06:10:00,S007,1.87007580783712,178.7783278499817,14.845167975793208,1,0
2024-01-09 03:45:00,S010,2.302847,118.138734,17.604411,0,1
2024-01-02 04:45:00,S010,2.178009719083582,101.45311111234344,20.962314474710947,1,0
2024-01-03 19:50:00,S009,2.9370416092566165,112.6092173493722,15.653003205207828,0,0
2024-01-17 16:35:00,S006,3.095691,141.152639,14.482595,0,0
2024-01-12 03:05:00,S007,3.486905,104.762358,14.047055,0,0
2024-01-19 19:10:00,S009,3.304082,129.91579,17.931469,0,0
2024-01-20 23:05:00,S005,3.022119,162.244766,16.527214,0,0
2024-01-12 13:05:00,S001,2.918913,156.570606,17.588831,0,0
2024-01-15 06:10:00,S006,3.025561,152.373909,19.080623,0,0
2024-01-08 08:20:00,S004,2.891429,111.048739,18.940576,0,0
2024-01-07 08:50:00,S003,2.211617,87.197057,18.580996,0,1
2024-01-03 18:05:00,S007,2.752417882761569,175.46632887048045,18.233644474601075,0,0
2024-01-21 14:35:00,S009,3.279824,127.312861,20.364025,0,0
2024-01-10 06:50:00,S008,3.505565,97.803394,19.165497,0,0
2024-01-01 07:50:00,S008,2.533277113045453,124.72477799688394,17.143160451835215,0,0
2024-01-15 16:05:00,S006,3.036681,143.314162,17.442045,1,0
2024-01-14 01:00:00,S008,3.606537,130.990427,22.399296,0,0
2024-01-11 00:55:00,S001,3.217194,117.808984,17.68724,0,0
2024-01-09 05:35:00,S004,3.409013,131.802468,21.972487,0,0
2024-01-18 05:45:00,S004,3.428547,117.284892,17.395553,0,0
2024-01-20 16:15:00,S006,2.800534,146.830314,20.334513,0,0
2024-01-12 05:00:00,S008,3.254304,150.174299,19.130754,0,0
2024-01-19 13:10:00,S002,3.298575,161.196984,18.471612,0,0
2024-01-10 21:45:00,S006,3.205418,126.704128,13.560825,0,0
2024-01-11 02:40:00,S009,3.128238,96.910975,17.205182,0,0
2024-01-07 11:25:00,S005,3.539589,133.57242,20.313962,0,0
2024-01-17 00:20:00,S010,3.197478,106.711765,15.777617,0,0
2024-01-07 10:45:00,S001,2.935288,176.545681,16.500038,1,0
2024-01-10 04:25:00,S001,2.963626,134.733767,19.023878,0,0
2024-01-08 18:55:00,S002,2.748122,125.710934,22.447075,1,0
2024-01-09 02:40:00,S009,3.005504,137.284617,15.036131,0,0
2024-01-04 07:10:00,S005,3.11184390605732,102.16736045733307,10.324683420204751,0,0
2024-01-11 15:40:00,S001,1.400038,151.950828,18.4124,0,1
2024-01-04 21:20:00,S008,2.923506,195.959999,19.942147,1,0
2024-01-10 00:25:00,S009,3.018103,133.135632,17.729746,0,0
2024-01-08 15:40:00,S010,3.201421,141.189783,15.901644,0,0
2024-01-02 10:55:00,S003,3.673582494190131,160.18668846821197,14.507340784006486,0,0
2024-01-04 04:50:00,S009,3.833518285166439,74.0950418927826,12.595358046267464,0,0
2024-01-05 08:30:00,S010,3.423485,109.079914,17.90554,0,0
2024-01-02 15:45:00,S010,3.2153501597019547,157.7496763058006,13.710104737286253,0,0
2024-01-08 01:35:00,S003,1.251923,88.423301,22.109574,0,1
2024-01-05 04:10:00,S009,3.330272,108.397399,17.170429,0,0
2024-01-10 02:50:00,S009,3.293522,129.037677,14.787837,0,0
2024-01-21 01:05:00,S009,3.271788,123.802214,13.096595,0,0
2024-01-07 20:10:00,S001,3.31308,136.275108,16.109312,0,0
2024-01-11 19:10:00,S001,3.349169,65.545294,13.182218,0,0
2024-01-14 22:50:00,S003,2.429291,198.22262,17.460459,1,0
2024-01-08 11:15:00,S002,3.575967,87.247592,12.972477,0,0
2024-01-13 19:15:00,S006,2.236681,143.316965,16.236948,0,1
2024-01-18 01:40:00,S006,3.474063,111.513172,14.093036,0,0
2024-01-07 22:25:00,S001,2.349053,115.012298,15.886426,0,0
2024-01-15 00:05:00,S001,3.462697,127.951116,16.387021,0,0
2024-01-21 10:15:00,S009,3.542622,125.30674,14.869403,0,0
2024-01-11 14:30:00,S008,3.000806,162.542208,20.539692,0,0
2024-01-05 08:00:00,S010,3.643732,116.234197,19.569111,0,0
2024-01-08 14:40:00,S010,3.491648,129.710305,18.561194,0,0
2024-01-10 10:00:00,S007,3.158758,140.584076,16.733433,0,0
2024-01-04 10:40:00,S003,3.731273513894693,92.22159536763792,11.05103043581784,0,0
2024-01-08 14:30:00,S010,2.984259,162.162362,19.756453,0,0
2024-01-17 05:10:00,S003,1.868917,174.215116,18.674862,0,1
2024-01-14 01:30:00,S008,3.17614,112.957181,21.653234,0,0
2024-01-13 11:45:00,S010,3.1254,112.660916,17.073564,0,0
2024-01-17 08:35:00,S003,3.274049,139.616869,16.802829,0,0
2024-01-05 13:50:00,S006,2.236681,142.630538,15.220051,0,1
2024-01-07 11:15:00,S005,3.410355,107.45789,17.301537,0,0
2024-01-09 03:15:00,S010,1.406088,233.932476,19.16934,0,1
2024-01-09 12:05:00,S006,2.927193,142.342081,17.668608,0,0
2024-01-08 10:00:00,S005,3.166489,169.532491,18.929844,1,0
2024-01-04 16:45:00,S005,3.138358,134.112477,16.681701,0,0
2024-01-21 15:50:00,S009,3.59638,141.15868,16.945405,0,0
2024-01-15 16:15:00,S006,2.92969,88.794749,14.836484,1,0
2024-01-10 02:25:00,S009,3.354101,133.223129,14.828683,0,0
2024-01-01 06:25:00,S003,3.6657203738911552,133.76063746037076,16.363330138704644,0,0
2024-01-11 01:30:00,S006,2.009535,207.043134,15.899698,1,0
2024-01-17 17:40:00,S002,2.319732,82.936112,15.626319,0,1
2024-01-05 13:30:00,S008,3.386256,98.850997,19.923726,0,0
2024-01-19 03:55:00,S005,3.072274,75.47162,16.519875,1,0
2024-01-04 00:40:00,S008,3.275814141540294,177.22722474199207,20.277617699166708,0,0
2024-01-14 08:50:00,S008,3.249571,110.566478,13.814967,0,0
2024-01-21 06:50:00,S009,3.525461,136.848818,16.070151,0,0
2024-01-11 07:05:00,S008,2.518116,161.547119,17.816146,1,0
2024-01-12 18:35:00,S007,2.490339,135.940403,17.850185,1,0
2024-01-09 21:20:00,S002,3.558489,111.110189,18.892986,0,0
2024-01-21 09:40:00,S009,2.742192,142.553999,16.460886,0,0
2024-01-10 03:35:00,S009,1.589575,203.442757,20.562742,1,0
2024-01-13 06:10:00,S002,3.258957,137.69555,12.841567,0,0
2024-01-02 07:15:00,S004,2.5270001334178227,113.21660623688712,10.407625241362664,0,0
2024-01-07 15:00:00,S003,3.253814,157.777013,17.191778,0,0
2024-01-16 09:05:00,S002,3.437307,102.657897,18.684791,0,0
2024-01-18 23:50:00,S003,2.187703,93.569806,20.004909,1,0
2024-01-19 04:40:00,S007,3.366009,119.443421,17.648415,0,0
2024-01-14 23:35:00,S001,2.884467,152.424337,19.718213,0,0
2024-01-06 13:40:00,S008,3.238169,115.397734,16.782027,0,0
2024-01-04 21:10:00,S010,3.26393,136.851561,13.511539,0,0
2024-01-13 18:25:00,S002,2.994391,130.705426,14.743679,0,0
2024-01-13 02:50:00,S008,3.114425,141.885099,12.106796,0,0
2024-01-21 06:15:00,S009,3.511222,139.960527,19.336272,0,0
2024-01-11 06:30:00,S003,3.29703,80.449318,16.569167,0,0
2024-01-07 22:10:00,S002,2.285733,128.293355,17.642504,0,1
2024-01-21 15:25:00,S009,3.142467,113.742223,16.039229,0,0
2024-01-19 01:50:00,S010,3.357109,150.824051,19.552457,0,0
2024-01-09 06:00:00,S004,3.475549,122.939764,17.91253,0,0
2024-01-05 15:50:00,S009,3.524801,114.311446,18.126459,0,0
2024-01-02 02:40:00,S006,3.347532989288524,153.3327953075136,23.09984373791212,0,0
2024-01-06 14:55:00,S006,1.966716,146.61287,18.664382,1,0
2024-01-13 21:25:00,S005,3.868337,148.753549,17.013497,0,0
2024-01-08 03:40:00,S009,3.176826,131.329172,18.320764,0,0
2024-01-08 16:55:00,S002,3.206659,145.780572,15.709812,0,0
2024-01-06 19:25:00,S009,3.313721,122.593621,16.643747,0,0
2024-01-01 21:40:00,S005,2.9273093529428844,96.09349473894298,22.04538846748995,0,0
2024-01-19 08:55:00,S009,3.355064,107.895421,15.70232,0,0
2024-01-08 01:55:00,S003,1.742756,174.1824,19.372816,0,1
2024-01-17 14:45:00,S006,1.916326,85.010427,14.985118,0,1
2024-01-04 03:05:00,S010,3.1905330597022403,156.45070152567865,24.75567374813728,0,0
2024-01-14 00:00:00,S005,2.882567,139.930856,15.879287,1,0
2024-01-08 00:50:00,S004,3.263019,154.808752,16.214459,0,0
2024-01-15 16:50:00,S008,3.044726,126.3815,13.222508,0,0
2024-01-07 15:45:00,S008,2.896499,118.555958,16.960129,0,0
2024-01-07 08:20:00,S006,3.390727,113.650027,18.597478,0,0
2024-01-06 11:05:00,S004,3.009307,163.193004,19.359465,1,0
2024-01-16 07:55:00,S005,3.293113,158.852967,18.570937,0,0
2024-01-17 11:45:00,S008,2.329434,171.930548,19.814145,1,0
2024-01-19 06:20:00,S009,3.364954,99.215674,14.702516,0,0
2024-01-17 03:50:00,S002,3.413872,145.375607,17.88478,0,0
2024-01-15 14:40:00,S006,3.306818,135.58677,18.138956,0,0
2024-01-17 01:35:00,S005,2.366489,111.384917,15.892798,0,1
2024-01-01 18:40:00,S010,3.157910824734308,158.72398398110874,18.899179724652683,0,0
2024-01-03 12:15:00,S010,3.1184195917474984,190.2094873232452,13.763186498360504,0,0
2024-01-19 16:10:00,S008,3.205234,100.076203,18.697692,0,0
2024-01-04 23:05:00,S008,3.035413,99.270513,18.2817,0,0
2024-01-10 14:10:00,S001,1.75386,163.455916,16.934742,0,1
2024-01-03 22:30:00,S004,3.572687529725332,193.57022488096945,16.406575680405147,0,0
2024-01-15 21:25:00,S010,3.330828,131.327509,14.478553,0,0
2024-01-18 12:10:00,S004,3.493095,78.866455,19.178459,0,0
2024-01-09 20:35:00,S006,2.90787,123.19836,16.069675,1,0
2024-01-11 04:00:00,S006,3.036681,181.02565,18.169488,1,0
2024-01-01 09:45:00,S008,3.5843441449326634,173.12922097300287,20.776859062548304,0,0
2024-01-03 05:45:00,S002,3.608300015699549,54.86651690707805,19.88076458090533,0,0
2024-01-01 00:15:00,S009,2.936843710297063,141.77793420835692,12.092407909780627,0,0
2024-01-15 11:30:00,S001,3.103823,161.001706,14.092371,0,0
2024-01-02 14:55:00,S010,2.97272055869883,91.43559874627296,24.72479985778672,0,0
2024-01-01 00:25:00,S009,2.5975773894779195,192.332830588,24.48448049611839,0,0
2024-01-04 04:35:00,S007,3.808779927744044,86.62213407603608,16.751647880275442,0,0
2024-01-10 00:15:00,S009,2.933365,123.042707,16.400113,0,0
2024-01-16 00:20:00,S009,3.476237,105.771355,15.756972,0,0
2024-01-04 16:35:00,S005,3.835179,119.586286,17.040213,0,0
2024-01-09 23:50:00,S009,3.22878,76.931661,12.07166,0,0
2024-01-01 20:10:00,S005,3.900812526291858,97.42341574651256,17.608522130325888,0,0
2024-01-19 02:25:00,S002,2.394866,143.195404,16.534018,1,0
2024-01-05 00:40:00,S007,3.186166,108.027267,15.40535,0,0
2024-01-10 23:10:00,S003,3.011617,99.730295,16.770818,1,0
2024-01-13 23:15:00,S005,2.470792,68.274035,15.719973,1,0
2024-01-09 07:45:00,S005,3.155476,133.350942,13.817392,0,0
2024-01-13 05:05:00,S005,2.045212,124.446962,14.623922,0,1
2024-01-12 21:05:00,S007,3.129317,106.962597,17.671168,0,0
2024-01-09 21:35:00,S002,3.373301,160.846904,19.94048,0,0
2024-01-06 13:45:00,S008,2.894383,108.95977,17.135454,0,0
2024-01-21 02:05:00,S009,3.300326,164.377207,19.463666,0,0
2024-01-09 01:40:00,S009,3.401555,110.053036,14.180404,0,0
2024-01-10 09:45:00,S007,3.414516,106.396681,18.020736,0,0
2024-01-19 06:45:00,S009,2.992546,146.743028,19.972738,0,0
2024-01-05 13:20:00,S008,3.345244,143.956461,18.873179,0,0
2024-01-12 23:20:00,S003,3.225037,127.417585,17.040745,0,0
2024-01-14 05:40:00,S008,3.467936,91.542227,16.278529,0,0
2024-01-20 09:00:00,S009,1.974159,88.723392,15.163015,1,0
2024-01-09 04:50:00,S004,3.586846,111.971247,20.183944,0,0
2024-01-07 20:35:00,S001,3.299394,120.858836,19.538602,0,0
2024-01-13 04:50:00,S005,2.356701,123.442785,15.40632,0,1
2024-01-07 02:45:00,S006,1.515696,150.049089,22.717838,0,1
2024-01-10 12:15:00,S005,3.492299,138.086479,18.081839,0,0
2024-01-20 09:35:00,S003,2.847218,153.32159,15.803573,0,0
2024-01-09 14:00:00,S004,2.380624,169.332263,13.256883,1,0
2024-01-14 21:55:00,S009,3.224305,108.759621,19.202066,0,0
2024-01-17 09:10:00,S003,2.7281,113.966928,19.531757,0,0
2024-01-06 04:25:00,S008,2.803288,138.753036,18.549009,0,0
2024-01-15 14:30:00,S006,2.974129,116.447313,17.870908,0,0
2024-01-08 11:50:00,S002,3.479474,120.738375,16.892393,0,0
2024-01-05 01:25:00,S007,3.093962,88.833468,16.135584,0,0
2024-01-19 19:15:00,S009,3.251692,151.438427,17.757715,0,0
2024-01-01 19:20:00,S002,3.447340330138781,159.96695336229214,11.973515276908897,0,0
2024-01-01 05:30:00,S008,3.6026065657058286,170.5221395577273,14.230518588569598,0,0
2024-01-06 13:35:00,S008,3.281208,116.340869,16.827612,0,0
2024-01-12 09:35:00,S004,1.988939,164.866657,16.433517,1,0
2024-01-13 11:40:00,S010,3.290728,117.491057,16.486763,0,0
2024-01-17 02:00:00,S005,1.853105,152.306083,18.362472,0,1
2024-01-01 10:25:00,S003,2.746398696896489,172.1862080347073,19.977958310443,0,0
2024-01-05 12:00:00,S008,3.228225,143.28653,20.212355,0,0
2024-01-07 20:40:00,S001,3.110386,153.401557,20.379328,0,0
2024-01-19 19:20:00,S009,3.274769,116.277444,16.962599,0,0
2024-01-19 15:45:00,S002,2.326031,158.726165,19.934041,1,0
2024-01-08 04:55:00,S009,3.30166,120.927444,19.705783,0,0
2024-01-16 21:40:00,S008,2.863136,167.095203,18.906225,0,0
2024-01-11 17:10:00,S005,3.1782,122.776054,16.444696,0,0
2024-01-19 01:00:00,S010,3.341188,122.760008,22.08243,0,0
2024-01-12 14:45:00,S005,3.525774,118.996745,18.728742,0,0
2024-01-21 04:50:00,S009,2.874553,99.011228,16.643533,0,0
2024-01-10 17:05:00,S006,2.751207,114.82119,15.384067,0,0
2024-01-04 04:30:00,S007,3.266640732208597,116.82767217397418,24.50452771927473,0,0
2024-01-06 17:10:00,S001,3.445585,124.205496,19.197024,0,0
2024-01-18 18:50:00,S006,3.256981,108.00291,17.877962,0,0
2024-01-18 19:10:00,S006,2.796593,124.332413,20.076465,0,0
2024-01-18 06:50:00,S004,3.199327,107.699009,16.921796,0,0
2024-01-17 01:05:00,S010,3.314376,115.210401,19.577639,0,0
2024-01-02 06:20:00,S005,3.96018608496426,100.5260752791655,14.44734671924973,0,0
2024-01-12 09:55:00,S005,3.537932,95.96246,15.441423,0,0
2024-01-08 09:05:00,S004,3.549387,121.45498,19.752961,0,0
2024-01-15 07:35:00,S006,2.316173,169.536997,16.670426,1,0
2024-01-16 20:45:00,S005,1.91429,104.978948,10.511576,0,1
2024-01-02 19:45:00,S004,3.904400709119829,131.2985112334649,24.094772669402623,0,0
2024-01-17 17:45:00,S002,2.319732,105.535579,18.067462,0,1
2024-01-01 04:35:00,S006,3.571893884050094,149.0296065076597,14.199008454189142,0,0
2024-01-03 05:10:00,S007,2.660585767831279,116.0087069764098,20.94567859746133,0,0
2024-01-02 01:10:00,S001,3.933002029755893,168.03550793829424,14.731103436220192,0,0
2024-01-10 14:30:00,S006,2.882356,129.552265,16.917402,0,0
2024-01-05 10:20:00,S005,3.467363,103.824224,17.602847,0,0
2024-01-17 09:20:00,S003,3.144241,126.555061,18.57708,0,0
2024-01-08 03:15:00,S009,3.498703,176.102146,15.969,0,0
2024-01-18 20:45:00,S006,3.352365,106.120687,15.730692,0,0
2024-01-16 09:20:00,S002,3.780479,105.429524,19.041099,0,0
2024-01-13 15:40:00,S006,3.44024,105.595469,19.700197,0,0
2024-01-15 09:15:00,S007,3.051328,138.678661,17.996126,0,0
2024-01-10 23:50:00,S001,3.152929,122.116595,18.190385,0,0
2024-01-15 14:10:00,S008,2.227899,104.995837,17.51086,0,1
2024-01-08 22:30:00,S009,3.184063,116.313653,12.54075,0,0
2024-01-08 20:25:00,S008,3.285811,71.811683,18.25974,0,0
2024-01-08 23:20:00,S009,3.085844,132.798504,15.067603,0,0
2024-01-07 02:05:00,S002,3.543561,108.065619,15.519276,0,0
2024-01-07 20:00:00,S001,3.466769,138.755432,17.013756,0,0
2024-01-19 01:30:00,S010,3.081002,117.662197,17.289587,0,0
2024-01-11 19:45:00,S001,3.210311,158.621242,18.456912,0,0
2024-01-09 07:25:00,S005,3.112805,112.823698,10.66738,0,0
2024-01-02 19:35:00,S010,3.1736271175164203,141.8387226142767,13.196275130272124,0,0
2024-01-14 13:00:00,S006,3.789127,139.817114,17.776725,0,0
2024-01-20 19:55:00,S005,3.409955,150.859884,17.914525,0,0
2024-01-17 07:35:00,S002,3.364768,148.410303,19.828875,0,0
2024-01-20 01:25:00,S003,2.436661,152.401025,18.53481,1,0
2024-01-11 20:10:00,S001,3.077063,87.421103,17.017302,0,0
2024-01-15 10:20:00,S001,3.067563,105.35495,20.281496,0,0
2024-01-07 20:05:00,S001,3.538336,149.11802,19.794045,0,0
2024-01-03 07:55:00,S009,3.492578023965935,140.36741629498815,12.445286707223293,0,0
2024-01-15 13:00:00,S003,3.302625,80.482008,21.287957,0,0
2024-01-03 07:30:00,S004,2.986518711542584,85.08453972083052,13.163293415211822,0,0
2024-01-20 05:00:00,S009,3.291503,154.463298,15.031839,0,0
2024-01-07 13:15:00,S003,2.888158,138.777689,19.302474,0,0
2024-01-12 08:10:00,S001,3.523119,92.906337,15.736143,0,0
2024-01-01 23:20:00,S006,2.633686648174025,163.29056307452117,11.915702254528522,0,0
2024-01-06 23:15:00,S007,2.286389,83.747375,21.808082,0,1
2024-01-11 05:35:00,S003,3.031358,97.777188,15.069251,0,0
2024-01-16 11:15:00,S003,3.521669,150.168857,14.211524,0,0
2024-01-04 02:55:00,S004,3.5730715257679826,195.98913245457376,13.021094638200283,0,0
2024-01-21 04:30:00,S009,2.839994,137.460887,19.974556,0,0
2024-01-03 15:20:00,S007,1.0169918606976558,109.80989202102006,19.492039159922605,0,1
2024-01-07 14:50:00,S003,2.891172,127.133078,19.453512,0,0
2024-01-15 00:50:00,S003,2.727045,162.62181,17.0555,1,0
2024-01-14 06:35:00,S008,3.16532,135.943156,18.478563,0,0
2024-01-15 08:50:00,S007,2.95834,120.544773,15.757248,0,0
2024-01-14 06:10:00,S006,2.236681,135.462061,22.185685,0,1
2024-01-15 22:20:00,S010,3.171804,123.180653,17.135221,0,0
2024-01-10 00:05:00,S009,2.873634,98.414792,16.828937,0,0
2024-01-15 11:00:00,S001,3.13498,133.424151,20.562454,0,0
2024-01-11 12:35:00,S003,3.155707,110.608545,18.0249,0,0
2024-01-13 10:15:00,S010,3.610331,156.814848,14.582387,0,0
2024-01-10 20:00:00,S002,3.253082,114.865681,13.560482,0,0
2024-01-13 01:20:00,S008,1.30142,201.073315,14.406535,0,1
2024-01-01 11:25:00,S004,3.87812578339112,168.51269556861303,10.345339071814562,0,0
2024-01-17 23:40:00,S003,2.629922,154.534401,19.463155,0,0
2024-01-08 13:40:00,S007,2.951573,168.242472,18.270776,1,0
2024-01-08 09:20:00,S005,2.430923,124.877062,22.672859,1,0
2024-01-12 00:45:00,S005,3.535138,121.129615,18.544614,0,0
2024-01-17 20:30:00,S009,3.253361,105.443826,17.889063,0,0
2024-01-17 02:25:00,S008,2.58328,57.716269,19.389978,0,0
2024-01-18 18:15:00,S009,3.198596,142.695041,16.44451,0,0
2024-01-19 03:15:00,S002,3.30272,142.583429,17.120243,0,0
2024-01-15 19:05:00,S008,3.134644,131.667256,13.695969,0,0
2024-01-16 02:00:00,S009,3.359796,84.872672,15.341809,0,0
2024-01-05 14:55:00,S009,2.888549,163.310144,16.097669,0,0
2024-01-08 00:05:00,S005,2.405809,155.06192,16.925709,1,0
2024-01-16 18:30:00,S005,3.205722,88.82273,15.857637,0,0
2024-01-09 14:50:00,S010,3.595407,138.286172,19.736377,0,0
2024-01-05 17:10:00,S009,3.255405,90.156326,21.178335,0,0
2024-01-05 14:45:00,S006,2.236681,216.951999,18.275993,0,1
2024-01-21 12:20:00,S009,3.228783,125.615489,16.805805,0,0
2024-01-08 11:10:00,S002,3.376037,72.671235,17.712459,0,0
2024-01-16 17:30:00,S002,1.466134,151.836625,21.177549,0,1
2024-01-08 08:50:00,S004,3.30708,111.16872,20.758109,0,0
2024-01-17 05:25:00,S003,2.120012,221.328617,16.960433,0,1
2024-01-14 19:45:00,S002,2.969496,124.955633,21.29516,1,0
2024-01-05 08:20:00,S010,3.432765,136.794216,16.241652,0,0
2024-01-12 09:10:00,S001,3.115962,159.275701,21.263944,0,0
2024-01-12 17:10:00,S006,3.523355,91.519866,16.262898,0,0
2024-01-10 18:30:00,S004,1.307333,168.872084,22.525124,0,1
2024-01-17 09:15:00,S003,2.838359,110.901219,16.928201,0,0
2024-01-07 10:00:00,S003,3.225477,102.473477,15.877527,0,0
2024-01-17 20:50:00,S009,2.036779,159.050478,14.512259,1,0
2024-01-11 13:05:00,S003,2.898093,123.628922,20.966675,0,0
2024-01-02 08:20:00,S007,3.975760469283157,90.34384187397066,16.104578644513957,0,0
2024-01-01 19:35:00,S002,2.6428922619319395,147.8184868295657,14.682220850446706,0,0
2024-01-04 17:45:00,S005,3.161809,140.024865,19.570965,0,0
2024-01-07 21:20:00,S001,3.248487,149.502598,17.2615,0,0
2024-01-16 03:35:00,S007,3.303497,125.190444,18.626248,0,0
2024-01-14 18:10:00,S001,3.119644,111.542184,16.51284,0,0
2024-01-03 16:10:00,S001,3.7924973270486513,136.56756235818597,23.35987683192764,0,0
2024-01-08 12:25:00,S001,0.681644,124.206452,22.546493,0,1
2024-01-16 17:45:00,S005,2.713214,189.406564,17.526442,0,0
2024-01-03 08:05:00,S009,3.129441074210216,57.59337084036112,10.59087750539229,0,0
2024-01-01 20:45:00,S005,3.5004572754863608,136.5777855067622,15.228605008629556,0,0
2024-01-06 11:10:00,S004,2.639468,172.252993,11.06671,1,0
2024-01-12 20:55:00,S007,2.620395,189.929173,18.545237,0,0
2024-01-08 05:25:00,S002,3.150413,123.339442,16.703611,0,0
2024-01-07 07:55:00,S006,3.149337,132.825231,15.722091,0,0
2024-01-20 06:30:00,S001,2.069385,154.353628,21.852901,1,0
2024-01-20 22:10:00,S005,3.272311,134.22321,14.553509,0,0
2024-01-16 18:40:00,S005,3.548835,104.874276,18.14153,0,0
2024-01-03 11:40:00,S008,3.9452199212114913,66.20668390646107,17.177366051607837,0,0
2024-01-19 13:20:00,S002,3.258154,139.533864,17.347427,0,0
2024-01-20 10:35:00,S003,3.174271,200.0,19.597846,0,0
2024-01-08 02:40:00,S009,3.012861,121.681084,13.687927,0,0
2024-01-15 12:10:00,S010,2.302847,87.732236,18.248842,0,1
2024-01-17 16:45:00,S006,2.92271,162.788913,15.5432,0,0
2024-01-10 11:00:00,S007,3.143835,145.310707,14.900786,0,0
2024-01-19 19:40:00,S009,3.323792,122.373096,16.106514,0,0
2024-01-06 01:40:00,S003,2.882473,173.268863,16.515227,0,0
2024-01-06 19:00:00,S009,3.347278,112.294446,17.827229,0,0
2024-01-10 13:40:00,S001,2.274908,146.977779,18.613422,0,1
2024-01-07 22:40:00,S001,3.269719,109.864974,15.722375,0,0
2024-01-16 20:55:00,S008,2.40155,119.377888,16.997964,0,0
2024-01-17 00:25:00,S010,3.476759,116.992368,14.878336,0,0
2024-01-02 09:40:00,S006,3.768406544484861,153.8739240003838,16.448966160852223,0,0
2024-01-02 08:00:00,S001,2.5970303402726973,193.37367255811284,10.377129374159091,0,0
2024-01-19 16:45:00,S008,3.064261,115.28043,19.424237,0,0
2024-01-08 11:20:00,S002,3.395328,100.096465,12.867655,0,0
2024-01-06 16:05:00,S007,1.928155,68.747375,17.256802,1,0
2024-01-20 01:50:00,S003,3.050174,176.33768,17.535146,0,0
2024-01-17 14:40:00,S006,1.437599,167.438496,19.716529,0,1
2024-01-14 15:05:00,S007,3.037386,134.726813,17.91024,0,0
2024-01-15 10:30:00,S001,3.203652,142.631511,20.606229,0,0
2024-01-18 04:20:00,S004,3.010202,130.891696,19.208712,0,0
2024-01-01 18:35:00,S004,3.329502178887937,139.62137939478953,21.75748830128293,0,0
2024-01-08 14:45:00,S010,3.264093,114.283313,19.77631,0,0
2024-01-11 21:20:00,S001,2.657351,102.195104,13.732839,0,0
2024-01-16 12:25:00,S008,2.104977,156.12755,18.240015,1,0
2024-01-07 08:00:00,S006,3.304218,134.767804,17.384611,0,0
2024-01-20 03:05:00,S003,3.472195,117.612824,16.301275,0,0
2024-01-18 19:00:00,S006,2.973615,127.436521,18.719329,0,0
2024-01-18 06:20:00,S004,3.683571,138.473625,21.838705,0,0
2024-01-03 18:25:00,S009,1.5285407442068029,218.5110660669936,18.739429690605483,1,0
2024-01-10 23:15:00,S001,3.125715,125.780106,16.292065,0,0
2024-01-01 00:45:00,S004,3.396849968216628,188.2811352534675,11.327387530778791,0,0
2024-01-07 18:00:00,S008,3.230187,116.653314,17.042667,0,0
2024-01-07 09:10:00,S003,2.72997,95.234485,18.237889,0,0
2024-01-17 16:20:00,S006,2.938214,117.467869,17.7574,0,0
2024-01-01 21:15:00,S008,3.5023191978325245,142.92355190144218,16.952410657008585,0,0
2024-01-16 13:45:00,S009,3.315688,99.114688,20.288123,0,0
2024-01-19 18:10:00,S008,3.352415,133.023435,20.626158,0,0
2024-01-06 11:45:00,S008,3.237666,120.728263,19.736743,0,0
2024-01-11 06:20:00,S003,3.243502,118.474833,12.508595,0,0
2024-01-04 05:00:00,S010,2.9811003734673567,78.8386877702138,14.642043236329013,0,0
2024-01-20 06:15:00,S001,3.074908,128.039091,21.68606,1,0
2024-01-09 17:00:00,S003,3.485025,144.028741,18.340206,0,0
2024-01-18 10:40:00,S003,2.293078,156.503491,13.683949,1,0
2024-01-14 02:35:00,S007,3.275608,137.853905,16.695325,0,0
2024-01-17 18:55:00,S009,3.340737,108.099444,12.703943,0,0
2024-01-15 08:40:00,S007,3.317398,104.541404,17.580885,0,0
2024-01-18 05:40:00,S004,3.424572,110.743886,18.832835,0,0
2024-01-10 15:35:00,S006,2.945081,112.456892,14.28072,0,0
2024-01-02 20:55:00,S006,3.482760571786507,89.03548969778441,12.392383938120377,0,0
2024-01-10 12:45:00,S005,2.946205,136.490726,18.367491,0,0
2024-01-19 17:15:00,S008,3.300098,127.967883,19.464897,0,0
2024-01-20 00:20:00,S010,3.162773,116.068155,16.54857,0,0
2024-01-04 23:25:00,S008,3.031349,96.642233,18.955568,0,0
2024-01-18 19:15:00,S006,2.813376,109.391153,15.805491,0,0
2024-01-16 12:20:00,S008,2.003825,182.970828,18.599342,1,0
2024-01-03 07:35:00,S003,1.2063463970337849,198.25145501800296,21.749469744340715,0,1
2024-01-11 11:35:00,S003,3.339549,117.343994,18.891774,0,0
2024-01-02 05:45:00,S008,2.9307069371268635,168.9281628550759,18.663900488217365,0,0
2024-01-18 13:55:00,S008,2.357561,126.472369,17.408698,1,0
2024-01-10 19:55:00,S002,3.019335,127.676475,13.685006,0,0
2024-01-10 15:55:00,S002,2.319732,261.553656,12.527289,0,1
2024-01-05 16:45:00,S009,3.258154,163.569339,18.090568,0,0
2024-01-18 19:35:00,S006,3.158528,113.289477,15.884226,0,0
2024-01-02 15:10:00,S008,2.7014122763534134,193.6901181585156,17.9448958591843,0,0
2024-01-10 09:15:00,S007,3.26661,138.618024,17.620798,0,0
2024-01-12 13:30:00,S006,2.117205,118.013532,21.331573,1,0
2024-01-13 15:05:00,S006,3.643027,154.073642,15.831326,0,0
2024-01-05 20:20:00,S009,3.065389,149.093983,15.787056,0,0
2024-01-13 10:40:00,S010,3.396152,124.023672,15.630888,0,0
2024-01-19 16:15:00,S008,3.306987,93.635004,16.722005,0,0
2024-01-19 06:30:00,S009,3.344461,143.618918,16.877031,0,0
2024-01-12 17:20:00,S006,3.324458,66.904345,19.696598,0,0
2024-01-05 08:40:00,S003,2.211617,188.859674,17.810929,0,1
2024-01-13 04:40:00,S005,2.366489,162.692079,17.909475,0,1
2024-01-05 08:10:00,S010,3.375266,123.851964,16.142111,0,0
2024-01-21 00:10:00,S004,2.488243,129.6787,20.341237,1,0
2024-01-15 22:10:00,S010,3.108467,130.276408,15.675687,0,0
2024-01-12 09:40:00,S004,2.507058,81.416947,18.696897,1,0
2024-01-11 04:25:00,S003,2.685734,136.741104,16.858569,0,0
2024-01-15 11:55:00,S001,3.186973,120.678932,18.196783,0,0
2024-01-19 07:00:00,S009,3.171611,126.577736,16.408586,0,0
2024-01-18 01:10:00,S006,2.903587,146.611846,20.254007,0,0
2024-01-07 10:20:00,S001,3.074908,169.190826,20.526673,1,0
2024-01-20 11:40:00,S003,2.958902,138.458019,20.933657,0,0
2024-01-21 06:45:00,S009,3.235524,119.403843,16.839189,0,0
2024-01-08 07:25:00,S005,2.366489,89.112275,20.286226,0,1
2024-01-01 11:05:00,S008,2.724876141023161,84.38770928489623,20.833788525895997,0,0
2024-01-19 04:20:00,S005,2.147269,140.584749,15.549798,1,0
2024-01-18 11:05:00,S003,2.950645,123.197303,19.566807,1,0
2024-01-04 05:20:00,S003,3.9067386999776006,151.57174500075038,11.785319567397115,0,0
2024-01-03 20:35:00,S005,3.1022464158473144,168.96928069445846,13.30763180704972,0,0
2024-01-19 21:50:00,S003,2.913755,140.808068,15.907888,0,0
2024-01-06 07:35:00,S003,3.423343,112.439852,16.760286,0,0
2024-01-05 05:10:00,S003,2.376134,138.127441,20.795666,0,0
2024-01-02 18:00:00,S007,3.323964657220156,96.79760304896276,17.23750630353041,0,0
2024-01-15 21:05:00,S010,3.081914,139.713464,16.87504,0,0
2024-01-07 22:20:00,S001,2.570368,120.047604,13.141058,0,0
2024-01-11 16:00:00,S001,2.274908,183.642806,16.652807,0,1
2024-01-07 19:10:00,S001,3.298058,146.691237,15.749096,0,0
2024-01-05 19:20:00,S009,3.089265,96.711089,17.212122,0,0
2024-01-04 02:30:00,S002,3.785253024584765,120.03171486846566,15.395797928654044,0,0
2024-01-18 02:20:00,S006,3.543153,72.46294,18.162337,0,0
2024-01-02 13:55:00,S009,3.7349641447310766,167.30230023994508,18.15708591799356,0,0
2024-01-20 07:10:00,S002,3.035664,94.117372,16.730933,0,0
2024-01-13 21:05:00,S005,3.217639,131.316953,15.599337,0,0
2024-01-20 05:05:00,S009,3.514118,132.132798,18.277692,0,0
2024-01-17 20:05:00,S009,3.366291,113.601911,17.16446,0,0
2024-01-17 11:40:00,S008,2.622836,130.200447,15.869564,1,0
2024-01-15 19:40:00,S002,2.647988,102.147242,16.020557,1,0
2024-01-13 05:30:00,S002,3.037844,124.732429,20.11413,0,0
2024-01-15 08:30:00,S007,2.944595,147.914361,18.982379,0,0
2024-01-13 12:10:00,S003,2.211617,127.876459,18.397513,0,1
2024-01-03 11:25:00,S003,3.499925627319058,67.93429966280847,18.58964279673377,0,0
2024-01-15 12:50:00,S003,2.950154,72.952863,19.747651,0,0
2024-01-08 16:30:00,S008,3.027899,134.657902,19.98413,1,0
2024-01-19 09:45:00,S007,2.657485,122.564751,14.668807,0,0
2024-01-11 03:35:00,S006,2.098008,238.825453,17.243174,1,0
2024-01-07 06:50:00,S006,2.873279,123.506725,19.713127,0,0
2024-01-13 02:30:00,S008,3.298651,100.831625,18.812734,0,0
2024-01-11 21:45:00,S001,3.147719,121.025884,15.720279,0,0
2024-01-07 08:15:00,S006,3.381956,91.675,17.805826,0,0
2024-01-05 00:15:00,S005,2.656073,149.647883,15.308035,1,0
2024-01-05 14:20:00,S006,1.139317,191.210068,21.815287,0,1
2024-01-15 23:20:00,S009,3.285691,108.507661,19.881808,0,0
2024-01-02 18:30:00,S007,3.3576189747156238,174.92455651824065,23.59130590721891,0,0
2024-01-06 20:00:00,S009,2.863778,123.785373,19.165764,0,0
2024-01-02 17:35:00,S010,3.2228012189119246,104.2565382289371,24.238129403057684,0,0
2024-01-19 21:05:00,S009,3.256192,124.990202,17.526816,0,0
2024-01-07 10:40:00,S001,2.750651,72.704286,16.363638,1,0
2024-01-05 19:40:00,S009,3.215606,114.076346,13.888735,0,0
2024-01-13 21:55:00,S005,3.136565,137.010946,14.986141,0,0
2024-01-09 06:50:00,S003,2.329019,155.153874,24.036008,1,0
2024-01-12 05:40:00,S008,3.212066,135.964479,19.14592,0,0
2024-01-06 08:20:00,S007,2.286389,168.369813,20.219093,0,1
2024-01-05 05:25:00,S003,3.027543,134.889323,19.023702,0,0
2024-01-10 07:25:00,S008,3.142374,125.528757,16.647677,0,0
2024-01-11 09:25:00,S008,3.236395,103.509687,13.941492,0,0
2024-01-05 03:15:00,S009,2.283085,176.572582,15.165157,1,0
2024-01-19 09:05:00,S009,3.136999,123.579363,12.830354,0,0
2024-01-06 08:30:00,S007,2.023207,134.540139,19.083596,0,1
2024-01-12 11:05:00,S006,2.906522,95.987302,19.677113,1,0
2024-01-12 13:00:00,S001,3.217851,155.811127,18.230065,0,0
2024-01-09 19:35:00,S009,3.450403,117.337168,17.943247,0,0
2024-01-04 07:25:00,S005,3.787495647671388,119.54331115151749,21.764069489600757,0,0
2024-01-17 19:50:00,S009,3.362968,111.852148,18.726282,0,0
2024-01-16 00:50:00,S009,3.079598,140.989995,15.577677,0,0
2024-01-03 13:00:00,S003,2.727168282903036,114.91572265127284,18.935197362422944,0,0
2024-01-21 19:15:00,S009,3.412743,139.430958,15.926433,0,0
2024-01-05 00:20:00,S005,3.024399,157.432099,14.676828,1,0
2024-01-20 07:05:00,S002,3.069478,118.219912,19.176602,0,0
2024-01-12 10:30:00,S005,3.183681,94.344947,12.649464,0,0
2024-01-11 08:30:00,S008,3.238267,112.246301,18.644279,0,0
2024-01-19 10:05:00,S007,2.982224,127.62592,20.300893,0,0
2024-01-18 22:05:00,S009,3.273908,103.291856,15.778344,0,0
2024-01-08 11:40:00,S002,3.284272,153.557376,17.407945,0,0
2024-01-04 16:30:00,S005,3.956735,139.866965,17.691352,0,0
2024-01-10 02:00:00,S009,3.214658,91.403491,16.919021,0,0
2024-01-05 01:15:00,S007,3.218515,107.143239,13.651851,0,0
2024-01-12 04:30:00,S009,1.916526,175.270876,19.086846,0,1
2024-01-13 15:00:00,S006,3.247208,131.802935,15.584966,0,0
2024-01-11 04:50:00,S003,3.355081,90.202105,13.344885,0,0
2024-01-16 14:15:00,S009,3.073271,145.965144,20.059684,0,0
2024-01-11 21:40:00,S001,2.993282,124.946683,11.664633,0,0
2024-01-18 07:00:00,S004,3.176018,134.504039,18.238832,0,0
2024-01-01 11:55:00,S003,2.872339664135728,136.64479311373208,12.482699761419608,0,0
2024-01-13 10:05:00,S010,3.561186,123.022802,13.465296,0,0
2024-01-18 04:10:00,S009,2.491221,103.223923,17.25718,1,0
2024-01-10 15:50:00,S002,2.319732,119.008599,18.040115,0,1
2024-01-03 11:45:00,S004,3.477851298343691,174.8625775115379,24.63209542471033,0,0
2024-01-07 07:35:00,S006,3.172944,122.494247,21.227874,0,0
2024-01-09 16:30:00,S003,3.127001,127.833522,20.351783,0,0
2024-01-16 03:20:00,S007,3.356706,113.586974,15.215967,0,0
2024-01-15 11:35:00,S001,3.104385,153.028561,14.52125,0,0
2024-01-02 08:55:00,S003,3.116531612898319,186.14165038348324,20.710489667002847,0,0
2024-01-21 03:05:00,S009,3.370023,134.461403,12.407599,0,0
2024-01-16 14:20:00,S009,3.278219,139.231093,18.91438,0,0
2024-01-05 17:45:00,S009,3.580919,162.605362,16.290581,0,0
2024-01-21 11:40:00,S009,3.16549,130.173904,20.624283,0,0
2024-01-03 01:35:00,S005,3.700110148115302,182.68749393817816,11.878308392752473,0,0
2024-01-14 17:20:00,S005,2.306292,132.510992,21.844431,0,1
2024-01-19 17:20:00,S008,3.150167,127.800862,19.870424,0,0
2024-01-18 06:00:00,S004,3.24477,152.124143,17.732472,0,0
2024-01-11 02:50:00,S009,3.209311,93.963752,20.303303,0,0
2024-01-09 01:50:00,S009,3.067017,130.604395,11.884937,0,0
2024-01-14 01:50:00,S010,2.567276,198.558732,16.857187,1,0
2024-01-12 22:40:00,S006,2.61803,86.692482,15.214239,1,0
2024-01-14 08:55:00,S008,3.299036,118.519884,14.132264,0,0
2024-01-15 08:20:00,S007,3.346981,123.337536,19.23021,0,0
2024-01-20 02:15:00,S003,3.017281,115.908984,19.929794,0,0
2024-01-08 10:35:00,S002,3.597657,128.099198,12.257845,0,0
2024-01-21 05:10:00,S009,2.892248,149.003251,17.512816,0,0
2024-01-18 14:45:00,S001,3.863851,133.347051,18.207309,0,0
2024-01-06 10:55:00,S002,3.440763,116.145465,17.144016,0,0
2024-01-15 03:55:00,S001,2.889688,138.285758,18.427545,0,0
2024-01-04 21:30:00,S008,2.474769,194.41475,20.54675,1,0
2024-01-10 16:10:00,S006,2.939099,111.563911,21.097762,0,0
2024-01-11 07:15:00,S008,2.675418,129.616775,19.044876,0,0
2024-01-09 16:40:00,S003,3.052111,142.365583,16.425165,0,0
2024-01-13 00:45:00,S003,3.067818,113.265026,19.084881,0,0
2024-01-03 08:15:00,S010,3.38252833147473,109.6526621649582,24.60700620035724,0,0
2024-01-10 18:00:00,S006,3.319208,122.692323,17.908893,0,0
2024-01-12 15:00:00,S005,3.570327,116.352347,12.692246,0,0
2024-01-03 12:40:00,S010,3.2161242842205304,140.2710100918171,18.7260497113178,0,0
2024-01-02 10:20:00,S004,2.6489533041305395,81.32961060586099,23.88455995038004,0,0
2024-01-11 22:10:00,S006,2.157253,167.321725,15.514827,1,0
2024-01-06 06:20:00,S003,2.885823,128.900282,14.046113,0,0
2024-01-03 20:45:00,S009,3.5589343548700105,125.55329139923585,22.437259604262096,0,0
2024-01-12 08:15:00,S001,3.405719,103.525657,15.744968,0,0
2024-01-14 19:10:00,S001,3.218327,147.587564,18.382278,0,0
2024-01-03 03:20:00,S007,3.383399612418346,162.75142580343788,19.352167457789445,0,0
2024-01-01 09:30:00,S009,2.855840187603992,65.26737089306056,12.29288708776498,0,0
2024-01-02 10:45:00,S001,3.261169549179613,151.60809822780757,13.525558222057375,0,0
2024-01-11 15:45:00,S001,0.68305,158.484599,21.042156,0,1
2024-01-06 15:25:00,S001,3.0963,143.158379,19.967877,0,0
2024-01-21 14:55:00,S009,3.254741,133.37768,17.900091,0,0
2024-01-15 12:45:00,S003,2.472992,82.559486,20.076631,0,0
2024-01-11 01:20:00,S006,2.233217,132.81134,19.114065,1,0
2024-01-20 10:50:00,S003,3.111571,163.340311,16.302074,0,0
2024-01-08 05:30:00,S002,3.353742,135.290484,15.268573,0,0
2024-01-03 14:45:00,S003,3.951704106472728,132.4796267546597,24.447385405976,0,0
2024-01-09 20:10:00,S009,3.433198,111.979577,16.21212,0,0
2024-01-14 18:45:00,S001,2.953325,135.365511,17.27313,0,0
2024-01-12 17:05:00,S006,3.349439,91.713776,13.520165,0,0
2024-01-15 06:15:00,S006,3.222969,151.137804,17.847469,0,0
2024-01-09 11:40:00,S010,2.302847,170.032375,18.047331,0,1
2024-01-16 05:00:00,S007,3.35733,100.464873,16.465869,0,0
2024-01-04 16:50:00,S005,3.132438,148.230608,16.952312,0,0
2024-01-14 14:05:00,S006,3.086133,150.688375,17.275718,0,0
2024-01-19 08:35:00,S009,3.130577,117.549812,16.653614,0,0
2024-01-19 16:55:00,S008,3.301655,160.205075,17.153894,0,0
2024-01-13 03:30:00,S006,2.392739,92.718628,18.390675,1,0
2024-01-10 12:10:00,S005,3.415237,120.564338,18.786654,0,0
2024-01-18 13:00:00,S004,3.248689,85.870323,17.514092,0,0
2024-01-14 21:20:00,S006,1.810727,200.275152,18.897869,0,1
2024-01-06 10:40:00,S002,3.253431,130.889127,18.900888,0,0
2024-01-09 10:15:00,S001,3.057297,95.324788,16.707583,0,0
2024-01-14 00:10:00,S008,2.848236,123.289696,18.068557,0,0
2024-01-20 07:25:00,S002,3.136685,112.226102,14.676593,0,0
2024-01-06 20:35:00,S006,1.248554,143.939767,21.936382,0,1
2024-01-03 22:55:00,S004,2.679071517007295,99.17642568287276,22.23618070939181,0,0
2024-01-13 07:30:00,S007,3.086389,145.131236,14.793455,1,0
2024-01-04 02:35:00,S004,3.908315462713409,94.2418736063513,17.131954092536805,0,0
2024-01-16 22:40:00,S004,2.309938,147.340709,20.826518,1,0
2024-01-02 03:55:00,S004,3.0433531624784327,100.17669331128982,10.392950627980971,0,0
2024-01-10 20:35:00,S002,3.367454,138.26505,15.765197,0,0
2024-01-11 17:15:00,S005,3.357712,147.632905,16.157606,0,0
2024-01-17 00:15:00,S010,3.157443,104.117038,15.141958,0,0
2024-01-05 16:20:00,S009,3.250569,125.222525,16.51817,0,0
2024-01-04 12:35:00,S008,3.548058,110.226637,21.218106,0,0
2024-01-10 18:40:00,S004,1.347793,238.544484,18.651984,0,1
2024-01-06 15:55:00,S007,2.762258,68.747375,19.653003,1,0
2024-01-09 15:25:00,S010,3.188878,128.681434,19.482873,0,0
2024-01-13 22:50:00,S005,3.49317,80.806321,16.406798,0,0
2024-01-12 06:55:00,S001,3.159799,145.811227,17.709323,0,0
2024-01-20 06:55:00,S001,2.335639,205.436575,16.515043,1,0
2024-01-08 04:30:00,S009,2.850202,81.088881,17.644454,0,0
2024-01-16 11:00:00,S003,2.996633,157.079284,18.215563,0,0
2024-01-21 08:10:00,S009,3.404114,136.607176,17.668617,0,0
2024-01-19 18:40:00,S008,1.974775,150.801658,15.368835,1,0
2024-01-06 16:15:00,S007,2.310498,131.366245,17.732149,1,0
2024-01-17 03:10:00,S004,3.023069,123.607239,19.713625,1,0
2024-01-09 14:35:00,S010,3.342519,116.485976,16.685882,0,0
2024-01-08 20:45:00,S008,3.063017,101.291195,16.74991,0,0
2024-01-11 06:35:00,S008,3.027899,92.065005,16.242134,1,0
2024-01-19 11:35:00,S002,3.287205,92.985199,16.22167,0,0
2024-01-20 16:40:00,S006,3.480685,99.385554,17.687283,0,0
2024-01-11 14:55:00,S008,3.283279,90.731868,22.067428,0,0
2024-01-18 13:05:00,S004,3.600482,107.106421,16.923829,0,0
2024-01-08 10:25:00,S002,3.218589,102.668396,13.923436,0,0
2024-01-18 17:20:00,S009,3.203667,129.161521,15.460415,0,0
2024-01-11 19:50:00,S001,3.574093,121.136251,17.240851,0,0
2024-01-19 00:20:00,S010,2.928479,134.278351,17.90936,0,0
2024-01-20 16:00:00,S006,3.113472,122.250015,17.761275,0,0
2024-01-15 01:05:00,S003,2.074075,174.087432,20.820629,1,0
2024-01-12 15:40:00,S002,1.543917,84.8613,24.436606,0,1
2024-01-10 12:40:00,S005,2.916002,138.007612,18.027869,0,0
2024-01-18 16:20:00,S009,3.546246,131.814789,15.855996,0,0
2024-01-13 04:10:00,S009,3.26983,141.657245,18.125926,0,0
2024-01-06 19:55:00,S009,3.304614,126.22654,16.464613,0,0
2024-01-15 18:05:00,S008,2.741451,124.105618,17.584366,0,0
2024-01-11 22:15:00,S006,1.996275,165.865862,16.173285,1,0
2024-01-08 23:10:00,S009,3.445404,120.43571,14.294944,0,0
2024-01-03 00:20:00,S003,2.533638833743083,104.06402407122292,21.756073766128544,0,0
2024-01-06 02:30:00,S003,3.053638,153.312257,19.454508,0,0
2024-01-17 15:55:00,S006,3.073808,106.772301,17.143921,0,0
2024-01-15 03:10:00,S001,3.192332,109.431313,14.623523,0,0
2024-01-19 10:20:00,S010,3.082731,80.143859,22.703924,1,0
2024-01-12 14:35:00,S005,3.034679,127.139863,16.693625,0,0
2024-01-18 08:00:00,S004,3.019199,145.380801,15.798621,0,0
2024-01-16 21:55:00,S004,3.141615,67.123507,17.058213,1,0
2024-01-13 18:00:00,S002,2.271052,179.65788,19.629236,0,1
2024-01-02 22:35:00,S003,2.5200515248890936,111.46088546644086,19.71661349425513,0,0
2024-01-19 04:25:00,S005,2.086397,225.566708,20.064401,1,0
2024-01-19 02:35:00,S002,3.18156,86.802091,16.473522,0,0
2024-01-10 21:25:00,S006,3.10021,109.347473,13.643256,0,0
2024-01-02 18:40:00,S001,3.145810314260785,181.69767454772523,19.08257149923815,0,0
2024-01-17 10:05:00,S003,3.362227,133.713775,21.539541,0,0
2024-01-04 18:05:00,S008,1.31163,231.166741,15.192596,0,1
2024-01-06 18:40:00,S009,3.297837,85.715773,15.455887,0,0
2024-01-04 12:20:00,S008,3.068999,99.857742,18.49881,0,0
2024-01-07 16:55:00,S008,2.878011,131.00625,20.00653,0,0
2024-01-04 23:50:00,S008,3.424562,126.532593,21.421155,0,0
2024-01-10 20:30:00,S002,3.482586,159.512267,19.695352,0,0
2024-01-01 09:40:00,S006,3.096783398568612,195.42056499130533,22.982606888409705,0,0
2024-01-03 13:40:00,S004,2.7991173966378025,89.67077250007861,17.55320472267829,0,0
2024-01-21 00:05:00,S004,2.235031,146.76275,16.729594,1,0
2024-01-18 23:25:00,S003,2.456202,103.966296,14.00323,1,0
2024-01-13 18:15:00,S002,2.779013,123.772968,15.143588,0,0
2024-01-03 21:10:00,S009,3.2891237776261044,163.8966282725308,20.689984284798165,0,0
2024-01-01 09:55:00,S001,3.415930063662449,93.29458298603836,18.718573321339186,0,0
2024-01-17 12:00:00,S008,2.03468,135.469192,16.063837,1,0
2024-01-20 21:20:00,S005,3.078301,138.360267,19.917466,0,0
2024-01-20 17:25:00,S006,3.059974,116.080031,16.212323,0,0
2024-01-21 14:00:00,S009,3.089745,117.67894,15.483844,0,0
2024-01-03 04:55:00,S006,3.492870448955517,162.6765705431064,21.308021240648696,0,0
2024-01-16 12:05:00,S008,2.581898,139.750013,17.564628,1,0
2024-01-16 03:40:00,S007,3.151118,104.934167,22.485946,0,0
2024-01-15 09:10:00,S007,3.131213,126.715162,18.168839,0,0
2024-01-04 10:35:00,S010,1.9167054966817143,71.69252969937648,15.133382871683567,1,0
2024-01-04 01:00:00,S006,3.542377569672261,51.58266836752848,15.911352291617549,0,0
2024-01-17 21:45:00,S005,3.615492,144.97196,20.570273,0,0
2024-01-19 10:55:00,S010,2.417595,141.362338,18.057719,1,0
2024-01-19 03:10:00,S002,3.000225,115.319829,17.545461,0,0
2024-01-01 00:20:00,S003,3.073692986900744,197.48463287101825,17.0014433987197,0,0
2024-01-11 14:15:00,S008,3.193541,128.113619,18.395683,0,0
2024-01-11 20:20:00,S001,3.412971,89.180019,16.651771,0,0
2024-01-10 05:40:00,S001,3.472219,144.303015,13.722475,0,0
2024-01-09 15:35:00,S007,2.923958,89.811991,13.94123,1,0
2024-01-18 23:05:00,S009,3.099151,113.451017,15.498199,0,0
2024-01-14 09:10:00,S008,3.048783,141.575841,16.717083,0,0
2024-01-18 03:05:00,S006,3.516516,162.681211,15.550695,0,0
2024-01-17 14:05:00,S002,3.541702,134.319927,18.382718,0,0
2024-01-06 22:55:00,S004,3.224954,116.910598,19.070346,0,0
2024-01-04 23:40:00,S008,3.177995,70.72572,14.811149,0,0
2024-01-12 07:45:00,S001,3.006731,135.613994,14.233558,0,0
2024-01-02 23:50:00,S004,3.19228439138291,197.4958485227701,21.80062511060964,0,0
2024-01-14 02:05:00,S010,2.385217,184.898998,18.471261,1,0
2024-01-13 23:20:00,S005,2.898303,166.050728,19.828322,1,0
2024-01-15 09:30:00,S010,3.051118,89.736191,20.89791,1,0
2024-01-03 23:05:00,S007,3.771321449582104,77.27264792560081,16.455197985583006,0,0
2024-01-07 21:10:00,S001,2.982649,143.79817,17.767521,0,0
2024-01-10 15:10:00,S006,2.944954,110.67001,15.947612,0,0
2024-01-18 02:45:00,S006,3.426478,120.703321,18.310898,0,0
2024-01-19 02:15:00,S002,3.119732,108.310127,16.910527,1,0
2024-01-05 01:10:00,S007,3.186148,89.144456,13.670891,0,0
2024-01-04 08:55:00,S006,3.842614838742768,136.08937041844734,15.26166434515468,0,0
2024-01-10 09:05:00,S007,3.166005,130.480849,18.867466,0,0
2024-01-16 14:35:00,S007,2.889783,127.826526,13.95064,1,0
2024-01-14 08:35:00,S008,3.086571,139.498953,16.135095,0,0
2024-01-09 05:20:00,S004,3.457572,107.440522,20.671639,0,0
2024-01-15 06:55:00,S006,3.2138,118.337696,17.939472,0,0
2024-01-17 14:20:00,S002,3.350742,148.390924,15.260839,0,0
2024-01-15 08:15:00,S007,3.330288,120.297762,17.885226,0,0
2024-01-11 05:50:00,S003,2.729728,141.220612,14.781606,0,0
2024-01-02 19:40:00,S008,3.381378806664103,155.17093916262104,20.201678281704588,0,0
2024-01-09 12:35:00,S006,3.241343,135.138974,16.017175,0,0
2024-01-18 10:00:00,S004,3.224232,144.109601,16.625755,0,0
2024-01-07 09:25:00,S003,3.274162,101.54274,15.748945,0,0
2024-01-02 20:45:00,S002,3.250120177407374,167.76465711435614,18.982681001191587,0,0
2024-01-10 17:50:00,S006,3.241264,107.5962,14.658655,0,0
2024-01-20 10:20:00,S005,2.535643,102.799756,17.636945,1,0
2024-01-16 01:45:00,S009,3.358472,92.966574,19.050186,0,0
2024-01-12 00:35:00,S005,3.455144,126.230775,14.756637,0,0
2024-01-03 17:20:00,S008,3.737817056889447,169.2587026409197,14.855962384156356,0,0
2024-01-15 02:05:00,S010,3.27204,72.989753,17.581973,0,0
2024-01-05 21:25:00,S005,3.343078,155.04704,11.621899,0,0
2024-01-09 19:25:00,S009,2.907531,67.878323,12.367493,0,0
2024-01-01 12:50:00,S007,3.84450372778168,51.95028852661041,11.28262796281702,0,0
2024-01-11 10:45:00,S003,3.371281,129.827684,18.984895,0,0
2024-01-06 20:30:00,S006,1.144642,108.575025,17.466197,0,1
2024-01-11 01:45:00,S006,2.112505,142.51845,18.038384,1,0
2024-01-21 14:50:00,S009,3.121442,132.585078,21.180197,0,0
2024-01-17 09:25:00,S003,2.858282,123.725701,17.664903,0,0
2024-01-14 09:55:00,S008,2.947865,99.233075,18.53625,0,0
2024-01-10 11:45:00,S006,2.371882,120.454469,18.772566,1,0
2024-01-07 13:55:00,S003,3.571746,155.361826,14.826735,0,0
2024-01-19 21:30:00,S003,2.875823,129.058558,19.706177,0,0
2024-01-02 23:25:00,S010,3.122456823100117,156.91665143252465,15.79317989225546,0,0
2024-01-07 07:20:00,S006,3.57014,120.552475,16.680754,0,0
2024-01-08 04:05:00,S010,1.548281,229.708793,19.731513,0,1
2024-01-01 10:35:00,S006,3.3096715928719496,115.81170130825086,18.662294063591887,0,0
2024-01-12 18:50:00,S007,2.928183,143.061976,22.13863,0,0
2024-01-12 13:15:00,S006,3.036681,177.729637,21.402713,1,0
2024-01-21 18:05:00,S009,3.282858,119.644587,17.640892,0,0
2024-01-11 07:55:00,S008,3.106235,81.658925,20.113573,0,0
2024-01-04 09:40:00,S003,3.7485865625528616,198.74365144418425,12.454243062074145,0,0
2024-01-08 23:40:00,S009,3.363905,136.987765,14.22407,0,0
2024-01-01 15:50:00,S009,3.389409902262555,137.01293117567167,11.372302560966324,0,0
2024-01-04 22:55:00,S008,3.165305,87.176061,16.996372,0,0
2024-01-18 16:00:00,S009,3.001383,101.842707,19.326374,0,0
2024-01-03 10:15:00,S002,2.575625160403314,183.5576481282899,18.653218019668127,0,0
2024-01-20 21:25:00,S005,3.151246,144.342875,18.106843,0,0
2024-01-03 02:30:00,S008,1.520604967412287,125.74459967526036,15.205935527490926,0,1
2024-01-15 20:20:00,S010,3.056339,144.648707,14.536102,0,0
2024-01-02 01:05:00,S002,3.2140271940531497,106.3832427718654,15.91714417855053,0,0
2024-01-12 21:00:00,S007,3.055731,181.191499,19.616996,0,0
2024-01-21 01:15:00,S009,3.519368,127.552026,17.946938,0,0
2024-01-04 16:20:00,S005,3.516922,123.189739,17.025954,0,0
2024-01-09 21:45:00,S002,3.477108,137.680217,18.611665,0,0
2024-01-21 19:00:00,S009,3.461443,145.843022,18.759788,0,0
2024-01-04 17:05:00,S005,3.030391,162.798637,18.612028,0,0
2024-01-09 18:20:00,S003,3.296015,131.211318,18.574907,0,0
2024-01-08 15:45:00,S010,3.19459,117.548793,16.259354,0,0
2024-01-05 07:35:00,S010,3.518032,136.690287,15.019266,0,0
2024-01-01 01:20:00,S007,2.560650384307647,156.5994334528681,11.663362312177467,0,0
2024-01-11 20:00:00,S001,3.339761,104.854253,20.248842,0,0
2024-01-21 18:15:00,S009,3.320991,124.038344,17.246207,0,0
2024-01-17 02:50:00,S008,3.438743,122.16137,17.472243,0,0
2024-01-17 12:10:00,S008,2.26253,206.642366,19.541825,1,0
2024-01-03 19:55:00,S003,2.9952339254734066,66.02010560035454,24.301043190731427,0,0
2024-01-11 15:35:00,S001,1.426527,206.919525,17.391828,0,1
2024-01-21 19:25:00,S009,3.170428,161.89188,15.11043,0,0
2024-01-20 10:40:00,S003,3.371555,165.490515,19.15414,0,0
2024-01-04 07:55:00,S003,3.4465740899053308,53.74761234227742,20.810876680400185,0,0
2024-01-17 23:45:00,S003,2.975548,130.200075,19.748831,0,0
2024-01-01 18:45:00,S003,2.8288209810370666,196.37978837286968,15.053436876566604,0,0
2024-01-12 15:30:00,S002,2.020088,189.87533,16.768716,0,1
2024-01-09 15:05:00,S010,3.271757,121.146127,17.736621,0,0
2024-01-02 22:50:00,S010,2.9817432289539303,83.01669888571297,15.257808014292428,0,0
2024-01-12 22:20:00,S006,2.191967,157.942082,17.828185,1,0
2024-01-06 21:05:00,S004,3.12601,128.275649,17.152979,0,0
2024-01-04 15:05:00,S009,3.185699,165.045607,15.162159,0,0
2024-01-12 23:10:00,S003,3.354768,163.391274,19.551139,0,0
2024-01-16 20:25:00,S005,0.906065,165.480646,18.44436,0,1
2024-01-04 07:30:00,S004,3.287977396676082,59.90829617332401,24.58852353474605,0,0
2024-01-21 18:00:00,S009,3.447792,133.799675,17.192293,0,0
2024-01-10 11:55:00,S005,3.155767,112.828522,18.999455,0,0
2024-01-21 10:20:00,S009,3.627415,107.428503,14.569649,0,0
2024-01-17 10:35:00,S003,2.884284,138.585573,19.029889,0,0
2024-01-21 01:30:00,S009,3.384289,134.831954,14.990738,0,0
2024-01-05 05:30:00,S003,3.2093,112.027564,17.512492,0,0
2024-01-19 05:50:00,S009,2.944008,150.984473,14.669253,0,0
2024-01-20 03:15:00,S003,3.18398,116.833864,18.024853,0,0
2024-01-06 07:15:00,S003,3.472719,117.197546,16.480631,0,0
2024-01-14 20:15:00,S007,3.165118,169.757043,16.58668,0,0
2024-01-21 13:15:00,S009,3.401481,128.161389,18.731798,0,0
2024-01-05 12:20:00,S008,3.09815,136.419394,18.923378,0,0
2024-01-21 09:05:00,S009,3.176754,127.868122,17.745926,0,0
2024-01-01 13:20:00,S004,2.6984143166879955,185.08584518545783,20.368327864144817,0,0
2024-01-15 02:55:00,S001,2.689152,104.251311,16.452877,0,0
2024-01-04 07:40:00,S001,2.517876974467363,70.95385589044079,20.73603889616193,0,0
2024-01-14 03:55:00,S008,3.246436,118.666312,21.183719,0,0
2024-01-12 05:30:00,S008,3.214598,130.455712,20.559958,0,0
2024-01-10 23:05:00,S003,2.538865,115.683783,19.701014,1,0
2024-01-14 02:45:00,S007,3.330117,128.47117,16.139848,0,0
2024-01-16 09:25:00,S002,3.354138,114.502227,19.10381,0,0
2024-01-18 06:25:00,S004,3.538341,141.565581,17.755617,0,0
2024-01-11 06:45:00,S008,2.231194,156.764418,17.370804,1,0
2024-01-08 15:20:00,S010,3.034762,164.961605,12.33721,0,0
2024-01-01 08:10:00,S004,3.3211694603486674,117.63656711241566,23.65706917604909,0,0
2024-01-21 06:10:00,S009,3.679964,123.478371,18.203844,0,0
2024-01-09 21:05:00,S002,3.458413,123.606266,16.658544,0,0
2024-01-12 01:15:00,S007,3.709729,108.343884,15.237924,0,0
2024-01-01 21:05:00,S005,2.9868787448504053,104.96923023070968,15.942590374138833,0,0
2024-01-14 14:55:00,S007,2.856931,97.757791,17.923057,0,0
2024-01-15 13:55:00,S008,2.227899,83.752868,16.116176,0,1
2024-01-06 00:25:00,S002,2.36614,150.768809,14.987093,1,0
2024-01-20 05:35:00,S009,2.800278,156.235765,14.539159,0,0
2024-01-06 17:20:00,S001,3.397232,73.22429,20.493605,0,0
2024-01-17 06:10:00,S002,3.094664,123.110183,14.756324,0,0
2024-01-17 09:35:00,S003,3.176,86.085622,20.259846,0,0
2024-01-14 20:35:00,S007,3.44132,161.841513,18.536787,0,0
2024-01-06 21:20:00,S004,3.353957,118.144258,15.950688,0,0
2024-01-12 01:55:00,S007,3.473735,75.466988,17.234462,0,0
2024-01-16 14:55:00,S007,2.159612,155.343719,17.784385,1,0
2024-01-05 00:10:00,S005,3.068683,169.276838,17.394111,1,0
2024-01-08 19:55:00,S008,3.011125,133.912634,16.781096,0,0
2024-01-06 20:10:00,S006,2.236681,146.051095,16.41651,0,1
2024-01-12 00:10:00,S005,3.326973,131.804329,17.714291,0,0
2024-01-08 03:20:00,S009,3.135681,123.614337,17.647134,0,0
2024-01-15 04:50:00,S002,3.134897,125.67568,15.960539,0,0
2024-01-21 07:45:00,S009,3.213327,140.239889,13.362471,0,0
2024-01-11 19:00:00,S004,2.341615,87.426199,15.183349,0,1
2024-01-16 19:00:00,S005,3.634897,123.325204,14.988239,0,0
2024-01-13 22:15:00,S005,3.545578,142.500722,20.494013,0,0
2024-01-19 19:55:00,S009,3.53311,153.021042,20.776873,0,0
2024-01-08 02:45:00,S009,3.241679,106.094851,13.758437,0,0
2024-01-18 06:40:00,S004,2.895262,105.617577,17.926596,0,0
2024-01-13 15:35:00,S006,3.576436,104.907246,23.024472,0,0
2024-01-21 12:50:00,S009,2.760527,107.501124,19.63027,0,0
2024-01-03 03:55:00,S004,3.892575258454461,199.4597440518583,21.94011103640925,0,0
2024-01-01 21:50:00,S007,3.521676780947474,77.21575215434405,17.877450755005903,0,0
2024-01-20 21:30:00,S005,3.227184,129.364213,19.01514,0,0
2024-01-12 16:45:00,S006,3.257274,108.956843,19.647904,0,0
2024-01-15 02:25:00,S010,3.569472,65.233781,14.456387,0,0
2024-01-20 05:10:00,S009,3.485032,98.800963,16.519909,0,0
2024-01-07 06:10:00,S002,2.319732,114.101868,17.569697,0,1
2024-01-17 10:40:00,S003,2.983002,136.838555,16.159112,0,0
2024-01-21 18:50:00,S009,2.892567,113.074448,21.60617,0,0
2024-01-09 06:45:00,S003,2.677462,105.313532,16.123625,1,0
2024-01-07 19:15:00,S001,3.329474,112.620382,17.793252,0,0
2024-01-11 08:00:00,S008,3.230214,112.97082,18.762894,0,0
2024-01-02 16:40:00,S004,3.734741246063289,183.3331136005445,18.16758653573842,0,0
2024-01-07 09:35:00,S003,3.493573,76.039381,15.980061,0,0
2024-01-07 00:30:00,S002,3.078877,151.390372,15.20483,0,0
2024-01-11 02:35:00,S009,3.327568,117.942662,16.968191,0,0
2024-01-12 04:15:00,S009,1.328025,168.454086,18.626412,0,1
2024-01-01 12:10:00,S007,3.140183358005124,169.96730331114043,15.240804985739995,0,0
2024-01-20 13:10:00,S003,1.672096,92.803589,19.88028,1,0
2024-01-07 21:30:00,S002,2.319732,82.936112,16.776218,0,1
2024-01-05 18:05:00,S002,2.319732,110.885374,19.254113,0,1
2024-01-10 18:15:00,S004,2.341615,119.637441,19.373912,0,1
2024-01-03 06:55:00,S004,3.128774313853182,75.23054836497772,23.18995323517711,0,0
2024-01-07 05:30:00,S006,3.362311,85.06091,20.91248,0,0
2024-01-09 17:15:00,S003,3.18844,114.98822,19.89821,0,0
2024-01-12 19:05:00,S007,3.423205,105.89731,14.657486,0,0
2024-01-15 20:50:00,S010,3.154435,153.221492,16.732327,0,0
2024-01-04 23:35:00,S008,3.25024,102.04949,17.517889,0,0
2024-01-12 08:40:00,S001,3.614768,92.607642,20.049109,0,0
2024-01-03 02:40:00,S002,3.206301034334765,148.4082532963556,18.39368281698013,0,0
2024-01-13 10:30:00,S010,3.569252,137.856432,18.057631,0,0
2024-01-07 16:50:00,S008,3.224019,144.388421,19.410523,0,0
2024-01-01 16:25:00,S010,3.1982050131549755,181.86072203421972,10.077177561320722,0,0
2024-01-11 04:15:00,S003,2.941551,125.960291,17.263125,0,0
2024-01-09 01:55:00,S009,3.032356,120.309218,15.060154,0,0
2024-01-16 05:45:00,S005,2.98064,119.379195,21.247203,0,0
2024-01-03 15:50:00,S007,2.9759582161307296,186.793937629945,10.9139308258108,0,0
2024-01-16 14:40:00,S007,2.577738,172.670495,14.866364,1,0
2024-01-15 15:30:00,S006,3.344859,107.703502,17.907194,0,0
2024-01-12 07:15:00,S001,3.009766,156.881062,16.059409,0,0
2024-01-01 16:50:00,S001,3.656476438798203,156.2858006903944,17.103608326526327,0,0
2024-01-13 04:30:00,S009,3.345232,151.185946,15.691932,0,0
2024-01-18 02:55:00,S006,3.485158,117.125991,15.435359,0,0
2024-01-20 05:15:00,S009,3.084495,129.699984,16.70927,0,0
2024-01-07 00:25:00,S002,3.480049,141.943986,15.933326,0,0
2024-01-10 15:25:00,S006,2.954219,99.500246,15.668391,0,0
2024-01-06 22:15:00,S004,3.092063,132.341145,13.944245,0,0
2024-01-18 23:00:00,S009,3.215116,111.718061,13.949834,0,0
2024-01-19 05:25:00,S008,2.313128,142.137237,18.608065,1,0
2024-01-20 23:45:00,S004,1.994728,204.091907,24.73664,1,0
2024-01-13 01:30:00,S008,1.597091,153.02661,17.422064,0,1
2024-01-03 23:10:00,S005,2.678659803815074,71.08206919933144,14.297106066168755,0,0
2024-01-20 17:45:00,S006,3.369866,133.302429,16.646782,0,0
2024-01-17 10:45:00,S003,3.065254,135.479795,16.917534,0,0
2024-01-15 05:25:00,S004,1.962353,129.792698,15.470698,1,0
2024-01-08 12:00:00,S001,2.274908,124.093223,18.772542,0,1
2024-01-03 10:10:00,S001,3.5092707002328174,158.63817912486996,17.38898507832721,0,0
2024-01-21 14:40:00,S009,3.030424,124.65152,19.514527,0,0
2024-01-11 09:55:00,S003,3.011617,115.41524,17.808882,1,0
2024-01-13 20:00:00,S006,1.057355,157.464243,16.312462,0,1
2024-01-06 16:20:00,S007,2.890362,95.50472,18.681726,1,0
2024-01-13 00:05:00,S003,3.225063,108.384996,21.694219,0,0
2024-01-13 10:25:00,S010,3.856783,133.829291,16.459921,0,0
2024-01-05 11:35:00,S008,3.082018,145.138038,19.108041,0,0
2024-01-17 04:15:00,S002,3.340084,151.597432,17.752585,0,0
2024-01-20 12:00:00,S003,3.283818,145.729957,13.285781,0,0
2024-01-07 10:25:00,S001,2.709308,89.477769,17.262792,1,0
2024-01-19 04:00:00,S005,2.710224,128.853507,19.064188,1,0
2024-01-14 01:35:00,S008,3.313135,113.719042,21.344329,0,0
2024-01-12 11:20:00,S006,2.010679,102.559117,16.792247,1,0
2024-01-21 11:20:00,S009,3.190902,96.859569,17.532754,0,0
2024-01-20 21:15:00,S002,2.888778,101.549857,18.792165,1,0
2024-01-13 23:55:00,S005,2.998534,177.572945,18.019969,1,0
2024-01-12 23:05:00,S003,3.179305,166.095693,15.964325,0,0
2024-01-07 22:30:00,S001,2.90984,111.784191,15.877,0,0
2024-01-03 07:15:00,S005,2.51208865501318,191.47622344419275,13.557166989665667,0,0
2024-01-17 14:15:00,S002,3.528017,116.517633,17.76114,0,0
2024-01-19 14:05:00,S003,1.987675,192.655032,16.746261,1,0
2024-01-14 00:20:00,S008,2.701446,133.545164,17.457942,0,0
2024-01-16 07:45:00,S005,3.462798,114.727181,17.78053,0,0
2024-01-17 11:20:00,S003,3.096919,91.522262,16.548269,0,0
2024-01-20 04:50:00,S009,3.311928,128.52958,13.222767,0,0
2024-01-20 08:35:00,S009,3.091214,111.361784,17.337384,1,0
2024-01-03 11:05:00,S006,3.4994017922185576,198.32532970837468,13.385915857586912,0,0
2024-01-05 10:50:00,S005,3.398521,102.839245,16.918655,0,0
2024-01-18 14:20:00,S001,3.180895,159.538179,14.925603,0,0
2024-01-10 06:55:00,S008,3.438899,113.753406,17.939181,0,0
2024-01-14 23:45:00,S001,3.243829,141.92376,21.046014,0,0
2024-01-05 12:50:00,S008,3.554657,98.897685,14.437507,0,0
2024-01-20 02:00:00,S003,3.104681,100.290397,18.642302,0,0
2024-01-20 02:40:00,S003,3.176088,121.371131,14.181681,0,0
2024-01-08 18:25:00,S002,3.237704,94.05749,14.95515,0,0
2024-01-12 11:10:00,S006,2.906834,130.858118,19.911888,1,0
2024-01-20 10:00:00,S003,3.262117,124.19522,18.151556,0,0
2024-01-08 01:50:00,S003,1.480084,87.197057,18.47518,0,1
2024-01-06 07:25:00,S003,3.236511,103.804113,23.537255,0,0
2024-01-06 18:35:00,S009,3.146766,94.526943,14.188223,0,0
2024-01-19 22:10:00,S003,2.973479,115.02039,20.1709,0,0
2024-01-21 13:25:00,S009,3.331514,126.697783,17.073214,0,0
2024-01-21 15:15:00,S009,3.375074,108.061281,16.912631,0,0
2024-01-13 14:15:00,S005,1.981335,185.95353,19.66743,0,1
2024-01-20 22:15:00,S005,3.262636,141.392185,16.149262,0,0
2024-01-18 20:55:00,S006,3.351928,140.265821,17.835698,0,0
2024-01-17 23:35:00,S003,2.745003,128.761175,19.298834,0,0
2024-01-10 08:25:00,S001,2.576021,107.641777,18.086976,1,0
2024-01-11 15:00:00,S008,3.176419,105.84746,20.038171,0,0
2024-01-06 13:05:00,S008,2.938301,123.090643,13.630017,0,0
2024-01-10 11:25:00,S007,3.363941,116.790871,18.636596,0,0
2024-01-10 02:45:00,S009,3.136965,104.450498,14.670003,0,0
2024-01-11 23:05:00,S005,3.416038,134.371607,17.582575,0,0
2024-01-12 12:10:00,S001,3.286434,141.410758,16.123275,0,0
2024-01-06 23:30:00,S007,1.858661,101.932317,19.144383,0,1
2024-01-19 07:55:00,S009,3.160821,108.566755,17.57724,0,0
2024-01-04 16:15:00,S005,3.496233,108.904093,15.512237,0,0
2024-01-17 02:20:00,S005,2.366489,87.086997,19.047792,0,1
2024-01-12 06:10:00,S008,2.976749,141.659993,12.080664,0,0
2024-01-06 19:50:00,S009,3.369805,118.812118,17.711813,0,0
2024-01-07 02:25:00,S002,3.507709,142.757418,14.848882,0,0
2024-01-15 13:15:00,S003,3.11413,78.845923,20.809717,0,0
2024-01-18 18:20:00,S009,3.074359,137.045753,17.004476,0,0
2024-01-02 22:55:00,S004,3.1963577796088374,158.4106628358207,19.85094227082412,0,0
2024-01-10 16:30:00,S006,3.120425,115.630154,14.728614,0,0
2024-01-03 23:55:00,S001,3.5870443813927366,175.4623394869785,22.937344328474516,0,0
2024-01-06 03:40:00,S005,3.086866,107.355476,18.988912,1,0
2024-01-18 19:50:00,S006,3.008935,114.172479,19.302076,0,0
2024-01-01 17:10:00,S007,3.290536144317793,173.8881148699845,14.475616464849889,0,0
2024-01-16 14:00:00,S009,3.226297,111.836355,14.968582,0,0
2024-01-04 00:30:00,S006,3.4806801266866927,102.52980215348283,19.25829374491687,0,0
2024-01-16 14:25:00,S009,3.39879,127.150677,14.950562,0,0
2024-01-02 17:50:00,S010,3.5934715924837244,179.2536355681018,14.111073840132864,0,0
2024-01-04 13:40:00,S009,2.838069,130.746238,17.79473,0,0
2024-01-14 08:00:00,S008,3.255462,138.202547,18.542121,0,0
2024-01-10 08:10:00,S001,2.40498,112.636568,16.107473,1,0
2024-01-20 09:05:00,S009,2.206569,160.785105,12.374243,1,0
2024-01-18 13:20:00,S008,3.027899,140.458696,15.527992,1,0
2024-01-06 10:50:00,S002,3.057742,115.152874,17.686653,0,0
2024-01-10 15:05:00,S006,3.35015,101.455264,13.203373,0,0
2024-01-10 11:35:00,S006,2.872964,184.707279,17.460265,1,0
2024-01-03 19:00:00,S004,3.269469024731361,92.20894732582444,22.33342168865516,0,0
2024-01-21 07:15:00,S009,3.064519,117.320356,13.61305,0,0
2024-01-13 15:45:00,S006,3.624395,99.117782,20.054684,0,0
2024-01-09 12:30:00,S006,3.036072,133.895279,16.605934,0,0
2024-01-16 23:10:00,S010,3.030004,124.087586,15.977527,0,0
2024-01-11 18:40:00,S005,3.355013,133.108704,14.610609,0,0
2024-01-17 22:15:00,S005,3.423164,134.878713,21.784824,0,0
2024-01-01 16:40:00,S006,2.9250144223983723,52.76415781073262,16.483611758387685,0,0
2024-01-11 18:15:00,S005,3.722226,119.451338,15.095938,0,0
2024-01-08 21:50:00,S010,2.070821,121.974949,17.427852,1,0
2024-01-13 08:45:00,S002,3.35416,122.381847,13.946525,0,0
2024-01-16 12:50:00,S009,3.076585,125.520596,16.798486,0,0
2024-01-16 16:10:00,S009,3.052686,164.771048,15.895365,0,0
2024-01-21 02:50:00,S009,3.267596,153.204155,15.315217,0,0
2024-01-02 08:35:00,S006,3.7812039964757567,57.42452802404999,22.499756072095188,0,0
2024-01-20 12:10:00,S003,3.015537,121.296981,16.769104,0,0
2024-01-19 06:10:00,S009,3.640255,94.727499,17.327939,0,0
2024-01-06 04:35:00,S008,3.025253,131.566483,13.339449,0,0
2024-01-10 08:35:00,S007,3.28017,130.463495,14.574411,0,0
2024-01-08 00:55:00,S004,3.376908,149.183057,13.660555,0,0
2024-01-19 05:20:00,S008,2.825009,161.614838,19.45101,1,0
2024-01-19 23:15:00,S010,3.417295,87.807939,16.148327,0,0
2024-01-09 22:00:00,S002,3.062442,121.431353,15.743058,0,0
2024-01-01 05:20:00,S003,3.4273808265068397,100.48313223330896,19.835839530711134,0,0
2024-01-14 11:40:00,S006,3.289621,107.684171,16.609764,0,0
2024-01-08 03:50:00,S010,2.302847,208.878656,19.023669,0,1
2024-01-19 07:40:00,S009,3.14352,84.62394,18.454371,0,0
2024-01-02 17:00:00,S005,2.9237086395550054,113.78422781565408,10.56356635598361,0,0
2024-01-02 07:35:00,S001,3.2031519481967585,95.18978911400006,18.975362264466384,0,0
2024-01-17 20:55:00,S009,2.921994,115.267598,14.421096,1,0
2024-01-14 20:45:00,S007,3.169247,113.363145,19.406041,0,0
2024-01-17 23:15:00,S003,2.701636,136.160395,20.211151,0,0
2024-01-04 17:40:00,S005,3.254887,138.973007,19.009775,0,0
2024-01-04 01:10:00,S010,3.57885162856622,90.73256827662286,14.743226838449951,0,0
2024-01-02 04:05:00,S003,3.065371247104558,119.25992204185732,17.213590011296045,0,0
2024-01-04 12:40:00,S008,2.953398,129.486729,19.787129,0,0
2024-01-05 10:15:00,S005,3.154067,107.79046,20.336281,0,0
2024-01-14 04:30:00,S008,3.209537,133.830049,15.725075,0,0
2024-01-16 19:15:00,S005,3.588362,100.977588,15.93092,0,0
2024-01-12 14:30:00,S005,3.334929,138.018951,16.513326,0,0
2024-01-18 01:15:00,S006,3.062526,138.353174,20.529253,0,0
2024-01-04 10:55:00,S007,2.9498114026660973,55.160481268018735,19.52394595176616,0,0
2024-01-07 21:05:00,S001,3.206726,97.959696,15.245299,0,0
2024-01-15 22:05:00,S010,3.300703,127.437178,19.756111,0,0
2024-01-01 13:25:00,S005,3.7225816426036857,124.71361302665086,11.007630998735651,0,0
2024-01-20 16:55:00,S004,2.360202,109.640515,15.724143,1,0
2024-01-17 15:50:00,S006,3.089937,129.080264,18.01747,0,0
2024-01-06 05:00:00,S008,3.497585,145.904876,18.129732,0,0
2024-01-14 08:15:00,S008,3.268754,112.000346,21.750459,0,0
2024-01-19 03:25:00,S002,3.231874,106.700364,15.566289,0,0
2024-01-10 01:45:00,S009,2.874173,121.72666,17.001336,0,0
2024-01-13 00:25:00,S003,3.30794,146.783178,17.267645,0,0
2024-01-04 13:05:00,S004,2.341615,139.730174,20.47842,0,1
2024-01-11 16:05:00,S005,2.821053,167.404701,17.738267,0,0
2024-01-14 16:35:00,S007,2.963883,120.457696,16.814632,0,0
2024-01-06 12:05:00,S008,3.030882,86.488581,17.143724,0,0
2024-01-07 18:55:00,S001,2.593785,153.32253,18.054097,0,0
2024-01-11 22:40:00,S005,3.039165,106.299262,16.440157,0,0
2024-01-01 02:50:00,S008,3.83165514814144,177.63926731512692,24.03452491331421,0,0
2024-01-14 22:30:00,S009,3.531556,119.878029,19.205954,0,0
2024-01-03 16:35:00,S009,2.9403021886879905,89.89965396389869,14.991713034411934,0,0
2024-01-09 21:00:00,S002,3.21273,120.95694,17.738419,0,0
2024-01-06 03:10:00,S003,3.307295,107.667638,19.538017,0,0
2024-01-20 01:10:00,S003,1.923141,178.519014,19.494665,1,0
2024-01-05 17:35:00,S009,3.542275,167.062801,17.144043,0,0
2024-01-10 01:40:00,S009,3.105751,113.451394,17.039926,0,0
2024-01-10 19:20:00,S002,2.693546,159.021871,18.229674,0,0
2024-01-08 02:05:00,S009,2.467962,130.414906,16.613916,0,0
2024-01-01 20:05:00,S002,2.68445621279444,84.669636864147,10.775452558622904,0,0
2024-01-08 03:45:00,S010,2.302847,179.289876,14.260517,0,1
2024-01-09 04:55:00,S004,3.408653,111.528025,16.007513,0,0
2024-01-03 02:00:00,S009,3.9516421979043432,115.96107297618629,14.175527224939849,0,0
2024-01-09 10:55:00,S001,3.299084,127.819726,19.038257,0,0
2024-01-19 17:25:00,S008,2.938012,179.246857,18.877932,0,0
2024-01-11 00:40:00,S001,3.156186,73.352913,18.616483,0,0
2024-01-03 05:50:00,S010,3.684238447636079,162.22412395815283,18.41883517112386,0,0
2024-01-14 12:10:00,S006,3.695813,105.122309,18.38718,0,0
2024-01-13 08:20:00,S002,3.272497,159.219161,19.288681,0,0
2024-01-12 02:50:00,S007,3.231778,97.876518,15.814323,0,0
2024-01-06 07:20:00,S003,3.302087,93.927941,18.407774,0,0
2024-01-05 09:35:00,S005,3.137266,152.184697,18.138241,0,0
2024-01-07 14:15:00,S003,3.748461,147.257889,16.376969,0,0
2024-01-17 04:10:00,S002,3.163833,140.077658,18.824395,0,0
2024-01-11 10:25:00,S003,2.430606,226.998658,17.061032,1,0
2024-01-10 11:50:00,S005,2.896855,136.741465,21.014451,0,0
2024-01-01 15:45:00,S002,3.23677951130294,199.45036637100864,23.461542220693055,0,0
2024-01-07 06:30:00,S006,2.546008,102.80964,18.907939,0,0
2024-01-04 09:15:00,S002,3.525962694872712,78.53418962302064,17.813286740510186,0,0
2024-01-10 12:55:00,S005,3.218267,96.022125,19.917234,0,0
2024-01-08 02:35:00,S009,3.125074,101.384162,15.189207,0,0
2024-01-09 21:10:00,S002,3.216167,98.102865,17.963508,0,0
2024-01-04 18:10:00,S008,1.577995,165.224407,16.228522,0,1
2024-01-02 15:30:00,S008,3.567584208619073,197.17155976877328,18.54309669350656,0,0
2024-01-11 02:00:00,S006,2.670415,134.611272,18.484687,1,0
2024-01-17 19:35:00,S009,3.42915,149.968434,15.000203,0,0
2024-01-15 07:05:00,S006,3.32947,103.835734,15.749404,0,0
2024-01-12 18:05:00,S007,2.792804,156.334994,15.220675,1,0
2024-01-16 19:35:00,S005,3.576065,125.615294,15.506586,0,0
2024-01-05 02:40:00,S007,2.721992,145.137759,19.582907,0,0
2024-01-18 12:55:00,S004,3.243377,102.297688,15.804786,0,0
2024-01-19 10:35:00,S010,1.8496,186.941206,20.205199,1,0
2024-01-09 10:45:00,S001,3.477211,104.848746,18.632239,0,0
2024-01-20 11:35:00,S003,3.062503,143.301546,21.289174,0,0
2024-01-09 07:15:00,S005,3.314683,99.871341,12.585826,0,0
2024-01-03 16:05:00,S001,3.042470642261567,68.806302385081,13.804191562895625,0,0
2024-01-06 20:25:00,S006,1.441792,98.292624,13.389464,0,1
2024-01-01 10:50:00,S007,3.359726273886083,199.65389238857648,21.28604680058234,0,0
2024-01-11 03:15:00,S006,3.036681,126.419995,19.152022,1,0
2024-01-12 00:15:00,S005,3.15078,132.900193,12.861049,0,0
2024-01-12 23:00:00,S003,2.994185,162.1166,16.531603,0,0
2024-01-20 08:50:00,S009,2.694439,162.191336,16.649523,1,0
2024-01-16 08:50:00,S002,3.205512,113.60012,17.969057,0,0
2024-01-19 12:30:00,S002,3.263826,150.404151,17.944114,0,0
2024-01-02 14:50:00,S006,3.048521122392057,83.80719020101488,12.93749626201405,0,0
2024-01-20 21:50:00,S005,3.535791,158.985157,17.675489,0,0
2024-01-11 17:40:00,S005,3.386672,133.383746,12.323571,0,0
2024-01-14 02:20:00,S007,3.450728,107.059115,13.891586,0,0
2024-01-19 00:35:00,S010,3.452643,165.301682,17.258407,0,0
2024-01-19 03:30:00,S002,3.338854,129.061452,15.093029,0,0
2024-01-19 17:10:00,S008,3.206098,126.51369,16.743303,0,0
2024-01-03 23:40:00,S009,3.11183441276092,91.94544777398092,12.045554912013488,0,0
