Timestamp,Sensor_ID,Pressure (bar),Flow Rate (L/s),Temperature (°C),Leak Status,pressure_delta,pf_ratio,flow_zscore,sensor_enc
2024-01-01 00:00:00,S007,3.694814480290349,77.51521847992457,21.69536500409154,0,0.0,0.04766566555921662,-1.2048574359466766,6
2024-01-01 00:05:00,S007,2.5871254182523,179.92642186624028,19.01672517614813,0,-1.107689062038049,0.014378796572922545,1.1863670689360672,6
2024-01-01 00:10:00,S002,2.448964723482877,210.1308230369969,10.011681487615215,1,0.0,0.011654476425551107,1.9132440435668887,1
2024-01-01 00:15:00,S009,2.936843710297063,141.77793420835692,12.092407909780627,0,0.0,0.02071439202784498,0.39411548345288755,8
2024-01-01 00:20:00,S003,3.073692986900744,197.48463287101825,17.0014433987197,0,0.0,0.015564213488715355,2.027426514744891,2
2024-01-01 00:25:00,S009,2.5975773894779195,192.332830588,24.48448049611839,0,-0.33926632081914354,0.013505636980444515,1.5023138225481916,8
2024-01-01 00:30:00,S005,2.8463407384332235,86.15381990390176,20.24895278238188,0,0.0,0.033037893633477054,-1.0630894248564584,4
2024-01-01 00:35:00,S003,3.863980603118173,88.81699724000254,19.93783426530973,0,0.7902876162174288,0.04350496777370013,-0.696619404431617,2
2024-01-01 00:40:00,S010,3.351550491729987,54.69699386833379,22.634271618924977,0,0.0,0.061274857246909516,-1.738529681347729,9
2024-01-01 00:45:00,S004,3.396849968216628,188.2811352534675,11.327387530778791,0,0.0,0.018041371821257146,1.484934128139467,3
2024-01-01 00:50:00,S008,3.766800773017227,162.09801652060713,18.0953819858362,0,0.0,0.023237796819716078,0.6834312738227492,7
2024-01-01 00:55:00,S009,2.944410258556124,74.79004085945037,10.234546101117909,0,0.34683286907820454,0.03936901523687806,-1.0743055294451653,8
2024-01-01 01:00:00,S008,2.508283175685404,172.31921426822512,20.602860157714257,0,-1.258517597331823,0.014556027232317525,0.9089887144627457,7
2024-01-01 01:05:00,S005,3.889451317770024,147.66155382529166,23.724395133156712,0,1.0431105793368003,0.026340311453775522,0.4158307264018799,4
2024-01-01 01:10:00,S001,2.595337525429036,96.64734825734934,14.877749830401203,0,0.0,0.026853685817118552,-0.5082442903164622,0
2024-01-01 01:15:00,S003,3.208322387742924,67.93913689074526,20.69867180834493,0,-0.655658215375249,0.04722347875025375,-1.2199790041439247,2
2024-01-01 01:20:00,S007,2.560650384307647,156.5994334528681,11.663362312177467,0,-0.026475033944652893,0.016351594176838527,0.6416994498206302,6
2024-01-01 01:25:00,S007,3.213055334773168,134.49133579645755,20.43274129639191,0,0.6524049504655212,0.02389042621598301,0.12549201231078413,6
2024-01-01 01:30:00,S004,3.914280355836972,139.8298199732804,20.42177399559557,0,0.5174303876203439,0.027993173103598407,0.36116715668733596,3
2024-01-01 01:35:00,S009,2.658241389745406,118.48018557243654,13.276606558252505,0,-0.286168868810718,0.0224361683489755,-0.11658730088479707,8
2024-01-01 01:40:00,S010,2.68313193205101,103.44467571154624,23.60242662318631,0,-0.6684185596789769,0.025937844682054984,-0.5746681640543232,9
2024-01-01 01:45:00,S009,3.72702214888374,179.10958748845152,10.10428195796786,0,1.0687807591383338,0.020808613324040853,1.212451176399563,8
2024-01-01 01:50:00,S005,3.5386540493354053,90.4118500697782,13.661882833716612,0,-0.35079726843461856,0.03913927263088793,-0.9607073955489115,4
2024-01-01 01:55:00,S008,3.554528438342767,104.5444403568941,24.57673124081441,0,1.0462452626573628,0.03400016706644855,-0.5866387962129794,7
2024-01-01 02:00:00,S002,3.568405884886663,72.21303949300999,24.966107275734128,0,1.119441161403786,0.04941497975220839,-1.2109200433120528,1
2024-01-01 02:05:00,S006,2.5495760993508227,101.76068720400244,19.51527017052046,0,0.0,0.025054627372838704,-0.5494593085750005,5
2024-01-01 02:10:00,S010,3.978475681165901,86.30829072672506,20.08203321108818,0,1.295343749114891,0.04609610093312877,-0.9838030864800741,9
2024-01-01 02:15:00,S006,3.05167469907888,144.84587458903692,19.50294566141342,0,0.5020985997280571,0.021068426750340947,0.41737195358349716,5
2024-01-01 02:20:00,S001,2.726076315948144,126.2298165111078,20.43719210186323,0,0.13073879051910797,0.021596136246401793,0.1549755268686594,0
2024-01-01 02:25:00,S004,2.5248817433917843,126.81395874489216,13.39743662796907,0,-1.3893986124451878,0.01991012478580463,0.05928071936602969,3
2024-01-01 02:30:00,S001,3.096358031631284,127.662702579122,22.56565158860992,0,0.37028171568314017,0.024254210265286374,0.18709990634651943,0
2024-01-01 02:35:00,S002,3.887040427417844,181.6009030071472,13.869124415727336,0,0.3186345425311812,0.02140430120576449,1.2669738580374266,1
2024-01-01 02:40:00,S009,3.2749538369065214,89.12437622456136,24.943805496368867,0,-0.4520683119772184,0.036745882274534604,-0.7600869713779077,8
2024-01-01 02:45:00,S007,3.008544686573051,102.38143619189913,20.88933518305359,0,-0.2045106482001171,0.02938564644317076,-0.6242499714261682,6
2024-01-01 02:50:00,S008,3.83165514814144,177.63926731512692,24.03452491331421,0,0.27712670979867315,0.021569865750056805,1.0263895885049128,7
2024-01-01 02:55:00,S003,3.0584241498426143,191.0200163686668,24.60495755132976,0,-0.14989823790030954,0.01601101396504843,1.8653735529774467,2
2024-01-01 03:00:00,S002,3.53784279653904,147.79418892539007,13.364039641908397,0,-0.34919763087880407,0.023937631256162908,0.5011718032507433,1
2024-01-01 03:05:00,S005,2.768234063831993,104.970317687429,21.16255784584844,0,-0.7704199855034122,0.026371588888692052,-0.6106569261444744,4
2024-01-01 03:10:00,S003,3.454498927278843,87.56927279083763,18.84806271340816,0,0.39607477743622876,0.03944875658766233,-0.7278969662766666,2
2024-01-01 03:15:00,S008,3.4467079389958943,169.22169553124726,17.539556396577883,0,-0.3849472091455457,0.020368002625028477,0.8406338683968839,7
2024-01-01 03:20:00,S005,2.8452779023623327,124.87900698271284,18.580062988137747,0,0.07704383853033958,0.022784277124563983,-0.1319632740329109,4
2024-01-01 03:25:00,S005,3.825241033399388,162.15781608461208,24.2960777053593,0,0.9799631310370551,0.023589618592097496,0.7643855016539582,4
2024-01-01 03:30:00,S003,3.9704973755740687,61.301938400919234,14.585455289307728,0,0.5159984482952256,0.06476952407212681,-1.3863581965868925,2
2024-01-01 03:35:00,S003,2.7542391200291387,133.52018936875254,24.042321612411715,0,-1.21625825554493,0.020627885062507473,0.4239860765413073,2
2024-01-01 03:40:00,S008,2.8133780764230405,150.6715275236076,15.379701719442458,0,-0.6333298625728538,0.018672260927304334,0.4312759318262666,7
2024-01-01 03:45:00,S010,3.6111529266313065,154.5523611492902,20.53726125980664,0,-0.3673227545345945,0.0233652394537632,0.6455389528756686,9
2024-01-01 03:50:00,S007,3.129671284669415,88.43104153916872,19.17270566298521,0,0.12112659809636384,0.035391093781579855,-0.9499811848419414,6
2024-01-01 03:55:00,S004,3.6974427684501614,147.49458961666477,20.529503158865552,0,1.1725610250583771,0.025068328118401165,0.5389417933347443,3
2024-01-01 04:00:00,S007,2.541425157810557,136.8297343261338,16.577111845271304,0,-0.5882461268588579,0.018573632187045917,0.18009185765437274,6
2024-01-01 04:05:00,S010,3.313966952061365,92.98118781924266,18.86249890853516,0,-0.29718597456994145,0.03564126281272479,-0.8244862155810805,9
2024-01-01 04:10:00,S006,2.9548982720098342,130.5623640794983,14.899768626940611,0,-0.09677642706904566,0.022632083086242993,0.09685009138107907,5
2024-01-01 04:15:00,S005,3.1858977424205928,176.30346125179722,12.915700509923097,0,-0.639343290978795,0.018070534291381706,1.104509878810129,4
2024-01-01 04:20:00,S008,3.5891370005839924,196.37781191938012,17.74450522451793,0,0.7757589241609519,0.018276693101533743,1.4399045469880087,7
2024-01-01 04:25:00,S003,3.158457131058454,61.76845720133989,10.380261151231863,0,0.4042180110293154,0.051133819325482555,-1.3746636508546184,2
2024-01-01 04:30:00,S009,3.5327498511480497,58.72903932626655,23.728205914397208,0,0.2577960142415283,0.06015337371552227,-1.426373805673469,8
2024-01-01 04:35:00,S006,3.571893884050094,149.0296065076597,14.199008454189142,0,0.6169956120402595,0.023967679761852094,0.511254864553959,5
2024-01-01 04:40:00,S005,3.4175811193515284,112.94000936416847,13.715964842517362,0,0.23168337693093566,0.03026014552583519,-0.419030005941079,4
2024-01-01 04:45:00,S009,3.0128195000746025,63.76985987201628,11.412354824028402,0,-0.5199303510734472,0.0472451955461211,-1.315875528423973,8
2024-01-01 04:50:00,S005,3.211260743630988,64.67512409765023,17.374238126752484,0,-0.2063203757205403,0.049652177524791764,-1.5795330332522912,4
2024-01-01 04:55:00,S005,3.09775710159606,142.37751470783246,19.526404763014657,0,-0.11350364203492802,0.02175734776474556,0.2887788675114955,4
2024-01-01 05:00:00,S010,3.900154462119224,125.15598258728888,18.09066172600094,0,0.5861875100578589,0.031162349423348373,-0.05630598543632626,9
2024-01-01 05:05:00,S007,3.916377395687751,180.07984003325058,19.54605396169017,0,1.374952237877194,0.021748005744269525,1.1899492676440089,6
2024-01-01 05:10:00,S003,3.4649323276635298,118.73793357372747,18.184251839739023,0,0.3064751966050756,0.029181342668560505,0.05342916379691858,2
2024-01-01 05:15:00,S001,3.477227157786682,81.0026539815118,14.109416909817009,0,0.3808691261553978,0.042927323815230276,-0.8589882238021285,0
2024-01-01 05:20:00,S003,3.42738082650684,100.48313223330896,19.835839530711134,0,-0.03755150115668959,0.034109016607959744,-0.4041764223372471,2
2024-01-01 05:25:00,S002,2.8910417923538545,124.40561814401092,20.39335538037909,0,-0.6468010041851855,0.02323883627807564,-0.028634658258307525,1
2024-01-01 05:30:00,S008,3.6026065657058286,170.5221395577273,14.230518588569598,0,0.013469565121836169,0.02112691392940774,0.869331564454742,7
2024-01-01 05:35:00,S003,3.98575771300101,111.89265153671396,15.580271286891747,0,0.5583768864941696,0.035621264291310496,-0.11816620119155805,2
2024-01-01 05:40:00,S005,2.8578952896855103,151.9767169850369,21.098631406710616,0,-0.23986181191054978,0.01880482317418951,0.5195864876053583,4
2024-01-01 05:45:00,S001,3.257878558671786,173.96861991616123,14.800744015459175,0,-0.21934859911489601,0.018726817284948002,1.2252486425311233,0
2024-01-01 05:50:00,S009,3.770714716143385,103.2357785694081,24.352013276896844,0,0.7578952160687824,0.03652527028934046,-0.4507552595011967,8
2024-01-01 05:55:00,S010,3.447755818254699,117.26682829674796,14.398161575470969,0,-0.4523986438645249,0.029400947122369667,-0.244661261740182,9
2024-01-01 06:00:00,S004,3.919291814322536,167.19440757068037,11.70196903026172,0,0.22184904587237453,0.023441524576300585,0.9958541523145051,3
2024-01-01 06:05:00,S010,3.1622957520600656,183.15562741374487,15.26372518828118,0,-0.2854600661946334,0.01726562157297983,1.3284481624082811,9
2024-01-01 06:10:00,S010,3.755445811356061,180.0303057966262,22.57721145645977,0,0.5931500592959953,0.020860075721861257,1.2538304283583066,9
2024-01-01 06:15:00,S009,3.732790088935534,155.93633407347443,11.220231709628496,0,-0.037924627207850836,0.02393791101269144,0.7044774135208207,8
2024-01-01 06:20:00,S001,3.820539952957625,85.50277905231181,23.6154055952282,0,0.562661394285839,0.04468322544432542,-0.7580983284369243,0
2024-01-01 06:25:00,S003,3.6657203738911552,133.76063746037076,16.363330138704644,0,-0.32003733910985455,0.027405075538034472,0.43001355324992396,2
2024-01-01 06:30:00,S003,2.880523260809708,110.78031301721256,18.57209537807516,0,-0.785197113081447,0.026002122417745147,-0.14604995137343624,2
2024-01-01 06:35:00,S009,3.616317485414947,152.15591406453635,13.56259706938705,0,-0.11647260352058719,0.023767183204219243,0.6216079888952211,8
2024-01-01 06:40:00,S009,3.8028986922841903,83.5393757779179,24.44833809160917,0,0.1865812068692434,0.04552223016291911,-0.882514048912361,8
2024-01-01 06:45:00,S005,2.565101174947259,188.6964995335394,23.78673572917989,0,-0.2927941147382511,0.013593793107727436,1.4024937725690678,4
2024-01-01 06:50:00,S009,3.2846467662552232,144.40979572028937,20.436230334769256,0,-0.5182519260289671,0.022745318277368642,0.45180771042037915,8
2024-01-01 06:55:00,S006,3.07630274706883,160.5651058764529,23.7288151250366,0,-0.4955911369812638,0.019159223481870987,0.7701113786196907,5
2024-01-01 07:00:00,S006,3.1834851291785693,143.0198896702305,14.16071774471699,0,0.1071823821097393,0.022259037790452296,0.37639686653199667,5
2024-01-01 07:05:00,S010,2.8440921185574246,89.89068874463584,15.405176428079024,0,-0.9113536927986363,0.031639451849352414,-0.898272553847063,9
2024-01-01 07:10:00,S001,2.9196452607534185,111.68100813082792,19.04172823034948,0,-0.9008946922042065,0.026142719423447484,-0.1711993531805965,0
2024-01-01 07:15:00,S003,3.733805864384754,192.4699869937886,20.8857926258254,0,0.8532826035750456,0.019399418696439446,1.9017209579923169,2
2024-01-01 07:20:00,S008,3.814992228888689,132.7381808816105,12.472513917055014,0,0.21238566318286045,0.028740730084314492,0.03552977070523643,7
2024-01-01 07:25:00,S002,3.9809141939724166,72.56253366552923,18.911960730282026,0,1.0898724016185621,0.05486184112276841,-1.2030031734617637,1
2024-01-01 07:30:00,S001,3.757493057066706,120.30397396924556,16.222292535064977,0,0.8378477963132878,0.03123332449279636,0.02212196733573012,0
2024-01-01 07:35:00,S006,3.537571595753368,130.15194125441946,21.24866124204958,0,0.3540864665747989,0.02718032141039189,0.08764020645140425,5
2024-01-01 07:40:00,S005,3.917148594823642,177.44710860161172,13.710221526147963,0,1.3520474198763828,0.022075020694743024,1.1320082599687573,4
2024-01-01 07:45:00,S003,2.912097695538863,81.08414735120847,23.173310012187883,0,-0.8217081688458907,0.03591451338282237,-0.8904640395969536,2
2024-01-01 07:50:00,S008,2.533277113045453,124.72477799688394,17.143160451835215,0,-1.281715115843236,0.020310937036950538,-0.1413069063776733,7
2024-01-01 07:55:00,S001,3.3278602581617283,134.14069573030793,23.14980403987517,0,-0.42963279890497796,0.02480872966846958,0.3323323256498056,0
2024-01-01 08:00:00,S007,3.632705883510429,143.04643270301972,20.561196521488355,0,-0.2836715121773219,0.02539529168684952,0.32524708488277115,6
2024-01-01 08:05:00,S002,3.025881338209896,138.48765302819496,15.883660676495984,0,-0.9550328557625205,0.021849466517967178,0.2903567475259421,1
2024-01-01 08:10:00,S004,3.3211694603486674,117.63656711241566,23.65706917604909,0,-0.5981223539738685,0.028232458168322545,-0.1535772709902316,3
2024-01-01 08:15:00,S001,3.924280935486463,72.06102213935569,23.89881437742242,0,0.5964206773247347,0.05445774731522527,-1.0594538301478058,0
2024-01-01 08:20:00,S008,2.568791899606949,143.12085266331368,15.211201123381214,0,0.03551478656149598,0.017948411091921378,0.26465055790768033,7
2024-01-01 08:25:00,S003,3.305895125071105,119.0178738475358,18.771491589237307,0,0.39379742953224195,0.0277764592655071,0.06044661803757256,2
2024-01-01 08:30:00,S004,2.772820126598717,101.85009249857949,23.45182614859018,0,-0.5483493337499503,0.027224522416267268,-0.5197245812150805,3
2024-01-01 08:35:00,S002,3.4029030933114406,83.57735988594808,22.32685955266674,0,0.37702175510154445,0.04071560883890061,-0.9534913003966788,1
2024-01-01 08:40:00,S006,2.6330538006355835,68.09538066509012,16.911681520490887,0,-0.9045177951177847,0.038667142683274223,-1.3049085194858252,5
2024-01-01 08:45:00,S010,3.535592242944048,55.89682097616484,21.99115598363564,0,0.6915001243866232,0.0632521166779619,-1.7098835479233467,9
2024-01-01 08:50:00,S001,2.9153164722208054,170.9301919689592,21.22389535575488,0,-1.0089644632656576,0.01705559701576693,1.1571290518875175,0
2024-01-01 08:55:00,S008,3.226784477786532,142.73821572954438,15.533704593546586,0,0.657992578179583,0.02260631086824339,0.2562066739709417,7
2024-01-01 09:00:00,S008,2.6996753928812174,153.07482581049965,22.66661008950443,0,-0.5271090849053146,0.017636312035049718,0.4843109893675598,7
2024-01-01 09:05:00,S002,3.1711185502351817,129.89258996825347,13.637057554520943,0,-0.23178454307625884,0.024413390715868302,0.09565823478654027,1
2024-01-01 09:10:00,S010,3.3459476380282545,176.10649788168968,11.338064930680844,0,-0.18964460491579338,0.01899956945419529,1.160148660102453,9
2024-01-01 09:15:00,S004,3.2109549121458345,103.26564549189573,19.73234260437364,0,0.4381347855471174,0.031094125219862098,-0.4868926200798688,3
2024-01-01 09:20:00,S006,3.380261677031319,161.81592112764952,16.47489319344519,0,0.7472078763957355,0.020889549392089066,0.7981796629057558,5
2024-01-01 09:25:00,S006,3.849471095717519,141.13328334403593,13.665297331969818,0,0.46920941868620014,0.027275430743441548,0.33406143558097634,5
2024-01-01 09:30:00,S009,2.855840187603992,65.26737089306056,12.29288708776498,0,-0.4288065786512312,0.04375601695134428,-1.2830490497811164,8
2024-01-01 09:35:00,S008,3.845148136939638,62.03506184924633,17.86767084355382,0,1.1454727440584205,0.06198346582879272,-1.5247193280778888,7
2024-01-01 09:40:00,S006,3.096783398568612,195.42056499130533,22.982606888409705,0,-0.7526876971489069,0.015846763100638497,1.5522676038664227,5
2024-01-01 09:45:00,S008,3.5843441449326634,173.12922097300287,20.776859062548304,0,-0.26080399200697446,0.02070328812537405,0.9268636292958418,7
2024-01-01 09:50:00,S005,2.780565622836285,98.55188546063656,16.38154657924625,0,-1.136582971987357,0.028214230601044686,-0.7649846529929549,4
2024-01-01 09:55:00,S001,3.415930063662449,93.29458298603836,18.718573321339186,0,0.5006135914416436,0.036614452350438205,-0.5834111205900306,0
2024-01-01 10:00:00,S003,2.5777353052336403,100.49064172908808,12.016220154084614,0,-0.7281598198374648,0.025651496105741085,-0.4039881766722577,2
2024-01-01 10:05:00,S008,3.714811668781953,88.19609821456459,20.22254083335894,0,0.1304675238492896,0.04211990942414837,-0.9474076907576716,7
2024-01-01 10:10:00,S008,3.409152821583758,169.14341749496936,11.60048875170154,0,-0.3056588471981949,0.020155397542937777,0.838906458952596,7
2024-01-01 10:15:00,S002,2.686445835228317,159.63012128054663,24.075106852315567,0,-0.4846727150068646,0.016829191217230564,0.7692836728626501,1
2024-01-01 10:20:00,S008,3.582394826126916,57.21419659461316,21.72271722627122,0,0.17324200454315797,0.06261373992338938,-1.6311043188935448,7
2024-01-01 10:25:00,S003,2.746398696896489,172.1862080347073,19.977958310443,0,0.16866339166284883,0.015950166555636094,1.3932536026651041,2
2024-01-01 10:30:00,S010,3.088667661133953,172.48991592073656,16.587023628553276,0,-0.2572799768943015,0.01790636655173633,1.0738019783868191,9
2024-01-01 10:35:00,S006,3.3096715928719496,115.81170130825086,18.662294063591887,0,0.21288819430333739,0.02857804138268346,-0.23415466385768285,5
2024-01-01 10:40:00,S002,3.3153292916709827,185.97081664468203,19.36356993870988,0,0.6288834564426655,0.017827148104785803,1.3659627403869943,1
2024-01-01 10:45:00,S007,3.5958237052139523,154.05764111050075,12.500961399900747,0,-0.03688217829647655,0.023340768293351785,0.5823505120636476,6
2024-01-01 10:50:00,S007,3.359726273886083,199.65389238857648,21.28604680058234,0,-0.23609743132786942,0.016827752434592842,1.6469886549789239,6
2024-01-01 10:55:00,S001,2.550298652103669,135.48345273069748,21.43688028611036,0,-0.86563141155878,0.01882369101549766,0.3624360696877717,0
2024-01-01 11:00:00,S006,3.304722027226892,106.82323483353736,16.855003289225174,0,-0.004949565645057774,0.030936359791643425,-0.4358557800430371,5
2024-01-01 11:05:00,S008,2.724876141023161,84.38770928489623,20.833788525896,0,-0.8575186851037553,0.03228996454330775,-1.031449745431536,7
2024-01-01 11:10:00,S003,3.348262520984461,157.42686120994284,18.9854404716599,0,0.6018638240879719,0.02126868626508767,1.0232709647412594,2
2024-01-01 11:15:00,S008,3.375087692149181,110.12771251454598,16.93008705466199,0,0.65021155112602,0.03064703347394889,-0.4634293045885762,7
2024-01-01 11:20:00,S008,3.258833018326699,141.71813531519717,10.271652757312609,0,-0.11625467382248189,0.022995172853839303,0.2336959337242066,7
2024-01-01 11:25:00,S004,3.87812578339112,168.51269556861303,10.345339071814562,0,0.6671708712452853,0.02301384931310372,1.0264301749130966,3
2024-01-01 11:30:00,S010,2.6033823090508283,61.598159823318085,11.563704490777145,0,-0.4852853520831246,0.042263962366659434,-1.5737628416589207,9
2024-01-01 11:35:00,S001,2.6698570687611327,197.72617984435016,22.58347129668901,0,0.1195584166574637,0.01350280003754593,1.7578777800722805,0
2024-01-01 11:40:00,S006,3.278257085689108,138.69131536173938,15.985040558051953,0,-0.026464941537784004,0.023637075449910297,0.2792636934851746,5
2024-01-01 11:45:00,S004,3.6816848330717376,140.55822975952083,11.714009500835315,0,-0.19644095031938225,0.02619330678188498,0.3780617003075839,3
2024-01-01 11:50:00,S006,3.0195189915489418,102.04298028443417,21.062518721646228,0,-0.258738094140166,0.02959065859147235,-0.5431246540958785,5
2024-01-01 11:55:00,S003,2.872339664135728,136.64479311373208,12.482699761419608,0,-0.47592285684873303,0.021020483828716543,0.5023126549298942,2
2024-01-01 12:00:00,S006,2.8301458211216457,81.90211765118394,17.72760523610219,0,-0.18937317042729607,0.03455522154908753,-0.9950854513565645,5
2024-01-01 12:05:00,S004,3.121936185590536,62.80245021179658,24.95311377768921,0,-0.5597486474812015,0.049710420127955755,-1.425385252369408,3
2024-01-01 12:10:00,S007,3.140183358005124,169.96730331114043,15.240804985739995,0,-0.21954291588095876,0.018475220213807732,0.9538291478049764,6
2024-01-01 12:15:00,S008,3.3811804063511115,94.10670188314572,20.710887996847426,0,0.12234738802441258,0.03592922011219034,-0.8169747738880977,7
2024-01-01 12:20:00,S001,3.101144591312989,133.94604969623268,12.328603688960689,0,0.4312875225518562,0.02315219148391719,0.32796848737817,0
2024-01-01 12:25:00,S007,3.629869331121176,90.84527820804492,23.461456147283265,0,0.4896859731160519,0.03995660976907177,-0.8936105760382697,6
2024-01-01 12:30:00,S007,2.7342288960492853,157.39583432710964,19.88385912865227,0,-0.8956404350718907,0.017371672557693788,0.6602948107111053,6
2024-01-01 12:35:00,S008,2.794169649540179,125.82618186590508,18.925734695506307,0,-0.5870107568109324,0.022206583779963245,-0.11700155157076782,7
2024-01-01 12:40:00,S003,3.4791191617778123,85.72741715700897,11.491620891390175,0,0.6067794976420844,0.04058350614949711,-0.7740680207392815,2
2024-01-01 12:45:00,S008,3.710275223443879,194.3973977832312,24.1661458836591,0,0.9161055739037001,0.019086033380911173,1.3962015334090847,7
2024-01-01 12:50:00,S007,3.84450372778168,51.95028852661041,11.28262796281702,0,1.1102748317323945,0.07400351058824979,-1.8017793053184816,6
2024-01-01 12:55:00,S003,3.3745623414545385,113.21368258887468,23.390075666154623,0,-0.10455682032327385,0.029807018586356638,-0.08505101260898097,2
2024-01-01 13:00:00,S010,3.7376609971339896,104.45888182926358,10.513421662307938,0,1.1342786880831612,0.03578116988544188,-0.5504537721820847,9
2024-01-01 13:05:00,S009,3.154189793702975,94.16986393128764,24.22679960443235,0,0.298349606098983,0.03349468356107563,-0.6494863867276873,8
2024-01-01 13:10:00,S010,3.348664929949841,197.8050968362602,17.065981790407214,0,-0.3889960671841486,0.016929113472503286,1.6782074343357123,9
2024-01-01 13:15:00,S001,2.903016039077419,131.24513219913004,19.50217329739221,0,-0.1981285522355698,0.022119037789924762,0.2674156628709411,0
2024-01-01 13:20:00,S004,2.6984143166879955,185.08584518545783,20.368327864144817,0,-0.4235218689025406,0.014579258148230434,1.4108234167609741,3
2024-01-01 13:25:00,S005,3.7225816426036857,124.71361302665086,11.007630998735651,0,0.9420160197674008,0.02984904014856576,-0.13594008213364517,4
2024-01-01 13:30:00,S007,2.659868095193012,71.00278079906735,13.955257039519246,0,-1.1846356325886678,0.0374614636903536,-1.356917953293047,6
2024-01-01 13:35:00,S002,3.40077529065048,149.7555011819383,12.630569179351744,0,0.08544599897949734,0.02270885051689541,0.5456001659869327,1
2024-01-01 13:40:00,S010,3.133054089326031,103.08070648418742,24.37940765969831,0,-0.21561084062380997,0.03039418525427646,-0.5833580086004578,9
2024-01-01 13:45:00,S003,2.868023664521981,108.39434210629648,14.330406051560498,0,-0.5065386769325575,0.02645916390585104,-0.20586071550217877,2
2024-01-01 13:50:00,S007,3.4156070005119363,192.39601955866485,15.949740595780812,0,0.7557389053189243,0.01775300241745869,1.4775227880586803,6
2024-01-01 13:55:00,S008,2.822410567886135,54.6774702591927,13.933960664497375,0,-0.8878646555577441,0.0516192602545547,-1.6870838150298815,7
2024-01-01 14:00:00,S002,3.434998826357486,121.13559630505544,15.165755980663498,0,0.0342235357070062,0.028356642728067906,-0.1027083892164058,1
2024-01-01 14:05:00,S008,3.15224100790562,86.96030498586603,22.286534765113,0,0.3298304400194847,0.036249194480809065,-0.9746786980024383,7
2024-01-01 14:10:00,S006,3.38534600030363,104.14608454100404,11.373731099899512,0,0.5552001791819845,0.03250574435801958,-0.4959310113095728,5
2024-01-01 14:15:00,S010,3.5358403486684606,128.1951001120354,11.300578177932756,0,0.4027862593424296,0.02758171213488281,0.016253607140012036,9
2024-01-01 14:20:00,S005,2.525154407640094,196.46671579620423,19.558473696842302,1,-1.197427234963592,0.012852835643320465,1.5893244144713863,4
2024-01-01 14:25:00,S009,3.91608900952992,55.914021705275886,20.58362758773533,0,0.7618992158269449,0.07003769160929506,-1.4880809413914255,8
2024-01-01 14:30:00,S005,3.209815177122,96.92822847583813,11.807838681796966,0,0.6846607694819062,0.03311538059927482,-0.8040246058648765,4
2024-01-01 14:35:00,S008,3.9565873677480514,191.63997336701507,17.113213249861957,0,0.8043463598424316,0.02064593987374555,1.3353517573419997,7
2024-01-01 14:40:00,S002,3.283651864106753,146.68199759387332,19.75251025664842,0,-0.15134696225073307,0.022386195427843314,0.4759780383396757,1
2024-01-01 14:45:00,S002,3.8274975347849214,129.53976989523505,16.615482426222425,0,0.5438456706781682,0.02954689156530794,0.08766602542143977,1
2024-01-01 14:50:00,S008,3.309236938563006,168.60847472584453,14.781287543981048,0,-0.6473504291850456,0.019626753303756052,0.8271015487187843,7
2024-01-01 14:55:00,S010,2.119772670840176,132.53736056645448,16.929142758633816,1,-1.4160676778282846,0.01599377459774733,0.11992602088099566,9
2024-01-01 15:00:00,S003,2.6050445586212065,51.42281504427472,10.790257539658429,0,-0.26297910590077445,0.05065931446716183,-1.6340049361928466,2
2024-01-01 15:05:00,S009,3.3711358108409915,90.7530456603506,15.974310759634534,0,-0.5449531986889284,0.0371462553784281,-0.7243854094535579,8
2024-01-01 15:10:00,S004,3.6063734523833375,85.81657186524535,11.65711169697092,0,0.907959135695342,0.042024207837456536,-0.891601811371619,3
2024-01-01 15:15:00,S004,3.573329972851363,138.36628017063424,14.158984685451603,0,-0.03304347953197473,0.025825150233036952,0.32722220220863135,3
2024-01-01 15:20:00,S001,3.087445210810534,68.66563359452846,24.346235463391373,0,0.18442917173311502,0.044963470789366154,-1.1355762466634278,0
2024-01-01 15:25:00,S006,3.9734957726201214,182.62984671972544,19.01197669663297,0,0.5881497723164912,0.02175709964045752,1.2652439876079775,5
2024-01-01 15:30:00,S007,3.9867529392054646,84.7507552075165,24.140976612026883,0,0.5711459386935283,0.04704091342871565,-1.035913100201191,6
2024-01-01 15:35:00,S010,2.5704180357217195,107.61359172368743,10.550979061399204,0,0.4506453648815434,0.023885626288571077,-0.47513438661306795,9
2024-01-01 15:45:00,S002,3.23677951130294,199.45036637100864,23.46154222069305,0,-0.5907180234819815,0.016228496191978622,1.6713064319701563,1
2024-01-01 15:50:00,S009,3.389409902262555,137.01293117567167,11.372302560966324,0,0.018274091421563554,0.024737883300003493,0.2896633170998731,8
2024-01-01 15:55:00,S009,2.566564995299855,177.82903000205118,10.531335526278175,0,-0.8228449069627,0.014432767220998299,1.1843804694815214,8
2024-01-01 16:00:00,S002,3.112679819606048,105.9032775518471,13.896306756404892,0,-0.12409969169689195,0.029391723195613614,-0.44775644600662046,1
2024-01-01 16:05:00,S006,3.016029765871524,79.91798957540051,23.417198964521013,1,-0.9574660067485974,0.037739059522369355,-1.0396092695925303,5
2024-01-01 16:10:00,S003,3.737021448887724,102.17138118532895,20.17024228838596,0,1.1319768902665173,0.036576009888163986,-0.3618559315894805,2
2024-01-01 16:15:00,S006,3.2818904682706225,180.22412060773203,13.67928298383002,0,0.2658607023990984,0.018210051224118562,1.2112595127934582,5
2024-01-01 16:20:00,S009,3.895135525764608,65.8751140742876,20.484861070593816,0,1.328570530464753,0.05912908964044843,-1.2697268983721879,8
2024-01-01 16:25:00,S010,3.1982050131549755,181.8607220342197,10.077177561320722,0,0.6277869774332561,0.01758601295103913,1.2975320145468745,9
2024-01-01 16:30:00,S007,2.741139844072462,172.69505361785934,22.482012669366128,0,-1.2456130951330024,0.015872717755885155,1.0175200640421667,6
2024-01-01 16:35:00,S001,3.339766468463244,67.37657851703865,15.650430429801984,0,0.2523212576527101,0.04956865637104109,-1.1644760283010105,0
2024-01-01 16:40:00,S006,2.9250144223983723,52.76415781073262,16.483611758387685,0,-0.3568760458722502,0.05543563174714496,-1.6489410383709648,5
2024-01-01 16:45:00,S005,2.653764591986019,190.5842730854677,20.318285834512203,0,-0.5560505851359809,0.013924362954422228,1.447884265259425,4
2024-01-01 16:50:00,S001,3.656476438798203,156.2858006903944,17.103608326526327,0,0.31670997033495896,0.023396088591616855,0.8288112650401281,0
2024-01-01 16:55:00,S002,3.8073052092285646,196.0233453766096,24.53316782928537,0,0.6946253896225167,0.01942271315551501,1.5936762987084299,1
2024-01-01 17:00:00,S007,2.59843921686102,173.22694211111616,15.577502938580867,0,-0.14270062721144194,0.015000202538033912,1.0299392599590735,6
2024-01-01 17:05:00,S007,3.1688540595651222,91.04399994224988,24.956867502365668,0,0.570414842704102,0.03480574295095889,-0.8889705731404305,6
2024-01-01 17:10:00,S007,3.290536144317793,173.8881148699845,14.475616464849889,0,0.12168208475267095,0.018923295284378014,1.045377146154034,6
2024-01-01 17:15:00,S004,3.4817668214217026,90.9889290497314,24.26295343375616,0,-0.0915631514296602,0.03826582923221386,-0.7716355290351014,3
2024-01-01 17:20:00,S005,3.864286766421728,178.6040138138748,24.467807084053128,0,1.210522174435709,0.021636057800091677,1.159825419249871,4
2024-01-01 17:25:00,S001,2.9811141106571912,158.66340089211755,21.187555180464464,0,-0.6753623281410119,0.018788921034765267,0.8821155247658455,0
2024-01-01 17:30:00,S008,3.052789515585641,179.65373747594555,17.098148600373356,0,-0.2564474229773648,0.01699263014678146,1.0708441372710575,7
2024-01-01 17:35:00,S001,2.636746735609288,73.0487057241669,16.80540451907924,0,-0.34436737504790305,0.03609573515518166,-1.0373106025801733,0
2024-01-01 17:40:00,S005,3.8677540524398655,195.12668954206663,12.781883120149814,0,0.0034672860181372833,0.01982175816808399,1.5571042089116731,4
2024-01-01 17:45:00,S007,2.6877786883038257,152.8347930843457,16.45458842349194,0,-0.6027574560139675,0.01758617022921375,0.5537979312013845,6
2024-01-01 17:50:00,S006,3.372957102871598,90.34901066526464,21.96338650955782,0,0.4479426804732256,0.03733252946172029,-0.8055372393193545,5
2024-01-01 17:55:00,S008,3.1968978949537155,152.06849395389878,15.93317625819953,0,0.1441083793680744,0.021022749759806673,0.46210364697832895,7
2024-01-01 18:00:00,S009,3.790183595783807,166.97764833400248,10.594282380225357,0,-0.10495192998080105,0.022698748205959764,0.9465106684811362,8
2024-01-01 18:05:00,S001,2.6541886067389986,135.63567527662462,10.2755145541081,0,0.017441871129710407,0.019568513970459323,0.36584880077617327,0
2024-01-01 18:10:00,S001,3.339473025230371,51.46562711287755,14.896919623659878,0,0.6852844184913724,0.06488744453180685,-1.5211892745044742,0
2024-01-01 18:15:00,S001,3.7367710703452506,103.6702026392407,14.83142053329003,0,0.39729804511487954,0.03604479372909396,-0.3507964343998432,0
2024-01-01 18:20:00,S010,3.700880048663624,80.02253663672151,12.512238733886049,0,0.5026750355086484,0.04624797218066253,-1.1338768339057355,9
2024-01-01 18:25:00,S003,3.844331954027557,139.21649560654043,19.24906872793711,0,0.10731050513983309,0.027614054907806544,0.566779279607897,2
2024-01-01 18:30:00,S008,3.921025693946558,143.79569903209216,21.751340889124226,0,0.7241277989928427,0.02726803179835572,0.2795428066954842,7
2024-01-01 18:35:00,S004,3.329502178887937,139.62137939478953,21.75748830128293,0,-0.15226464253376548,0.023846650083831807,0.35633264112746227,3
2024-01-01 18:40:00,S010,3.157910824734308,158.72398398110874,18.899179724652683,0,-0.5429692239293158,0.0198956121521698,0.7451373562260464,9
2024-01-01 18:45:00,S003,2.8288209810370666,196.37978837286968,15.053436876566604,0,-1.0155109729904903,0.014404847893622775,1.9997306223199784,2
2024-01-01 18:50:00,S007,2.565492486561042,74.2508816220204,10.312917089373071,0,-0.1222862017427837,0.034551677100284874,-1.2810772442167493,6
2024-01-01 18:55:00,S008,3.962189743220175,147.54885295204053,12.993136763937176,0,0.04116404927361694,0.026853409319552733,0.36236595652729436,7
2024-01-01 19:00:00,S001,3.7606786094154,76.12900048673805,24.41170827230465,0,0.02390753907014931,0.049398765055066456,-0.9682523849972244,0
2024-01-01 19:05:00,S005,3.0189024888204443,105.6558144476904,24.814743456040866,0,-0.8488515636194212,0.02857298961080231,-0.5941745277900077,4
2024-01-01 19:10:00,S009,3.1579231287843856,158.78864906227048,17.300034121370544,0,-0.6322604669994214,0.019887587351077596,0.7670021333703749,8
2024-01-01 19:15:00,S006,3.4825140082481627,198.81999745110085,14.257817929129676,0,0.10955690537656482,0.01751591415712354,1.628550841220249,5
2024-01-01 19:20:00,S002,3.447340330138781,159.96695336229214,11.973515276908897,0,-0.3599648790897838,0.021550328098802776,0.7769137164005988,1
2024-01-01 19:25:00,S007,3.448810799839459,105.92729557834016,17.689228078087076,0,0.883318313278417,0.03255828236418304,-0.5414568240422633,6
2024-01-01 19:30:00,S009,2.8708466116047657,180.6124851908767,16.679578825039982,0,-0.2870765171796199,0.01589506178607652,1.2453957348286921,8
2024-01-01 19:35:00,S002,2.6428922619319395,147.8184868295657,14.682220850446706,0,-0.8044480682068413,0.017879308051640345,0.5017222082649575,1
2024-01-01 19:40:00,S005,2.9877850963370425,166.0209688529901,11.963104910775249,0,-0.03111739248340184,0.017996432118178588,0.8572729177932944,4
2024-01-01 19:45:00,S010,2.610245120995019,75.46368576313111,17.796609228340266,0,-0.5476657037392894,0.0345894199872808,-1.2427203910602398,9
2024-01-01 19:50:00,S001,3.1741507528206068,138.18265566655805,24.228750322771507,0,-0.5865278565947931,0.022970688595320466,0.42295045484018534,0
2024-01-01 19:55:00,S009,3.408307236467324,103.50980795600026,18.002678879495434,0,0.5374606248625584,0.03292738440387066,-0.444748345575308,8
2024-01-01 20:00:00,S008,3.3780315465951283,180.2406920769888,13.087618150551524,0,-0.5841581966250469,0.01874178082363778,1.0837968245051972,7
2024-01-01 20:05:00,S002,2.68445621279444,84.669636864147,10.775452558622904,0,0.04156395086250031,0.03170506349028776,-0.9287486427021739,1
2024-01-01 20:10:00,S005,3.900812526291858,97.42341574651256,17.608522130325888,0,0.9130274299548153,0.040039784029345084,-0.792118096121191,4
2024-01-01 20:15:00,S005,3.21984562238811,152.89516039744765,10.260696852782194,0,-0.680966903903748,0.021059172924817234,0.5416699620533153,4
2024-01-01 20:20:00,S007,3.1821097834507888,127.33940428688754,17.3326987038538,0,-0.2667010163886703,0.02498919954134391,-0.041500204531108795,6
2024-01-01 20:25:00,S004,3.55702114410497,80.27801781844225,20.10148649987376,0,0.22751896521703285,0.044308781411450456,-1.0200615667241226,3
2024-01-01 20:30:00,S008,2.734245767188261,85.1841940002243,24.450202492305984,0,-0.6437857794068673,0.03209804117956532,-1.013873228634359,7
2024-01-01 20:35:00,S007,3.9169213292110334,152.48720424344685,17.45762146012641,0,0.7348115457602447,0.02568688532515012,0.5456819934279965,6
2024-01-01 20:40:00,S008,3.652779046785687,66.96647286148595,21.93265557544605,0,0.9185332795974261,0.05454638552930306,-1.415894856217545,7
2024-01-01 20:45:00,S005,3.5004572754863608,136.5777855067622,15.228605008629556,0,0.280611653098251,0.02562977033374691,0.14932751984411924,4
2024-01-01 20:50:00,S009,3.799658001291468,199.00054060379424,21.286416439233587,0,0.39135076482414366,0.01909370692949808,1.6484746436402444,8
2024-01-01 20:55:00,S004,3.4757674716875737,164.77862968336768,23.88512246321068,0,-0.08125367241739623,0.021093557326915147,0.9398232399558362,3
2024-01-01 21:00:00,S009,2.975793575148098,180.3350938310857,15.635083778225898,0,-0.8238644261433699,0.01650146686240903,1.2393151241220393,8
2024-01-01 21:05:00,S005,2.9868787448504053,104.96923023070968,15.942590374138833,0,-0.5135785306359555,0.028454802783644872,-0.6106830734523541,4
2024-01-01 21:10:00,S009,3.3947282124781326,131.853033274321,16.666291791268023,0,0.41893463733003466,0.025746303501095174,0.1765547817517384,8
2024-01-01 21:15:00,S008,3.5023191978325245,142.92355190144218,16.952410657008585,0,-0.15045984895316256,0.02450484298069096,0.26029660096614393,7
2024-01-01 21:20:00,S002,3.2187728164445963,53.84630987096536,15.118717414392346,0,0.5343166036501565,0.05977703622699744,-1.6269699217550797,1
2024-01-01 21:25:00,S005,2.8691044881969976,121.50432125617388,15.915479857275251,0,-0.11777425665340768,0.023613188883313735,-0.21310576469141845,4
2024-01-01 21:30:00,S005,2.793666978525319,51.13443124672132,19.712120712319045,0,-0.07543750967167862,0.05463377434472018,-1.9051116595894644,4
2024-01-01 21:35:00,S003,2.5904010854343413,190.1654040208272,15.274340308594516,0,-0.23841989560272525,0.013621831471587851,1.84395040094978,2
2024-01-01 21:40:00,S005,2.9273093529428844,96.09349473894298,22.04538846748995,0,0.13364237441756543,0.03046313759938557,-0.8240953264998973,4
2024-01-01 21:45:00,S004,3.5764536788629444,109.98578102062342,24.650878579938684,0,0.10068620717537069,0.032517418573107644,-0.3310275768463712,3
2024-01-01 21:50:00,S007,3.521676780947474,77.21575215434405,17.877450755005903,0,-0.39524454826355937,0.04560826880831293,-1.2118497492135574,6
2024-01-01 21:55:00,S010,2.7778426698211147,187.6628733757066,16.36791137794543,0,0.1675975488260959,0.014802302766151134,1.4360596410622917,9
2024-01-01 22:00:00,S008,3.2897487912306715,66.84565166168288,10.038760222674735,0,-0.212570406601853,0.049214103071184116,-1.4185610917484042,7
2024-01-01 22:05:00,S009,3.690615775570776,146.99088701342902,12.621601642410658,0,0.2958875630926432,0.025107786273733588,0.5083870190323634,8
2024-01-01 22:10:00,S008,3.030132068954077,85.5305838461723,21.70788272865793,0,-0.2596167222765944,0.0354274685421244,-1.0062292314194607,7
2024-01-01 22:15:00,S007,3.5013248489372057,64.33029707520022,19.3578898701486,0,-0.020351932010268303,0.05442730731213611,-1.5127154252625477,6
2024-01-01 22:20:00,S001,3.605310617416273,179.41956163148427,13.251097001361636,0,0.43115986459566624,0.020094300668398665,1.347455232492189,0
2024-01-01 22:25:00,S003,3.410641054133171,132.0046119071105,13.479206441739631,0,0.8202399686988295,0.025837287081112062,0.3859940600995367,2
2024-01-01 22:30:00,S009,3.981678280322331,70.46596288350997,20.427168310713903,0,0.2910625047515554,0.05650498647608845,-1.1690923132033713,8
2024-01-01 22:35:00,S007,3.586775277097927,52.373163764837365,15.11635036711331,0,0.08545042816072135,0.06848498388446012,-1.791905486842372,6
2024-01-01 22:40:00,S006,3.367580375509614,91.12409998397088,11.1912905348348,0,-0.11493363273854884,0.03695597954583284,-0.7881442411737641,5
2024-01-01 22:45:00,S003,3.101781871058474,105.0434118807201,15.15340712163556,0,-0.30885918307469673,0.02952857123762653,-0.2898607745208662,2
2024-01-01 22:50:00,S002,3.504403924200943,60.48974085641512,19.60252335742249,0,0.2856311077563465,0.057933855791183334,-1.4764804927266515,1
2024-01-01 23:00:00,S002,3.169528526796463,100.03543242083006,18.70712510075012,0,-0.3348753974044798,0.031684058835733504,-0.5806770205302395,1
2024-01-01 23:05:00,S009,2.7557169072608763,111.42167795078058,16.340336700942842,0,-1.225961373061455,0.02473232280912933,-0.27131467613386306,8
2024-01-01 23:10:00,S008,3.6931749411845938,189.0766729219179,13.519631227831804,0,0.6630428722305166,0.019532684195868098,1.2787858340261902,7
2024-01-01 23:15:00,S005,3.6057703375108647,165.2899707182763,13.654850740958,0,0.6784609845679803,0.02181481623853916,0.8396964635324008,4
2024-01-01 23:20:00,S006,2.633686648174025,163.29056307452117,11.915702254528522,0,-0.7338937273355888,0.016128835607057076,0.8312706164621284,5
2024-01-01 23:25:00,S002,2.5946635496187254,67.64735427103379,13.410359501441482,0,-0.5748649771777377,0.03835572842715282,-1.3143436152109054,1
2024-01-01 23:30:00,S002,3.905436734546594,133.07033610685644,14.582864659870353,0,1.3107731849278688,0.02934866513838977,0.16764170282331667,1
2024-01-01 23:35:00,S004,3.810004992585772,74.26463170281644,21.794139351356417,0,0.23355131372282756,0.05130308876127166,-1.1595344512939347,3
2024-01-01 23:40:00,S004,2.812765771536004,189.58928219658745,11.74549596828214,0,-0.9972392210497678,0.014836101169849104,1.515274941799182,3
2024-01-01 23:45:00,S008,3.29872178883914,158.21331009930975,12.119170739132588,0,-0.394453152345454,0.020849837390798848,0.597705074246012,7
2024-01-01 23:50:00,S005,2.53434073746418,73.06867245020466,13.35421651744467,0,-1.0714296000466845,0.03468436817220755,-1.377714708827936,4
2024-01-01 23:55:00,S010,3.7337208454515416,69.87870091127726,22.93021723408934,0,0.9558781756304269,0.05343145760047561,-1.3760631203544407,9
2024-01-02 00:00:00,S006,3.7439986077119256,97.62971718151056,24.29196291401941,0,1.1103119595379005,0.03834896500179033,-0.6421582430160291,5
2024-01-02 00:05:00,S002,2.60225846407824,53.87178604242305,12.027494337322342,0,-1.3031782704683543,0.048304662881345016,-1.62639282619935,1
2024-01-02 00:10:00,S004,3.1592675329493654,65.84970263926158,19.61239472035309,0,0.3465017614133612,0.047976944554734335,-1.3547080868093058,3
2024-01-02 00:15:00,S007,2.7280372796929724,59.20244406660022,21.7114237910266,0,-0.8587379974049547,0.04607980839715416,-1.6324469328139906,6
2024-01-02 00:20:00,S002,2.58667084149455,154.25528432878298,24.755183878951204,0,-0.015587622583689953,0.016768766480722806,0.6475308999711517,1
2024-01-02 00:25:00,S009,3.674044061116224,89.80811137822919,12.666495817768723,0,0.9183271538553477,0.04090993568758832,-0.7450990233068507,8
2024-01-02 00:30:00,S004,3.995045280779465,172.0955404259028,19.228291573465164,0,0.8357777478300998,0.023214112757717998,1.109529729407664,3
2024-01-02 00:35:00,S006,3.1391250758355573,69.60655651102992,23.299063228607,0,-0.6048735318763683,0.04509812340576204,-1.2709977455250066,5
2024-01-02 00:40:00,S007,3.28825693295296,122.24522698022936,12.653307177157815,0,0.5602196532599875,0.026898857435274582,-0.16044540979296104,6
2024-01-02 00:45:00,S007,3.1242309972696423,122.20162274529856,10.28788415234585,0,-0.16402593568331758,0.025566198932772996,-0.1614635358537385,6
2024-01-02 00:50:00,S010,2.784542272262016,142.84222895115823,14.852505923672108,0,-0.9491785731895255,0.01949383100861014,0.3659569971293586,9
2024-01-02 00:55:00,S005,3.702305667824485,193.936496648155,17.317810658895436,0,1.1679649303603048,0.019090298791724632,1.5284866653530047,4
2024-01-02 01:00:00,S005,3.766535624109424,64.7123871176367,17.32361705532667,0,0.06422995628493888,0.05820424483307078,-1.5786370641173337,4
2024-01-02 01:05:00,S002,3.2140271940531497,106.3832427718654,15.91714417855053,0,0.6273563525585999,0.030211780633942364,-0.4368840982585588,1
2024-01-02 01:10:00,S001,3.933002029755893,168.03550793829424,14.731103436220192,0,0.32769141233961996,0.023405779396138738,1.0922321069416747,0
2024-01-02 01:15:00,S001,3.761307369138884,55.76395234434875,23.52642988203135,0,-0.1716946606170091,0.06745051615491451,-1.4248236011007227,0
2024-01-02 01:20:00,S002,3.079523364772473,117.51866486296394,13.404470415480462,0,-0.1345038292806766,0.026204546895605012,-0.18464044341361946,1
2024-01-02 01:25:00,S003,2.658540219859411,198.2412906500197,16.649096311654276,0,-0.4432416511990631,0.013410628083625425,2.0463941726232755,2
2024-01-02 01:30:00,S007,3.574485082094024,60.812650399801,11.06885091647888,0,0.4502540848243819,0.05877864322647471,-1.594849827081889,6
2024-01-02 01:35:00,S005,3.081392847224154,119.29204050064337,24.87382613305411,0,-0.6851427768852698,0.02583066593574807,-0.26629885734829656,4
2024-01-02 01:40:00,S003,2.777793351801202,76.11640030011264,11.47593474570096,0,0.11925313194179088,0.03649401890373093,-1.0149939514097799,2
2024-01-02 01:45:00,S010,2.531417441546369,62.3257501214641,24.517900522675458,0,-0.25312483071564706,0.040615916153545435,-1.5563914648805992,9
2024-01-02 01:50:00,S009,3.963986274398189,150.10255970696426,10.156415490961043,0,0.2899422132819649,0.026408518827878376,0.5765970393811047,8
2024-01-02 01:55:00,S009,3.465856380311696,129.54531998737374,10.629268351474543,0,-0.4981298940864929,0.02675400686325032,0.12596810835618358,8
2024-01-02 02:00:00,S008,2.670934952071476,122.90232544663098,23.80445771829112,0,-0.627786836767664,0.02173217587338475,-0.18152408474296713,7
2024-01-02 02:05:00,S002,2.6921436195493,100.74012589917476,23.92125460489075,0,-0.3873797452231731,0.0267236475560541,-0.5647140460629176,1
2024-01-02 02:10:00,S010,3.4194093737417885,191.4613756617061,13.610390677487574,0,0.8879919321954195,0.017859525775083544,1.5267497101458825,9
2024-01-02 02:15:00,S001,3.468716218982809,92.88601838587402,22.23920408452926,0,-0.29259115015607495,0.03734379273530029,-0.5925708748439672,0
2024-01-02 02:20:00,S009,3.3160248687741274,145.41061455947374,13.315950571805928,0,-0.14983151153756857,0.02280455851584211,0.473746352465861,8
2024-01-02 02:25:00,S007,2.770891897262952,58.07873104970392,14.800897487814751,0,-0.803593184831072,0.0477092361817362,-1.6586847858379616,6
2024-01-02 02:30:00,S002,2.6619155719696965,152.79470241738102,11.378063315650673,0,-0.030228047579603512,0.017421517432744955,0.614445264193865,1
2024-01-02 02:35:00,S007,3.7610545420168,159.9202317149376,18.133558082377725,0,0.9901626447538479,0.023518315984470337,0.7192375893743502,6
2024-01-02 02:40:00,S006,3.347532989288524,153.3327953075136,23.09984373791212,0,0.20840791345296683,0.021831813490105795,0.6078183869889149,5
2024-01-02 02:50:00,S010,3.4863404691670343,96.63933950113312,21.13522075858764,0,0.06693109542524578,0.036075789495285185,-0.7371470477275578,9
2024-01-02 02:55:00,S002,3.033076853028609,167.5687676728096,18.31339771198025,0,0.37116128105891244,0.018100490294049965,0.9491127951108982,1
2024-01-02 03:00:00,S006,3.7490207040205648,51.65474213936987,21.24318226703333,0,0.4014877147320406,0.07257844194013266,-1.6738363172104538,5
2024-01-02 03:05:00,S003,3.7629555572450633,120.54785811526784,17.530753202326707,0,0.9851622054438613,0.031215449330794176,0.09879977973763433,2
2024-01-02 03:10:00,S004,3.583106407304105,182.9293670697612,18.895665012801764,0,-0.4119388734753602,0.01958737661701848,1.3608066346145014,3
2024-01-02 03:15:00,S008,2.767558876460994,54.36070705159306,12.503276767823063,0,0.09662392438951839,0.050911016910159555,-1.6940740230426108,7
2024-01-02 03:20:00,S001,3.382303400422586,122.14593348291857,19.63488288857841,0,-0.08641281856022287,0.027690675437988903,0.0634175090546128,0
2024-01-02 03:25:00,S007,3.554415161468015,57.920594070279215,17.298964933656297,0,-0.20663938054878495,0.0613670356443775,-1.6623771652635024,6
2024-01-02 03:30:00,S003,3.2473835233951807,61.55874187014968,10.878263938659687,0,-0.5155720338498826,0.052752597343811804,-1.3799207284453854,2
2024-01-02 03:35:00,S006,2.814762992284614,173.76960014991727,17.80444865377981,0,-0.9342577117359507,0.016198247505284206,1.0664201250686531,5
2024-01-02 03:40:00,S001,3.1510290492608126,63.29006445194258,13.309179290668167,0,-0.23127435116177342,0.04978710443809994,-1.256093032261899,0
2024-01-02 03:45:00,S009,3.899669997015336,146.38477993027874,16.318720799411082,0,0.5836451282412085,0.026639859680810406,0.4951007320263138,8
2024-01-02 03:50:00,S006,3.9866896477319553,162.08293816130566,21.099795800284177,0,1.1719266554473413,0.024596602780722163,0.8041715230167613,5
2024-01-02 03:55:00,S004,3.0433531624784327,100.17669331128982,10.392950627980971,0,-0.5397532448256723,0.03037985245447956,-0.5585369586677096,3
2024-01-02 04:00:00,S006,3.277118149358224,94.80883603831596,24.110188676730107,0,-0.7095714983737311,0.03456553509092926,-0.7054587934279617,5
2024-01-02 04:05:00,S003,3.065371247104558,119.25992204185732,17.213590011296045,0,-0.18201227629062267,0.02570328065258717,0.0665142056146543,2
2024-01-02 04:10:00,S004,2.7002199586239155,62.0902270635687,20.91908960460648,0,-0.3431332038545172,0.04348864685942463,-1.4419043673955678,3
2024-01-02 04:15:00,S009,2.510543805720429,58.5920376616435,13.378355534027346,0,-1.389126191294907,0.042847866459087905,-1.4293769770388776,8
2024-01-02 04:20:00,S004,3.485432734400709,193.4921931625187,11.034370245346318,0,0.7852127757767935,0.01801329902386851,1.6057980248294046,3
2024-01-02 04:25:00,S007,2.870468198608,185.9381870781555,13.743192997742591,0,-0.683946962860015,0.01543775511399967,1.326737261034153,6
2024-01-02 04:30:00,S010,3.767184154429032,90.220853014327,12.34572706605172,0,0.28084368526199777,0.041755137843944516,-0.8903898100252183,9
2024-01-02 04:35:00,S002,3.859656180016617,70.88680566763927,17.986310234128258,0,0.826579326988008,0.054448160600839686,-1.2409623770964107,1
2024-01-02 04:40:00,S002,3.5986730977571346,132.24808755896362,11.919823128003795,0,-0.2609830822594823,0.027211532233920047,0.14901582791577922,1
2024-01-02 04:45:00,S010,2.178009719083582,101.45311111234344,20.962314474710947,1,-1.5891744353454502,0.021468141242678068,-0.6222172024613413,9
2024-01-02 04:50:00,S008,3.0073946579985225,96.30481150597927,24.205539816080844,0,0.23983578153752827,0.03122787543693519,-0.7684677404645414,7
2024-01-02 04:55:00,S001,2.7268702431024017,83.79753949268526,13.76449992010447,0,-0.42415880615841095,0.03254117315717868,-0.7963286971570418,0
2024-01-02 05:00:00,S001,3.970775233001659,84.11142437920684,16.059668144898225,0,1.2439049898992574,0.04720851253960203,-0.7892916008853483,0
2024-01-02 05:05:00,S001,3.3153073260139694,62.25880186201674,16.874509622929846,0,-0.6554679069876896,0.053250419640730184,-1.2792132729562695,0
2024-01-02 05:10:00,S002,3.496281871758126,82.41356797779613,11.463437653589496,0,-0.10239122599900874,0.04242361976459821,-0.9798539404465679,1
2024-01-02 05:15:00,S007,3.3181478041103585,59.340965882282845,17.687539731554978,0,0.4476796055023584,0.055916646354114634,-1.6292125526957173,6
2024-01-02 05:20:00,S003,3.6794172990760496,80.20456732039617,13.879312523320582,0,0.6140460519714916,0.04587540861506042,-0.9125130736042745,2
2024-01-02 05:25:00,S004,3.279078789255906,80.73219112260688,23.16745117228061,0,-0.20635394514480287,0.040616744612689215,-1.0095275914216153,3
2024-01-02 05:30:00,S009,3.340273387562368,162.60942604990208,18.3697110817396,0,0.829729581841939,0.020541695942840835,0.8507562109170925,8
2024-01-02 05:35:00,S003,3.86383030879234,130.80526969290713,17.467187620514352,0,0.18441300971629015,0.02953879700388299,0.3559293288175364,2
2024-01-02 05:40:00,S009,3.096072085727975,64.01119579629434,16.616082373761756,0,-0.24420130183439293,0.04836766516746641,-1.310585277833,8
2024-01-02 05:45:00,S008,2.9307069371268635,168.9281628550759,18.663900488217365,0,-0.07668772087165898,0.017348835667310485,0.8341563027713825,7
2024-01-02 05:50:00,S008,3.280285784877332,117.14044104803254,18.36730287893802,0,0.34957884775046866,0.028003017192433532,-0.30867512225364085,7
2024-01-02 05:55:00,S003,3.8457795114469286,75.32813100165292,17.605766557981617,0,-0.01805079734541115,0.05105369613978614,-1.0347540368594395,2
2024-01-02 06:00:00,S008,3.8409845650118055,148.14388284874428,12.281564248334092,0,0.5606987801344734,0.025927392281692777,0.37549684626436625,7
2024-01-02 06:05:00,S006,3.785310904112641,67.64659822389878,21.095954981283107,0,0.5081927547544169,0.05595715088324667,-1.3149791938958966,5
2024-01-02 06:10:00,S007,1.87007580783712,178.7783278499817,14.845167975793208,1,-1.4480719962732385,0.010460304837965338,1.1595599379307735,6
2024-01-02 06:15:00,S005,3.339633525457574,129.10994331840146,20.79030433553737,0,0.2582406782334199,0.025866586564622283,-0.030232701198963336,4
2024-01-02 06:20:00,S005,3.96018608496426,100.5260752791655,14.44734671924973,0,0.6205525595066859,0.03939461551217131,-0.7175163279728366,4
2024-01-02 06:25:00,S009,3.2067518483992217,173.24553465657075,16.888977957598208,0,0.1106797626712468,0.01850986725037937,1.0839070773303747,8
2024-01-02 06:30:00,S003,3.819732870927543,128.8152368818539,13.665099111796993,0,-0.026046640519385544,0.029652803217172032,0.3060438157436727,2
2024-01-02 06:35:00,S001,2.859811169133917,71.29579846414909,15.2191211737325,0,-0.4554961568800522,0.04011191725653858,-1.0766096503323426,0
2024-01-02 06:40:00,S009,3.153258181597239,136.58745961529195,21.07103685007776,0,-0.05349366680198253,0.023086000649311066,0.28033668584729765,8
2024-01-02 06:45:00,S003,2.5466733998760365,160.894210274716,11.59515589383662,0,-1.2730594710515066,0.015828247612946926,1.1101893743984574,2
2024-01-02 06:50:00,S007,2.750698017206832,148.29236145374873,24.876139257517583,0,0.8806222093697118,0.0185491551287978,0.44773557212662174,6
2024-01-02 06:55:00,S003,3.5412258602647464,126.89821297175794,14.57966015045097,0,0.9945524603887099,0.027906034112346483,0.25798846670679504,2
2024-01-02 07:00:00,S005,3.112459514139177,163.8873099591264,23.55411766520193,0,-0.847726570825083,0.0189914613567427,0.8059702452207768,4
2024-01-02 07:05:00,S002,3.476152821338121,181.13400862075272,10.00282599334873,0,-0.0201290504200049,0.019191055548405413,1.256397595594275,1
2024-01-02 07:10:00,S006,2.840095574385266,107.24179098008,11.932730680003822,0,-0.9452153297273753,0.026483104656914752,-0.42646338344441903,5
2024-01-02 07:15:00,S004,2.5270001334178227,113.21660623688712,10.407625241362664,0,-0.7520786558380834,0.022320048420346485,-0.25609267265283103,3
2024-01-02 07:20:00,S009,2.9383273456928465,186.61552424658728,21.30942855395176,0,-0.21493083590439266,0.01574535321966456,1.3769865081754555,8
2024-01-02 07:25:00,S007,3.4320167458802944,133.87772102439897,19.42357165694922,0,0.6813187286734625,0.02563545838219386,0.11116456930662758,6
2024-01-02 07:30:00,S004,2.6688705856179054,155.55289661911937,18.110477149673656,0,0.14187045220008265,0.017157318464992796,0.7258440312371068,3
2024-01-02 07:35:00,S001,3.2031519481967585,95.18978911400006,18.975362264466384,0,0.34334077906284133,0.033650163296655024,-0.5409218241955289,0
2024-01-02 07:40:00,S009,2.5722142539675303,185.4342492787981,22.783958115867723,0,-0.36611309172531614,0.013871300818661201,1.351092142820847,8
2024-01-02 07:45:00,S009,3.9835425375252607,143.92642573897075,17.969747808520886,0,1.4113282835577303,0.027677631239680443,0.4412119056848063,8
2024-01-02 07:50:00,S003,2.9016650132325013,168.3741269883097,18.600240184528268,0,-0.6395608470322451,0.017233437612784952,1.2976935607288866,2
2024-01-02 07:55:00,S005,3.398467762265816,67.23994955893502,11.407859272350343,0,0.28600824812663905,0.05054239011261713,-1.5178631940739786,4
2024-01-02 08:00:00,S001,2.5970303402726973,193.37367255811284,10.377129374159091,0,-0.6061216079240612,0.013430113343676265,1.6602973800220424,0
2024-01-02 08:05:00,S006,3.151893941288068,166.08194835952344,19.02885146522697,0,0.3117983669028024,0.01897794415486548,0.8939092800508776,5
2024-01-02 08:10:00,S008,3.922162480257163,116.78691684271824,21.8320339585804,0,0.08117791524535756,0.03358392006532258,-0.31647655775307293,7
2024-01-02 08:15:00,S004,3.0767669914672187,123.15006029318968,19.783363893182088,0,0.4078964058493133,0.02498388538253544,-0.025698770725574416,3
2024-01-02 08:20:00,S007,3.975760469283157,90.34384187397066,16.104578644513957,0,0.5437437234028626,0.04400698914696653,-0.905318736962362,6
2024-01-02 08:25:00,S006,2.568473118253576,71.00361463299765,14.152214616869584,0,-0.5834208230344924,0.036173836095073755,-1.2396477723822645,5
2024-01-02 08:30:00,S001,3.4337795435946177,120.46156444860256,16.712022119836867,0,0.8367492033219204,0.028505188016005385,0.025655044021986165,0
2024-01-02 08:35:00,S006,3.7812039964757567,57.42452802404999,22.499756072095188,0,1.2127308782221808,0.06584649671362879,-1.5443623678594245,5
2024-01-02 08:40:00,S007,3.7038785193697192,135.80729650539513,17.690015889346245,0,-0.2718819499134377,0.027273045074937097,0.15621870422167017,6
2024-01-02 08:45:00,S009,3.725023263176077,92.68434526443464,22.27310003122372,0,-0.25851927434918354,0.040190425385715704,-0.682049984661684,8
2024-01-02 08:50:00,S007,2.2197949571861497,146.2231966959533,20.533881490474965,1,-1.4840835621835695,0.015180867380775662,0.3994221326798072,6
2024-01-02 08:55:00,S003,3.116531612898319,186.14165038348324,20.710489667002847,0,0.21486659966581767,0.016742795641439243,1.743084217454296,2
2024-01-02 09:00:00,S010,3.932590767227484,173.17974238253396,10.023476577872094,0,1.7545810481439021,0.022708145380617127,1.0902717353504203,9
2024-01-02 09:05:00,S007,2.5608381063170222,180.7396590932346,13.850413424650688,0,0.3410431491308725,0.014168656281764516,1.2053555459890724,6
2024-01-02 09:10:00,S004,3.0535795326413746,68.15375007277896,16.28421685281213,0,-0.023187458825844054,0.04480427751858883,-1.3012686209976383,3
2024-01-02 09:15:00,S010,2.981621645630576,162.47761466546996,16.190129891250947,0,-0.9509691215969078,0.01835096884937668,0.8347561060511319,9
2024-01-02 09:20:00,S003,3.390491186812808,51.51967760416151,19.54144069614313,0,0.2739595739144889,0.06580963514959659,-1.6315768161785622,2
2024-01-02 09:25:00,S003,3.5859595831991404,68.08376246055354,23.536799609287627,0,0.19546839638633262,0.05266982101275734,-1.2163535761040385,2
2024-01-02 09:30:00,S008,3.730018943679034,154.23235605139388,17.9873904915572,0,-0.19214353657812921,0.024184412654594076,0.5098549192519363,7
2024-01-02 09:35:00,S010,3.865201955173201,171.20339448598293,13.240770475175308,0,0.8835803095426247,0.022576666581595687,1.0430859990321755,9
2024-01-02 09:40:00,S006,3.768406544484861,153.8739240003838,16.448966160852223,0,-0.01279745199089577,0.02449022190550336,0.6199613105520044,5
2024-01-02 09:45:00,S005,3.7926137423774433,138.54283144297398,13.394186623213477,0,0.3941459801116274,0.027375026932842654,0.19657598516599395,4
2024-01-02 09:50:00,S009,3.1464778307699444,97.83002274817082,18.73298119891171,0,-0.5785454324061328,0.03216270161306028,-0.569253170715632,8
2024-01-02 09:55:00,S004,3.0894613380179368,128.87188983099855,17.675220798722677,0,0.03588180537656216,0.02397312045186656,0.10701182781411483,3
2024-01-02 10:00:00,S005,3.835145552775713,101.8816191106786,12.316896208349856,0,0.0425318103982697,0.037643154730717325,-0.6849230106690186,4
2024-01-02 10:05:00,S003,3.0109062498719377,60.75678332714765,16.14443342342848,0,-0.5750533333272028,0.049556709300490935,-1.400023971547418,2
2024-01-02 10:10:00,S005,3.296628017327864,176.25850426170143,18.70332278177544,0,-0.5385175354478489,0.018703369978938046,1.103428912330734,4
2024-01-02 10:15:00,S001,2.710829451367541,122.83845494890969,10.413050798041985,0,-0.7229500922270766,0.02206824770202729,0.07894339270068246,0
2024-01-02 10:20:00,S004,2.6489533041305395,81.32961060586099,23.88455995038004,0,-0.44050803388739723,0.03257058879381795,-0.995671202188411,3
2024-01-02 10:25:00,S006,3.634320420925265,118.7784513322836,14.338671579589818,0,-0.13408612355959582,0.03059747268847825,-0.16758081692019378,5
2024-01-02 10:30:00,S010,1.612130194647945,147.90974695173702,16.661915697486275,1,-2.253071760525256,0.01089941824499902,0.48694509268710634,9
2024-01-02 10:35:00,S004,1.6798064393921592,221.75817828990952,21.603083373018457,1,-0.9691468647383803,0.007574946963716307,2.2613917959794763,3
2024-01-02 10:40:00,S005,3.7504749429063775,116.0662025468636,14.534998740272409,0,0.45384692557851336,0.03231323899882854,-0.3438623839226319,4
2024-01-02 10:45:00,S001,3.261169549179613,151.60809822780757,13.525558222057375,0,0.550340097812072,0.021510523429060152,0.7239401993308264,0
2024-01-02 10:50:00,S001,3.370701401490544,70.87950520185433,16.66065623803304,0,0.10953185231093077,0.047555374313290315,-1.0859426761957083,0
2024-01-02 10:55:00,S003,3.673582494190131,160.18668846821197,14.507340784006486,0,0.6626762443181935,0.02293313214156243,1.0924534415372702,2
2024-01-02 11:00:00,S003,2.80196816173365,109.2706614896478,10.59189299336349,0,-0.8716143324564811,0.025642456294114057,-0.18389341837408985,2
2024-01-02 11:05:00,S003,2.6985585685524587,138.95217505408965,18.98680877560488,0,-0.10340959318119136,0.019420772415457248,0.5601533756018239,2
2024-01-02 11:10:00,S006,2.6959785157351943,168.57646914123274,11.872312209502724,0,-0.9383419051900708,0.015992614682874794,0.9498863065474208,5
2024-01-02 11:15:00,S010,2.972543557327522,88.06667649980365,16.940134075980904,1,1.360413362679577,0.033753329580872925,-0.9418212433141854,9
2024-01-02 11:20:00,S010,3.237127266292835,128.36662181081965,18.44067548533509,0,0.26458370896531314,0.025217827036154102,0.0203487250419844,9
2024-01-02 11:25:00,S009,3.0434021306478867,158.85746948299237,23.416788352363483,0,-0.10307570012205769,0.01915806754546181,0.768510724652357,8
2024-01-02 11:30:00,S004,3.709884013489416,121.4725075667439,24.941844244591618,0,2.0300775740972568,0.03054093545525588,-0.06460748426508355,3
2024-01-02 11:35:00,S001,3.770453281310591,183.96353077931224,10.93686390428607,0,0.39975187982004723,0.02049565620497236,1.4493280837250948,0
2024-01-02 11:40:00,S007,2.528674141644646,121.52652024767256,20.315830636458408,0,-0.032163964672376366,0.020807591102609543,-0.1772266709625145,6
2024-01-02 11:45:00,S010,3.4488161649487417,146.67054156815504,22.29696707477091,0,0.21168889865590668,0.023514034432817587,0.4573587943557798,9
2024-01-02 11:50:00,S009,1.8476110995436168,220.19404768926228,13.00976526105642,1,-1.1957910311042699,0.00839083126382715,2.113050995955301,8
2024-01-02 11:55:00,S004,3.7512168955010137,161.07141979302787,12.14275430951258,0,0.04133288201159768,0.02328915272547003,0.8538391958300382,3
2024-01-02 12:00:00,S009,3.64917389919338,176.88821595165982,19.20406171356188,0,1.8015627996497632,0.020629830423437204,1.1637571739611086,8
2024-01-02 12:05:00,S004,3.1106597336884416,59.90147662103624,15.23230800954219,0,-0.640557161812572,0.051929600214174726,-1.4926696653414633,3
2024-01-02 12:10:00,S002,2.5091331223597586,65.14117999662822,23.03416378418717,0,-0.9670196989783624,0.0385183860977718,-1.371114391700803,1
2024-01-02 12:15:00,S002,3.691773316736123,156.06297159000474,10.753390171959609,0,1.1826401943763645,0.023655664626188695,0.6884792931130438,1
2024-01-02 12:20:00,S002,2.9215067483630706,170.5224114945327,23.938420804477808,0,-0.7702665683730525,0.017132684921509062,1.016019815483047,1
2024-01-02 12:25:00,S007,3.214655479515687,83.90434967239996,19.60714063263766,0,0.6859813378710413,0.038313335264309946,-1.055676032280061,6
2024-01-02 12:30:00,S005,3.1241821421066387,163.94171430496948,12.817642788066612,0,-0.6262928007997388,0.019056663858622164,0.8072783682526897,4
2024-01-02 12:35:00,S010,3.3787971826802785,143.71757941841037,11.076637093397697,0,-0.07001898226846315,0.023509978362552014,0.3868561801152551,9
2024-01-02 12:40:00,S004,2.954791089191569,93.49551784154136,18.449333964307225,0,-0.15586864449687265,0.03160355872763217,-0.7134983726140867,3
2024-01-02 12:45:00,S008,2.9071140706700715,124.50431342269198,14.264111393912753,0,-0.8229048730089623,0.02334950485263051,-0.1461720333749584,7
2024-01-02 12:50:00,S009,3.6229678511893,97.6380192891675,10.00202039506728,0,-0.026206048004079996,0.03710611785444311,-0.5734620195038912,8
2024-01-02 12:55:00,S006,3.560464731183574,59.40344324327988,22.590077385340035,0,0.8644862154483799,0.059937009307738875,-1.4999555260830495,5
2024-01-02 13:00:00,S009,2.6240731922865304,189.63310580912125,22.400719898965274,0,-0.9988946589027696,0.01383763231083429,1.4431339857723298,8
2024-01-02 13:05:00,S002,2.970021876377715,168.33987076640108,23.378082172161022,0,0.048515128014644304,0.01764300912600006,0.9665801044772165,1
2024-01-02 13:10:00,S008,3.9461176247351615,63.39342867883594,20.305288997548644,0,1.03900355406509,0.06224805482764655,-1.4947434139924873,7
2024-01-02 13:15:00,S009,3.5557856374514967,50.654490447546365,12.50429633120798,0,0.9317124451649663,0.07019684938755051,-1.6033735089098249,8
2024-01-02 13:20:00,S001,2.917659112375652,69.4400976793163,20.141623471216167,0,-0.8527941689349392,0.04201692119486388,-1.1182132624687546,0
2024-01-02 13:25:00,S004,3.6727357950174033,146.6223832213874,10.722790185899443,0,0.7179447058258344,0.025048943511042195,0.5187120692574118,3
2024-01-02 13:30:00,S009,3.213951596517484,66.64662868777222,19.51636217929876,0,-0.3418340409340126,0.048223768543372944,-1.2528147637526084,8
2024-01-02 13:35:00,S007,3.651351442776877,112.47566478558184,22.33269830224635,0,0.43669596326118976,0.032463479539445284,-0.3885573326037298,6
2024-01-02 13:40:00,S009,3.804644765022566,159.5744541438185,19.71569756594382,0,0.5906931685050818,0.02384244260898525,0.7842275249463893,8
2024-01-02 13:45:00,S002,3.092101530767242,189.62109459747347,11.885864034883394,0,0.12207965438952728,0.01630673811459674,1.4486501719436349,1
2024-01-02 13:50:00,S005,3.5232908209399154,120.22312119515456,18.68762883062083,0,0.3991086788332767,0.029306266428797845,-0.24391152629623594,4
2024-01-02 13:55:00,S009,3.7349641447310766,167.30230023994508,18.15708591799356,0,-0.06968062029148925,0.02232464311101008,0.9536272630884706,8
2024-01-02 14:00:00,S005,3.866603054151075,175.73980393185573,20.640744506310863,0,0.3433122332111598,0.022001862796150365,1.0909570438132958,4
2024-01-02 14:05:00,S003,3.106434620882304,129.64065176181407,18.926975123585223,0,0.40787605232984525,0.023961886788027485,0.3267350548814947,2
2024-01-02 14:10:00,S004,2.562485227574024,109.64713693880542,21.43463548032908,0,-1.1102505674433791,0.0233702885353993,-0.3388819979704232,3
2024-01-02 14:15:00,S001,3.2819440714812087,196.40207349188205,11.8832532214398,0,0.3642849591055568,0.016710333108829214,1.7281921715055921,0
2024-01-02 14:20:00,S009,2.6803108436808643,89.83742494379092,10.263285450499431,0,-1.0546533010502124,0.02983512545088551,-0.7444564496494046,8
2024-01-02 14:25:00,S010,2.8348950782577944,146.27899382830333,18.559744358214022,0,-0.5439021044224841,0.019380055904619393,0.44801050681951665,9
2024-01-02 14:30:00,S007,3.818882672269577,151.33701379253898,18.20444877057082,0,0.16753122949269983,0.02523429382089147,0.5188259122518178,6
2024-01-02 14:35:00,S008,3.186993638505357,109.70079394317544,14.543735932497889,0,-0.7591239862298043,0.02905169163922086,-0.4728503785857467,7
2024-01-02 14:40:00,S002,3.4049377085724144,121.01013222423688,10.89574733456334,0,0.31283617780517226,0.02813762488897661,-0.10555044747324842,1
2024-01-02 14:45:00,S008,3.9140864786411687,167.77843147226127,24.86991852346331,0,0.7270928401358114,0.023328901361525683,0.8087844750722671,7
2024-01-02 14:50:00,S006,3.048521122392057,83.80719020101488,12.93749626201405,0,-0.5119436087915172,0.03637541259546232,-0.952335638494051,5
2024-01-02 14:55:00,S010,2.97272055869883,91.43559874627296,24.72479985778672,0,0.1378254804410357,0.03251163222130578,-0.8613874912020277,9
2024-01-02 15:00:00,S001,3.017788312741316,187.6228764697985,14.357567585071305,0,-0.26415575873989283,0.016084330276570743,1.5313682488338032,0
2024-01-02 15:05:00,S009,3.534999605963415,153.51448373567652,23.95910207269805,0,0.8546887622825508,0.023027140630064308,0.6513887769280304,8
2024-01-02 15:10:00,S008,2.7014122763534134,193.6901181585156,17.9448958591843,0,-1.2126742022877552,0.01394708362975499,1.3805935600671295,7
2024-01-02 15:15:00,S005,3.943465304481676,143.1362885326562,23.929904305223243,0,0.0768622503306009,0.02755042305925432,0.30702317319853956,4
2024-01-02 15:20:00,S003,2.748624669730234,116.83124581128364,13.137781981118916,0,-0.35780995115207004,0.02352645176731913,0.005632918040132385,2
2024-01-02 15:25:00,S002,3.7806773825570006,86.2965695475568,24.409404632698,0,0.3757396739845862,0.04381028587741742,-0.891894768381772,1
2024-01-02 15:30:00,S008,3.567584208619073,197.17155976877328,18.54309669350656,0,0.8661719322656598,0.018093807304775125,1.4574206676857366,7
2024-01-02 15:35:00,S003,2.764143206995892,82.09355580323553,10.195443516356256,0,0.015518537265658328,0.03367064783116927,-0.8651605077904534,2
2024-01-02 15:40:00,S002,3.5474667358413594,109.28088894649554,24.29345193996741,0,-0.23321064671564118,0.03246191323767139,-0.3712455570738073,1
2024-01-02 15:45:00,S010,3.2153501597019547,157.7496763058006,13.710104737286253,0,0.24262960100312458,0.020382610188467924,0.721875548352968,9
2024-01-02 15:50:00,S004,3.3476279686791344,165.74403664679116,17.483434968039127,0,0.7851427411051102,0.020197577156945448,0.9622146333211435,3
2024-01-02 15:55:00,S005,3.06547831288942,132.79854531810815,22.071296829845423,0,-0.8779869915922562,0.023083673886001372,0.058457736239521926,4
2024-01-02 16:00:00,S008,3.772063134402226,159.32921634049202,11.43098915969816,0,0.20447892578315274,0.023674648132985542,0.622330461795522,7
2024-01-02 16:10:00,S009,3.641511885243088,105.75860996035148,15.8868727934422,0,0.1065122792796731,0.034432297155417936,-0.39545304829170574,8
2024-01-02 16:15:00,S001,2.1284027786897246,108.05701284175376,19.330593435564907,1,-0.8893855340515913,0.019697035134681504,-0.252446985138898,0
2024-01-02 16:20:00,S001,2.86059836934026,78.73894186022386,23.773586300131555,0,0.7321955906505355,0.03633016016464951,-0.9097391863777271,0
2024-01-02 16:25:00,S009,2.558394944988501,55.40282274371396,12.62832658158741,0,-1.083116940254587,0.046178061294124176,-1.4992867766461542,8
2024-01-02 16:30:00,S004,3.3724334394837903,115.49212846531492,18.701332520041817,0,0.024805470804655894,0.029200547985437884,-0.20331481289144704,3
2024-01-02 16:35:00,S003,2.7157215254722207,114.51543147947,23.55636357662713,0,-0.048421681523671545,0.02371489580181112,-0.052419183153710955,2
2024-01-02 16:40:00,S004,3.734741246063289,183.3331136005445,18.16758653573842,0,0.3623078065794987,0.020371340302423595,1.3701710246936736,3
2024-01-02 16:45:00,S003,3.3907037212144235,54.92144361929127,19.540637031699525,0,0.6749821957422029,0.061737337862074304,-1.5463024216663595,2
2024-01-02 16:50:00,S003,3.260380656942752,111.41181077255274,22.16317871511877,0,-0.13032306427167173,0.029264228218192936,-0.13021976538094235,2
2024-01-02 16:55:00,S002,3.6608593326559977,102.89039088932871,22.3718178441668,0,0.11339259681463831,0.035580186844055256,-0.5160054568810913,1
2024-01-02 17:00:00,S005,2.9237086395550054,113.78422781565408,10.56356635598361,0,-0.14176967333441448,0.025695201307116652,-0.39873123048038883,4
2024-01-02 17:05:00,S009,3.38564663473404,59.1996433464924,15.432643821980925,0,0.8272516897455389,0.057190321474508296,-1.4160578396457772,8
2024-01-02 17:10:00,S007,2.956298079454421,95.59137683825408,13.456249931760247,0,-0.8625845928151556,0.030926409650395326,-0.7827927458411583,6
2024-01-02 17:15:00,S006,3.597587104846319,146.09533892038797,16.239158568727824,0,0.5490659824542621,0.02462492733296926,0.4454099232389746,5
2024-01-02 17:20:00,S005,3.568931999647769,172.5169199758454,12.72420951634904,0,0.6452233600927637,0.020687431702006917,1.0134645445155237,4
2024-01-02 17:25:00,S006,3.1086267529225915,83.07326520336596,21.437243267133297,0,-0.48896035192372755,0.037420302969172724,-0.9688049096025955,5
2024-01-02 17:30:00,S007,3.316745438655797,156.39812427089143,12.509819560015906,0,0.36044735920137594,0.02120706660585592,0.6369990319651276,6
2024-01-02 17:35:00,S010,3.2228012189119246,104.2565382289371,24.238129403057684,0,0.0074510592099699124,0.030912221653915346,-0.5552847696938846,9
2024-01-02 17:40:00,S005,2.653773946099712,127.07816963101516,17.63335833386584,0,-0.915158053548057,0.020883004166619604,-0.07908559915993192,4
2024-01-02 17:45:00,S008,2.738537505610392,77.02936311922218,11.473524882836209,0,-1.0335256287918337,0.03555186482609629,-1.1938308840666203,7
2024-01-02 17:50:00,S010,3.5934715924837244,179.2536355681018,14.111073840132864,0,0.37067037357179977,0.020046854731256086,1.2352872575565776,9
2024-01-02 17:55:00,S006,3.003415681404764,196.7788202583711,22.848058356218903,0,-0.10521107151782738,0.015262901146112383,1.5827468412538588,5
2024-01-02 18:00:00,S007,3.323964657220156,96.79760304896276,17.23750630353041,0,0.007219218564359142,0.03433932816699412,-0.7546282718568221,6
2024-01-02 18:05:00,S004,3.0765325577862024,53.7790120938844,22.584959915770163,0,-0.6582086882770866,0.057206937008126776,-1.6346724856924313,3
2024-01-02 18:10:00,S002,3.156491992222305,85.24601074939292,20.573065150650727,0,-0.5043673404336926,0.03702803174135048,-0.9156924106004892,1
2024-01-02 18:15:00,S001,3.3111018506996563,114.4393915364097,14.632516360110111,0,0.4505034813593962,0.028933235365524237,-0.10935818014920166,0
2024-01-02 18:20:00,S003,3.92870067503177,84.00910734949449,23.19011530264792,0,0.6683200180890183,0.04676517580671281,-0.8171420675045433,2
2024-01-02 18:25:00,S007,2.974824497901805,172.46161774475462,17.52273192219601,0,-0.3491401593183512,0.017249197454079844,1.0120695121334944,6
2024-01-02 18:30:00,S007,3.357618974715624,174.92455651824065,23.59130590721891,0,0.3827944768138192,0.019194669069654346,1.0695772784173205,6
2024-01-02 18:35:00,S001,3.323287997616034,93.14490935655172,14.601648992832118,0,0.012186146916377538,0.03567868625582049,-0.5867667066193659,0
2024-01-02 18:40:00,S001,3.145810314260785,181.69767454772523,19.08257149923815,0,-0.17747768335524894,0.01731343189679273,1.3985290515824682,0
2024-01-02 18:45:00,S002,3.1491503193988937,152.81658248328523,14.98684235723068,0,-0.007341672823411471,0.02060738610966691,0.6149408994510448,1
2024-01-02 18:50:00,S004,3.973074305523944,167.72927344383203,21.00230119738156,0,0.8965417477377415,0.02368742333232335,1.008259689685965,3
2024-01-02 18:55:00,S006,3.4016540434364924,198.5542672997558,14.878808588868278,0,0.39823836203172824,0.017132112492599924,1.6225878587380667,5
2024-01-02 19:00:00,S008,2.601253820025733,127.80514915708926,12.690470230183156,0,-0.1372836855846593,0.02035327869791004,-0.0733304664072121,7
2024-01-02 19:05:00,S009,3.606827477251909,155.6831642041168,16.340929553408984,0,0.22118084251786918,0.023167742610185556,0.6989277546584186,8
2024-01-02 19:10:00,S003,2.8079994080601995,122.4559546338335,14.028006341014107,0,-1.1207012669715706,0.022930688966717405,0.14663133974730247,2
2024-01-02 19:15:00,S006,2.715912870358346,139.30394918879065,12.581659042341666,0,-0.6857411730781462,0.019496309228697186,0.29301119169043266,5
2024-01-02 19:20:00,S009,2.6381004791237133,139.85668807255723,19.354731674353992,0,-0.9687269981281958,0.018862883965666665,0.3520004376480697,8
2024-01-02 19:25:00,S002,3.555688466485761,105.98897216941384,18.45489956543144,0,0.4065381470868674,0.033547720988055585,-0.4458152601800989,1
2024-01-02 19:30:00,S006,2.969361091320472,90.66443806460988,18.965024240540547,0,0.25344822096212605,0.03275111117852973,-0.7984590509874115,5
2024-01-02 19:35:00,S010,3.1736271175164203,141.8387226142767,13.196275130272124,0,-0.41984447496730404,0.022374899172796354,0.34199806485411804,9
2024-01-02 19:40:00,S008,3.381378806664103,155.17093916262104,20.201678281704588,0,0.7801249866383699,0.02179131495042679,0.5305672085181977,7
2024-01-02 19:45:00,S004,3.904400709119829,131.2985112334649,24.094772669402623,0,-0.06867359640411497,0.029736823914781153,0.16329424179072027,3
2024-01-02 19:50:00,S010,3.609112344746968,82.20017959588051,19.974917743566607,0,0.4354852272305476,0.04390638027862382,-1.0818851341420062,9
2024-01-02 19:55:00,S002,2.6389382245770507,162.2576524514347,23.718229957728383,0,-0.9167502419087104,0.016263875290592363,0.8288034701672912,1
2024-01-02 20:00:00,S009,3.157577470046142,199.4393429787316,13.437579268212431,0,0.5194769909224286,0.015832269715331675,1.6580934955798254,8
2024-01-02 20:05:00,S002,3.57107908506719,63.70872294976646,12.989055047002012,0,0.9321408604901391,0.05605322033094917,-1.403562932757692,1
2024-01-02 20:10:00,S001,2.821609724489747,90.62094920554588,13.713396554198296,0,-0.32420058977103805,0.03113639560073935,-0.6433522618060921,0
2024-01-02 20:15:00,S003,2.823016572073829,139.56436552800795,18.922048220166843,0,0.015017164013629625,0.020227345004517137,0.5754995727703939,2
2024-01-02 20:20:00,S002,3.7076354777434943,173.44757075626512,23.99065762199142,0,0.13655639267630448,0.021376116490785784,1.0822815931818681,1
2024-01-02 20:25:00,S010,3.270416569816487,88.00357550894921,24.81489388511877,0,-0.3386957749304811,0.03716231471881833,-0.943327793209107,9
2024-01-02 20:30:00,S001,3.881149912695036,137.6673364636139,18.074979148835705,0,1.0595401882052893,0.028192235079952454,0.4113973313943358,0
2024-01-02 20:35:00,S006,3.789735753086914,55.25118722102085,21.810600175076583,0,0.8203746617664418,0.06859102841068294,-1.5931321181895137,5
2024-01-02 20:40:00,S006,3.141402000555006,116.38182722221184,19.739834868653222,0,-0.648333752531908,0.026992203811056315,-0.22136104288400169,5
2024-01-02 20:45:00,S002,3.250120177407374,167.76465711435614,18.982681001191587,0,-0.4575153003361203,0.019373092241938724,0.9535501544024452,1
2024-01-02 20:50:00,S007,2.5842641160211586,123.66435940747478,23.90665943287641,0,-0.7733548586944656,0.02089740429816985,-0.12730973592628325,6
2024-01-02 20:55:00,S006,3.482760571786507,89.03548969778441,12.392383938120377,0,0.3413585712315008,0.03911654311350418,-0.835012639379972,5
2024-01-02 21:00:00,S010,3.913796961280175,162.01649593005772,20.80848322966609,0,0.6433803914636882,0.024156780694283054,0.8237467958489477,9
2024-01-02 21:05:00,S004,2.933781169443925,96.47103129837036,13.74935419596432,0,-0.9706195396759041,0.030411006596022302,-0.6444851017346656,3
2024-01-02 21:10:00,S005,3.613796249260632,61.49537097128732,23.08953703820253,0,0.9600223031609199,0.05876533780665034,-1.6559884751096514,4
2024-01-02 21:15:00,S007,3.929222525503759,99.01138130450612,15.316374231895823,0,1.3449584094826004,0.039684554172845284,-0.7029382161012699,6
2024-01-02 21:20:00,S001,2.9779134441454107,185.5337665148796,11.16461163983172,0,-0.9032364685496255,0.016050520074716856,1.484531753971516,0
2024-01-02 21:25:00,S009,3.788225156752232,151.5411174495256,22.568625622777056,0,0.63064768670609,0.024998001996151382,0.6081312213330846,8
2024-01-02 21:30:00,S009,2.5198765502558658,94.39143332879848,16.887838505988427,0,-1.268348606496366,0.026696030149381156,-0.644629432092236,8
2024-01-02 21:35:00,S004,2.844397241130953,67.632695022533,12.479267352144362,0,-0.08938392831297204,0.04205654143698884,-1.3133538338012252,3
2024-01-02 21:40:00,S006,3.6841482912927854,94.51800230297758,18.12054415235903,0,0.20138771950627854,0.03897827081758944,-0.7119851001352443,5
2024-01-02 21:45:00,S010,3.822493723499069,68.2243086631648,19.519588847310708,0,-0.09130323778110627,0.056028324769270985,-1.4155620954704178,9
2024-01-02 21:50:00,S010,3.411629024643479,86.80284712493166,10.865982388376755,0,-0.41086469885558996,0.03930319266302676,-0.9719954447986668,9
2024-01-02 21:55:00,S008,3.424450728888586,133.53176647581438,16.236626552849827,0,0.043071922224483306,0.025645214011696456,0.05304231081817103,7
2024-01-02 22:00:00,S010,3.117797110626244,163.03919461186294,13.055007066590273,0,-0.29383191401723474,0.01912299136325689,0.8481639495377754,9
2024-01-02 22:05:00,S001,3.4471283818275644,129.87560996239728,11.73091963268376,0,0.4692149376821537,0.026541768562705417,0.23671185953426507,0
2024-01-02 22:10:00,S007,2.714262947221498,153.81104705365533,13.09378170754229,0,-1.214959578282261,0.017646736037744994,0.5765927264699865,6
2024-01-02 22:15:00,S007,3.65948008195838,192.71630430885216,21.64733953976527,0,0.9452171347368821,0.018988949040366156,1.4850011958682159,6
2024-01-02 22:20:00,S003,3.341017442408425,144.26396849218804,20.32947443961813,0,0.5180008703345957,0.023159056811595694,0.693307733424537,2
2024-01-02 22:25:00,S009,3.303484899021368,175.4176554810873,22.32082544351041,0,0.7836083487655023,0.01883211179497957,1.1315214700484826,8
2024-01-02 22:30:00,S003,2.928263170177768,129.73660951624896,17.65842693114007,0,-0.41275427223065675,0.02257083163241835,0.3291404935188943,2
2024-01-02 22:35:00,S003,2.5200515248890936,111.46088546644086,19.71661349425513,0,-0.4082116452886746,0.02260929037228714,-0.1289895764765414,2
2024-01-02 22:40:00,S002,2.6004604180379074,181.6025679699258,15.841074084683129,0,-0.6496597593694666,0.014319513468143029,1.2670115733833756,1
2024-01-02 22:45:00,S004,3.472477011178144,61.11581338623006,15.632033926997504,0,0.628079770047191,0.056817979148295915,-1.46450466009747,3
2024-01-02 22:50:00,S010,2.9817432289539303,83.01669888571297,15.257808014292428,0,-0.1360538816723138,0.0359173909420278,-1.0623905583256577,9
2024-01-02 22:55:00,S004,3.1963577796088374,158.4106628358207,19.85094227082412,0,-0.2761192315693064,0.020177668107605965,0.7921263038212301,3
2024-01-02 23:00:00,S002,3.4925264325997847,122.59840522696209,10.079702135025189,0,0.8920660145618773,0.028487535591097773,-0.06957230638246668,1
2024-01-02 23:05:00,S009,3.3715226400626643,113.91064664391456,18.220485349963603,0,0.06803774104129623,0.029597958918678488,-0.21675475871106795,8
2024-01-02 23:10:00,S010,3.637752821374586,52.19423883165136,13.108634496533174,0,0.6560095924206557,0.06969644355598179,-1.7982835027453408,9
2024-01-02 23:15:00,S009,3.0204439896018376,108.61327284944556,12.380183105345274,0,-0.35107865046082676,0.02780916098081805,-0.33287686084164253,8
2024-01-02 23:20:00,S005,3.4811991055418106,183.3691885910015,18.682101317679106,0,-0.13259714371882136,0.018984645850817695,1.2744014660794853,4
2024-01-02 23:25:00,S010,3.122456823100117,156.91665143252465,15.79317989225546,0,-0.5152959982744689,0.019898823957786332,0.7019868981383304,9
2024-01-02 23:30:00,S002,3.1372762643021304,186.1757770825301,17.605894701080775,0,-0.3552501682976543,0.016851151708865388,1.370605579205178,1
2024-01-02 23:35:00,S002,2.700475872115777,116.57887826319516,16.76164425829546,0,-0.43680039218635347,0.023164366582661605,-0.20592883327083672,1
2024-01-02 23:40:00,S006,3.2998770989186537,145.51425755664906,21.22349246997844,0,-0.38427119237413176,0.02267734553369954,0.43237046205943197,5
2024-01-02 23:45:00,S005,3.541961438340592,82.80734194968909,18.929548988912337,0,0.060762332798781404,0.04277351928606562,-1.1435536749059272,4
2024-01-02 23:50:00,S004,3.19228439138291,197.4958485227701,21.80062511060964,0,-0.004073388225927399,0.016163805037416875,1.6986577466534607,3
2024-01-02 23:55:00,S001,3.148519339605021,54.67236391900866,13.89364673912574,0,-0.2986090422225436,0.05758886415984009,-1.4492963080325885,0
2024-01-03 00:00:00,S003,3.736490337818904,144.5059817719973,22.87180591376655,0,1.2164388129298103,0.02585699423471478,0.6993744457756688,2
2024-01-03 00:05:00,S008,2.9879359275426216,185.1441343535702,24.94236510248168,0,-0.43651480134596454,0.016138431486439474,1.192004093119035,7
2024-01-03 00:10:00,S001,2.43783048876936,75.79146619708948,11.423769052325046,1,-0.7106888508356608,0.03216497332441535,-0.9758196856008851,0
2024-01-03 00:15:00,S010,2.508577872041184,119.8738629834687,18.56743447933541,0,-0.6138789510589331,0.020926812646205148,-0.18241774099426536,9
2024-01-03 00:20:00,S003,2.533638833743083,104.06402407122292,21.756073766128544,0,-1.202851504075821,0.024346923503222928,-0.31441175835574925,2
2024-01-03 00:25:00,S005,2.848027270463216,52.15721691081276,21.46530079654641,0,-0.693934167877376,0.05460466333522374,-1.8805193322087128,4
2024-01-03 00:30:00,S007,3.755679441745978,142.9289300054455,18.450930260689603,0,0.09619935978759786,0.02627655185930604,0.3225034853493352,6
2024-01-03 00:35:00,S010,3.0858904113726733,60.39924955816471,19.5748335968774,0,0.5773125393314893,0.05109153563058815,-1.6023870852647595,9
2024-01-03 00:40:00,S009,2.8433131937252485,139.52778153316393,23.92273147170927,0,-0.1771307958765891,0.02037811511283614,0.34479057852906236,8
2024-01-03 00:45:00,S005,3.4496089802492698,120.39278409886856,16.645890434956314,0,0.6015817097860539,0.028652954625003637,-0.23983207366115233,4
2024-01-03 00:50:00,S010,3.57265024192555,138.97373285592022,10.800219954833466,0,0.48675983055287686,0.025707377705486183,0.2735958106112301,9
2024-01-03 00:55:00,S007,3.795462131944924,66.50949263016729,23.87570763014521,0,0.0397826901989462,0.05706647248805983,-1.4618328495319213,6
2024-01-03 01:00:00,S009,3.4729584351532234,91.29323201777902,12.34309853029933,0,0.629645241427975,0.03804179519130684,-0.7125441504069826,8
2024-01-03 01:05:00,S008,3.557708718355845,118.27579876004846,20.016408874047293,0,0.5697727908132233,0.03007976911043936,-0.2836204871652166,7
2024-01-03 01:10:00,S004,3.5280930151690084,53.74493331800858,12.57151265065814,0,0.33580862378609844,0.06564512776742774,-1.635462899792344,3
2024-01-03 01:15:00,S004,3.941380220393237,130.39026182781774,17.32743448989858,0,0.4132872052242287,0.030227565807756502,0.14222854567896429,3
2024-01-03 01:20:00,S005,3.750687926378241,146.3866415485451,11.178367463855906,0,0.3010789461289711,0.02562179093970272,0.3851761511646114,4
2024-01-03 01:25:00,S006,3.553960308787344,59.97914123162829,13.461919808897976,0,0.2540832098686905,0.059253270974155454,-1.4870368678044428,5
2024-01-03 01:30:00,S007,3.824372224778083,148.85681151983488,13.168477472093963,0,0.02891009283315915,0.025691617235880246,0.46091505625704887,6
2024-01-03 01:35:00,S005,3.700110148115302,182.68749393817816,11.878308392752473,0,-0.05057777826293908,0.02025376815976735,1.2580104873392515,4
2024-01-03 01:40:00,S001,3.433945800397987,196.0073928747232,16.975142762896414,0,0.996115311628627,0.017519470821274457,1.7193436871765218,0
2024-01-03 01:45:00,S004,3.0212606236377715,115.30904692636034,15.939423831214071,0,-0.9201195967554656,0.026201418743016937,-0.20756115760613672,3
2024-01-03 01:50:00,S003,3.3278157046317784,168.41141328703785,16.24327088268024,0,0.7941768708886956,0.019760036683275733,1.298628241872005,2
2024-01-03 01:55:00,S002,2.902843251180464,65.14671602266417,12.512366336411617,0,0.20236737906468694,0.04455855072917254,-1.3709889876138095,1
2024-01-03 02:00:00,S009,3.9516421979043432,115.96107297618629,14.175527224939849,0,0.4786837627511198,0.034077316604125225,-0.17180799353926193,8
2024-01-03 02:05:00,S008,2.8295601855871007,53.07812220939879,22.39927518253733,0,-0.7281485327687442,0.053309349827620006,-1.722377609525556,7
2024-01-03 02:10:00,S004,2.815760409498014,171.35354604375146,12.203828853756562,0,-0.20550021413975728,0.016432460689285912,1.092320108268531,3
2024-01-03 02:15:00,S008,2.6241052534272846,122.68069926200162,14.536292669178046,0,-0.20545493215981603,0.021389715489061954,-0.18641484571033565,7
2024-01-03 02:20:00,S005,3.2177441743839426,167.08340403308208,14.554359072157604,0,-0.48236597373135925,0.01925831109805648,0.8828185963132011,4
2024-01-03 02:25:00,S007,2.6234084864155927,118.93760858204344,14.596952020642306,0,-1.2009637383624905,0.02205701390393594,-0.23767580944667738,6
2024-01-03 02:35:00,S007,3.7601621176588,198.4176696447585,23.342789665656447,0,1.1367536312432072,0.01895074226101628,1.6181237845275924,6
2024-01-03 02:40:00,S002,3.206301034334765,148.4082532963556,18.39368281698013,0,0.3034577831543013,0.021604600572422843,0.5150818140231437,1
2024-01-03 02:45:00,S009,3.789692012217469,111.02072014275852,14.92349658517509,0,-0.16195018568687436,0.03413499756624761,-0.28010394895840907,8
2024-01-03 02:50:00,S008,2.794628823808026,192.7167238494638,12.63237441072036,0,0.1705235703807415,0.014501226296509552,1.3591130707443955,7
2024-01-03 02:55:00,S010,3.8044091237121664,110.41637498493498,24.55353016622315,0,0.2317588817866163,0.034455117041169686,-0.40821732603217953,9
2024-01-03 03:00:00,S006,2.6974803831898875,178.20551751397963,12.47953429206942,0,-0.8564799255974567,0.015136907210669895,1.1659620754285327,5
2024-01-03 03:05:00,S006,3.738566427341,92.85613514913356,23.90685672796674,0,1.0410860441511125,0.040261921529837284,-0.7492773858466174,5
2024-01-03 03:10:00,S009,3.678464655293691,87.91976660236595,24.083424400619126,0,-0.11122735692377805,0.04183888102787927,-0.7864928485168966,8
2024-01-03 03:15:00,S005,2.76268471019553,150.91469216187,13.307563951534709,0,-0.4550594641884125,0.01830626740469531,0.49405067589547697,4
2024-01-03 03:20:00,S007,3.383399612418346,162.75142580343788,19.352167457789445,0,-0.37676250524045374,0.020788755585445625,0.7853438400446328,6
2024-01-03 03:25:00,S004,3.625398645908264,72.80728511367377,16.87485391881363,0,0.8096382364102497,0.049794448999849354,-1.1933357620192735,3
2024-01-03 03:30:00,S010,2.8556270627760103,192.2754414827292,24.169985982566427,0,-0.9487820609361561,0.014851751428088616,1.5461857088602418,9
2024-01-03 03:35:00,S007,2.5096528172451937,165.8774429119106,20.53732512382703,0,-0.8737467951731523,0.015129560554093252,0.8583339862912834,6
2024-01-03 03:40:00,S001,3.5561249069820087,190.275813008974,15.637075237691295,0,0.12217910658402165,0.01868931657975571,1.5908453712775048,0
2024-01-03 03:45:00,S005,3.6443400033315454,56.81787506536939,19.69900665922993,0,0.8816552931360153,0.06414073033349624,-1.768456330965494,4
2024-01-03 03:50:00,S004,3.2647810143256866,125.1913466938594,10.753645147344733,0,-0.3606176315825773,0.02607832809761635,0.021646285297808168,3
2024-01-03 03:55:00,S004,3.892575258454461,199.4597440518583,21.94011103640925,0,0.6277942441287743,0.01951559336829019,1.7442078193028674,3
2024-01-03 04:00:00,S001,3.660071571673375,187.2448797616953,12.83708650034477,0,0.10394666469136649,0.019546978139728263,1.5228938069618698,0
2024-01-03 04:05:00,S008,2.7997619069229094,58.328754921372585,18.52697347761909,0,0.005133083114883252,0.047999685750484536,-1.6065086765984486,7
2024-01-03 04:10:00,S010,3.516089694833309,134.86723322614944,23.93717075817531,0,0.6604626320572988,0.02607074832384762,0.17555223788828828,9
2024-01-03 04:15:00,S005,3.624139008971213,114.66686076455076,11.31322996041671,0,-0.02020099436033229,0.03160580994797371,-0.3775087992336748,4
2024-01-03 04:20:00,S008,2.5451558083169785,194.2238486861168,20.0180186005122,0,-0.25460609860593086,0.013104239388743328,1.39237171902362,7
2024-01-03 04:25:00,S001,3.480075247718021,78.84648440504412,14.43481812418728,0,-0.17999632395535414,0.04413735467771869,-0.9073281520345648,0
2024-01-03 04:30:00,S004,3.6086004639090574,91.61970195874312,14.224240631584475,0,-0.2839747945454034,0.039386729997661026,-0.757005549280475,3
2024-01-03 04:35:00,S001,3.559369243832893,143.40343114246963,24.85163269130299,0,0.0792939961148722,0.02482067001624595,0.5399968664849855,0
2024-01-03 04:40:00,S008,2.3622945602677774,228.4943974398462,11.3348457228452,1,-0.18286124804920112,0.010338522898734501,2.1486409408005747,7
2024-01-03 04:45:00,S002,3.892945843173091,59.2712691033834,11.385407921670678,0,0.6866448088383259,0.06568014995133734,-1.5040817606261174,1
2024-01-03 04:50:00,S008,3.012137904406448,117.3168205991922,23.698490206321843,0,0.6498433441386706,0.025675243232515937,-0.3047828465024869,7
2024-01-03 04:55:00,S006,3.492870448955517,162.6765705431064,21.308021240648696,0,-0.24569597838548285,0.021471256967611423,0.8174926289417626,5
2024-01-03 05:00:00,S005,2.67219539087692,191.22993654266617,21.763092615479003,0,-0.9519436180942931,0.013973729422542465,1.463408893414355,4
2024-01-03 05:05:00,S010,3.5756808527082904,178.41987485206153,15.351530674349087,0,0.05959115787498126,0.02004082143579963,1.215381038935735,9
2024-01-03 05:10:00,S007,2.660585767831279,116.0087069764098,20.94567859746133,0,0.15093295058608547,0.022934362746952795,-0.3060634570887264,6
2024-01-03 05:15:00,S004,3.746423756582603,67.98366402090682,21.02388771092341,0,0.13782329267354543,0.05510770579943146,-1.3052135518275505,3
2024-01-03 05:20:00,S010,2.949913104665534,139.4122932857459,16.50765884282866,0,-0.6257677480427564,0.02115963402458102,0.2840665363561681,9
2024-01-03 05:25:00,S005,3.032697471630719,56.78737835283318,13.268630623780204,0,0.3605020807537991,0.0534044282208948,-1.7691896079022542,4
2024-01-03 05:30:00,S005,3.7314715259487112,134.99078883581944,19.85545747351161,0,0.6987740543179921,0.02764241588521002,0.11116904436464867,4
2024-01-03 05:35:00,S009,3.913988765449946,62.41010594355062,13.809066578855443,0,0.23552411015625507,0.06271402212268272,-1.3456822761974832,8
2024-01-03 05:40:00,S005,3.195972547250331,67.80636432636672,24.708523405910853,0,-0.5354989786983801,0.0471338137434428,-1.5042440577456002,4
2024-01-03 05:45:00,S002,3.608300015699549,54.86651690707805,19.88076458090533,0,-0.28464582747354195,0.06576506434977304,-1.6038598187538382,1
2024-01-03 05:50:00,S010,3.684238447636079,162.22412395815283,18.41883517112386,0,0.734325342970545,0.022710792683086723,0.8287039602242434,9
2024-01-03 05:55:00,S009,2.5476677265359866,167.30761538956375,13.601061107313498,0,-1.3663210389139593,0.015227446284806887,0.9537437748489778,8
2024-01-03 06:00:00,S009,3.538016883919982,118.6893491651042,13.397824390541588,0,0.9903491573839953,0.029809051178638548,-0.11200229008281966,8
2024-01-03 06:05:00,S010,3.0388131204740354,173.53283399177286,22.31044241150169,0,-0.6454253271620436,0.017511459073174532,1.09870187439568,9
2024-01-03 06:10:00,S008,2.7374558501584216,57.76788330992253,18.359658629714627,0,-0.2746820542480264,0.04738715862234733,-1.6188857745012644,7
2024-01-03 06:15:00,S006,3.3485322582115087,77.40085763595022,12.093983010397,0,-0.14433819074400844,0.043262211299110995,-1.0960936902888998,5
2024-01-03 06:20:00,S001,2.913636106661922,80.63701383682512,10.251344567385736,0,-0.6457331371709714,0.03613273815169483,-0.86718563950911,0
2024-01-03 06:25:00,S007,3.2973582290300967,54.898859117674384,17.133942877330124,0,0.6367724611988175,0.06006241807979405,-1.7329324016732608,6
2024-01-03 06:30:00,S002,3.9567263610524286,134.32832165967875,20.721299146659188,0,0.34842634535287953,0.029455637589087515,0.19613805177085128,1
2024-01-03 06:35:00,S007,3.268450520330621,166.03581525960806,10.660605690826966,0,-0.028907708699475787,0.019685213789707532,0.8620318613888097,6
2024-01-03 06:40:00,S004,3.3259950691612774,110.48116341998784,22.504660157127585,0,-0.42042868742132544,0.030104634725981756,-0.31953780870643206,3
2024-01-03 06:45:00,S001,3.8488905383870335,194.3392169913735,16.661728697444985,0,0.9352544317251117,0.01980501207000248,1.6819442621218779,0
2024-01-03 06:50:00,S005,2.6051622094618856,109.28889731467368,12.726683008260428,0,-0.5908103377884455,0.023837391292571213,-0.5068190178302358,4
2024-01-03 06:55:00,S004,3.128774313853182,75.23054836497772,23.18995323517711,0,-0.19722075530809535,0.0415891467154829,-1.137131236111126,3
2024-01-03 07:00:00,S008,3.953011908361536,89.35144501714186,14.695752175947202,0,1.2155560582031142,0.04424116372332589,-0.9219119441460122,7
2024-01-03 07:05:00,S003,3.069425146677505,97.48801398629767,14.285493910671468,0,-0.25839055795427335,0.03148515413181023,-0.47925709921813364,2
2024-01-03 07:10:00,S002,3.5161571068424418,114.26868557731932,20.972446960647083,0,-0.4405692542099868,0.03077095959203576,-0.25826016312201455,1
2024-01-03 07:15:00,S005,2.51208865501318,191.47622344419275,13.557166989665667,0,-0.09307355444870558,0.013119585344308569,1.469330728579412,4
2024-01-03 07:20:00,S006,2.876753901322602,176.63184879292146,17.260308587641063,0,-0.4717783568889069,0.016286722472867082,1.1306489618472164,5
2024-01-03 07:25:00,S004,2.822806719599789,182.65327256836304,18.39108138591036,0,-0.30596759425339304,0.015454454660201782,1.3544029718888024,3
2024-01-03 07:30:00,S004,2.986518711542584,85.08453972083052,13.163293415211822,0,0.16371199194279518,0.03510060371708651,-0.908580371007771,3
2024-01-03 07:40:00,S007,3.1894762294893586,114.64758528812332,14.567387991234265,0,-0.07897429084126228,0.027819829097975493,-0.3378446238706499,6
2024-01-03 07:45:00,S005,2.9608246255319064,131.96878125921864,16.257901278468648,0,0.4487359705187264,0.022435795777273806,0.03850650882070702,4
2024-01-03 07:50:00,S009,3.695816608868144,158.6348821417924,20.35608582866608,0,0.1577997249481622,0.023297628861549763,0.76363145598629,8
2024-01-03 07:55:00,S009,3.492578023965935,140.36741629498815,12.445286707223293,0,-0.20323858490220914,0.0248816863336525,0.3631959539750489,8
2024-01-03 08:00:00,S005,3.922377306685119,95.69035336612856,13.967737059832572,0,0.9615526811532127,0.040990310603906885,-0.8337886424790419,4
2024-01-03 08:05:00,S009,3.129441074210216,57.59337084036112,10.59087750539229,0,-0.36313694975571886,0.05433682779813528,-1.451268445361625,8
2024-01-03 08:10:00,S005,3.596736016682376,192.0134052760555,21.724232187945987,0,-0.3256412900027432,0.018731692255153084,1.4822469748037814,4
2024-01-03 08:15:00,S010,3.38252833147473,109.6526621649582,24.60700620035724,0,0.3437152110006947,0.030847662650248096,-0.4264511358837624,9
2024-01-03 08:20:00,S008,3.856364937111348,106.20829557610648,18.24802844164308,0,-0.09664697125018762,0.03630945130820661,-0.5499214824394048,7
2024-01-03 08:25:00,S001,2.832672967288478,97.63318698042526,13.890826011147944,0,-1.0162175710985557,0.029013423146437633,-0.4861424233564813,0
2024-01-03 08:30:00,S004,3.175087959139338,100.61814184463437,23.060326831861587,0,0.18856924759675397,0.031555819861257925,-0.5482981183287056,3
2024-01-03 08:35:00,S010,3.494194411314582,180.5950822225236,21.38630398833457,0,0.1116660798398521,0.019348225699831977,1.2673145884890513,9
2024-01-03 08:40:00,S004,2.742051037582575,135.7993817425389,22.081484939499795,0,-0.4330369215567633,0.02019192578195452,0.2676862400601383,3
2024-01-03 08:45:00,S004,3.600858065502804,101.98381397248214,16.11573655997838,0,0.8588070279202293,0.035308132976094884,-0.5166230807733133,3
2024-01-03 08:50:00,S006,2.5520090563391,108.78658444158636,20.457455382069707,0,-0.32474484498350176,0.02345885817818675,-0.39179823045772993,5
2024-01-03 08:55:00,S004,3.829129163220274,184.35349163999248,14.459308064219895,0,0.22827109771747,0.0207705811750511,1.3938374026339981,3
2024-01-03 09:00:00,S006,3.8126770668370704,168.57807654075103,12.116613910320266,0,1.2606680104979704,0.02261668388231521,0.9499223765798237,5
2024-01-03 09:05:00,S005,2.734475456063292,160.69264210963885,15.407117577123309,0,-0.8622605606190841,0.017016805623417532,0.7291561869232844,4
2024-01-03 09:10:00,S002,2.545031998223608,116.67923795752397,17.569285369115434,0,-0.9711251086188337,0.021812209631776838,-0.20365544876062097,1
2024-01-03 09:15:00,S003,3.366710575376627,179.9152318066752,14.34159282429232,0,0.297285428699122,0.018712760122540043,1.5870023259440167,2
2024-01-03 09:20:00,S004,3.169662882694823,142.81581155615075,19.980478126283565,0,-0.659466280525451,0.022194061343317504,0.43042345444641744,3
2024-01-03 09:25:00,S007,3.901649558130162,153.36314806223444,22.34909819020045,0,0.7121733286408034,0.0254405938269634,0.5661346221944439,6
2024-01-03 09:30:00,S010,3.285400820728918,88.03761754945538,17.064250881587718,0,-0.20879359058566438,0.0373181477623489,-0.9425150320804302,9
2024-01-03 09:35:00,S005,3.648045045787061,87.95395113803798,22.98343574758305,0,0.9135695897237692,0.04147676139809712,-1.0198062442327651,4
2024-01-03 09:40:00,S008,2.639907170167255,194.57347413177104,12.02620219338641,0,-1.2164577669440932,0.013567662199646769,1.4000871182020345,7
2024-01-03 09:45:00,S006,3.4047251801844203,152.37986893065823,18.63038759693648,0,-0.40795188665265014,0.022343667860157648,0.58643472667323,5
2024-01-03 09:50:00,S009,2.527579213227396,119.6100034106757,24.14592846110457,0,-0.6018618609828201,0.021131837981291125,-0.09182091144519663,8
2024-01-03 09:55:00,S006,2.828070833359809,58.99149512919624,11.964606144912612,0,-0.5766543468246113,0.04794031456037345,-1.5091996384858575,5
2024-01-03 10:00:00,S009,3.995363827884033,77.5178601725344,18.912127941346863,0,1.4677846146566371,0.051541203775181496,-1.0145098410233993,8
2024-01-03 10:05:00,S010,2.5205236221410217,62.23980800072576,13.87887386702176,0,-0.7648771985878962,0.040496969748149945,-1.5584433517244423,9
2024-01-03 10:10:00,S001,3.5092707002328174,158.63817912486996,17.38898507832721,0,0.6765977329443396,0.02212122402923781,0.8815500690466155,0
2024-01-03 10:15:00,S002,2.575625160403314,183.5576481282899,18.653218019668127,0,0.030593162179705757,0.014031696235630954,1.311298764351629,1
2024-01-03 10:20:00,S010,3.32004449244451,175.97305283052327,11.912285202103693,0,0.7995208703034882,0.018866777832474847,1.156962630452359,9
2024-01-03 10:25:00,S006,2.714922188053962,157.2078250253054,14.400301321615148,0,-0.11314864530584723,0.017269637738733745,0.6947740230285915,5
2024-01-03 10:30:00,S004,3.408221875788918,96.18295730243742,22.562962511140835,0,0.23855899309409478,0.0354347794143797,-0.651166613683136,3
2024-01-03 10:35:00,S007,2.501668141294281,90.7931839097298,13.26837069440116,0,-1.3999814168358808,0.027553479603777357,-0.8948269386878313,6
2024-01-03 10:40:00,S007,2.5243651648141805,159.31670816759714,14.852956187282372,0,0.02269702351989933,0.015844949306887277,0.7051457688707835,6
2024-01-03 10:45:00,S007,2.6894067056615976,172.01517234863962,23.863814119046737,0,0.16504154084741707,0.01563470633889418,1.0016453482140915,6
2024-01-03 10:50:00,S005,2.655151172290725,110.30408253323613,20.93408800157736,0,-0.9928938734963362,0.024071195834931856,-0.4824094390460385,4
2024-01-03 10:55:00,S001,2.5204510358587324,98.40898590899576,18.31535021824553,0,-0.988819664374085,0.02561200089932248,-0.46874951282699673,0
2024-01-03 11:00:00,S008,3.841606582972761,173.54096311972842,23.481818346060216,0,1.2016994128055059,0.022136598262976186,0.9359497958207654,7
2024-01-03 11:05:00,S006,3.4994017922185576,198.32532970837468,13.385915857586912,0,0.7844796041645958,0.01764475469264449,1.617450501008774,5
2024-01-03 11:10:00,S007,2.621557915697585,174.45842994824366,24.6519155924138,0,-0.06784878996401256,0.015026834279805513,1.0586935739035752,6
2024-01-03 11:15:00,S003,3.836977309540448,119.572137459152,14.80040974843588,0,0.4702667341638209,0.032089225723930345,0.0743407229438196,2
2024-01-03 11:20:00,S002,3.5087608940104738,152.32875338826483,14.728591519741762,0,0.93313573360716,0.023034133843640066,0.6038904163296182,1
2024-01-03 11:25:00,S003,3.499925627319058,67.93429966280847,18.58964279673377,0,-0.3370516822213898,0.05151927147517127,-1.2201002622438624,2
2024-01-03 11:30:00,S003,3.2499384879471824,159.53737842943568,19.28759103048755,0,-0.24998713937187578,0.020371015994730908,1.0761767428575018,2
2024-01-03 11:35:00,S006,2.9612946932356845,123.80817340736009,21.947627795855624,0,-0.5381070989828731,0.023918410323792556,-0.05471389356913567,5
2024-01-03 11:40:00,S008,3.9452199212114913,66.20668390646107,17.177366051607837,0,0.10361333823873053,0.05958945060878643,-1.4326615851619968,7
2024-01-03 11:45:00,S004,3.477851298343691,174.8625775115379,24.63209542471033,0,0.06962942255477289,0.01988905429416607,1.1737076545607388,3
2024-01-03 11:50:00,S010,2.9434975589074286,189.88168840286764,17.848195824563124,0,-0.37654693353708124,0.01550174523678797,1.489034332913503,9
2024-01-03 11:55:00,S004,2.961656357939724,142.04568544840757,23.46902940165605,0,-0.5161949404039667,0.020850026865525086,0.41256135351623546,3
2024-01-03 12:00:00,S006,2.8078863147325186,71.44364212815786,23.61603149766269,1,-0.1534083785031659,0.039302116055374425,-1.2297735588914824,5
2024-01-03 12:05:00,S003,3.867008785117946,53.14011767400999,14.73659726874244,0,0.6170702971707636,0.07277004556355245,-1.5909561370415906,2
2024-01-03 12:10:00,S006,2.954526260473045,194.9821274828124,19.421792968653577,0,0.1466399457405263,0.015152805533840312,1.542429069663805,5
2024-01-03 12:15:00,S010,3.1184195917474984,190.2094873232452,13.763186498360504,0,0.1749220328400698,0.016394658518184516,1.4968606035055045,9
2024-01-03 12:20:00,S009,3.06675882059078,59.30551454431723,15.089579009643511,0,-0.9286050072932532,0.051711191507865115,-1.413737069671165,8
2024-01-03 12:25:00,S001,2.6595059460223407,67.12099539644481,24.115723900575656,0,0.13905491016360827,0.03962256414580796,-1.1702060366648095,0
2024-01-03 12:30:00,S009,3.122238483282028,108.0911617137262,19.89535409395712,0,0.055479662691248155,0.02888523384790943,-0.3443218985108396,8
2024-01-03 12:35:00,S006,3.1830747032209112,112.24406541195208,20.95738716223449,0,0.22854844274786634,0.02835851224075837,-0.3142123849885098,5
2024-01-03 12:40:00,S010,3.2161242842205304,140.2710100918171,18.7260497113178,0,0.09770469247303204,0.02292793273454062,0.3045685870599087,9
2024-01-03 12:45:00,S001,2.7438069812030617,151.3431964397365,10.571294508989787,0,0.08430103518072096,0.018129701536430308,0.7180012724654458,0
2024-01-03 12:50:00,S004,3.328549206725852,139.28445990791025,23.078695919207583,0,0.36689284878612805,0.023897491570040126,0.34851821980155945,3
2024-01-03 12:55:00,S003,2.943201886940139,129.49555115321309,20.1758782825452,0,-0.9238068981778071,0.02272820850216389,0.32309771871940446,2
2024-01-03 13:00:00,S003,2.727168282903036,114.91572265127284,18.935197362422944,0,-0.21603360403710292,0.02373189864490236,-0.04238481066828707,2
2024-01-03 13:05:00,S010,3.204873058050393,125.3736315240398,13.011564621350178,0,-0.011251226170137407,0.02556257658677015,-0.05110956968513312,9
2024-01-03 13:10:00,S004,3.675204340073901,91.56038745700994,24.113202543388063,0,0.34665513334804876,0.040139676575725626,-0.7583812741207695,3
2024-01-03 13:15:00,S007,2.98852720309593,109.12040701739424,19.05001294318052,0,0.3669692873983448,0.027387427196323342,-0.46690007568451697,6
2024-01-03 13:20:00,S002,3.370967838864451,190.390587237284,20.08376030941292,0,-0.1377930551460227,0.01770553832310079,1.4660810007217597,1
2024-01-03 13:25:00,S006,3.426897339769447,101.2770928247138,23.10812433281528,0,0.24382263654853586,0.03383684546872026,-0.5603111625990308,5
2024-01-03 13:30:00,S005,3.159783459570752,146.59348691714203,15.714277675352124,0,0.5046322872800273,0.02155473292712647,0.39014963603081415,4
2024-01-03 13:35:00,S002,3.074823048920877,82.44991664462405,16.63866018899223,0,-0.29614478994357407,0.03729322203927821,-0.9790305571482604,1
2024-01-03 13:40:00,S004,2.7991173966378025,89.67077250007861,17.55320472267829,0,-0.8760869434360985,0.03121549327929782,-0.8022085028571111,3
2024-01-03 13:45:00,S006,3.199174438987733,116.80797889668084,10.218507321269184,0,-0.2277229007817141,0.027388321148365972,-0.211798202699142,5
2024-01-03 13:50:00,S007,3.4076342778108075,83.0731459122124,19.384761841409148,0,0.41910707471487774,0.041019685001476056,-1.0750840143580915,6
2024-01-03 13:55:00,S005,3.406538979572157,164.55384040254808,17.851020563830122,0,0.24675552000140488,0.020701668043916346,0.8219966087584628,4
2024-01-03 14:00:00,S007,3.162750557202932,74.50501375976303,12.76688576589825,0,-0.24488372060787533,0.042450170762688956,-1.2751434501087346,6
2024-01-03 14:05:00,S006,3.0776539042345448,178.2208668198892,24.286229589949656,0,-0.12152053475318825,0.017268762962376047,1.1663065137310331,5
2024-01-03 14:10:00,S010,2.7179900386307563,125.85451156720607,10.930621254348315,0,-0.48688301941963674,0.021596286097089114,-0.03962845395791307,9
2024-01-03 14:15:00,S003,3.817050269266685,133.68105134901097,24.396865306072755,0,1.089881986363649,0.02855341299654875,0.4280185137828935,2
2024-01-03 14:20:00,S006,3.733508667185271,185.41456819467632,17.873499800887572,0,0.6558547629507263,0.020136004971647685,1.3277331153521874,5
2024-01-03 14:25:00,S008,2.94491872323564,61.5781295339702,12.54830609828586,0,-1.0003011979758512,0.0478241015932906,-1.53480273377302,7
2024-01-03 14:30:00,S009,2.74911227850027,58.86587313134818,20.360894726698945,0,-0.37312620478175784,0.04670129111818536,-1.4233743139054547,8
2024-01-03 14:35:00,S002,3.5085847191980566,75.48088916067145,10.831238326633668,0,0.4337616702771796,0.0464830867488156,-1.136895517172745,1
2024-01-03 14:40:00,S009,3.1231645008881346,53.60075672673333,15.030574093261936,0,0.3740522223878644,0.058267171790650996,-1.5387893117114257,8
2024-01-03 14:45:00,S003,3.951704106472728,132.4796267546597,24.447385405976,0,0.13465383720604285,0.029828768415030626,0.39790158205398823,2
2024-01-03 14:50:00,S005,2.645448506448137,76.85474561623757,21.962710679447287,0,-0.7610904731240202,0.034421407356073574,-1.286680629982815,4
2024-01-03 14:55:00,S002,2.997979707149054,167.24488370798707,16.555772827632815,0,-0.5106050120490027,0.017925688610028453,0.9417760570542589,1
2024-01-03 15:00:00,S003,3.988771930242957,86.10057721357296,23.11461001205621,0,0.037067823770229325,0.04632688953856276,-0.7647137624692811,2
2024-01-03 15:05:00,S009,3.446076166737894,160.95243466446624,19.18413648540809,0,0.3229116658497593,0.02141052525056699,0.8144338122428735,8
2024-01-03 15:10:00,S007,2.908975970968727,159.7343179341701,15.58180322862548,0,-0.2537745862342051,0.018211339982591997,0.7148966425475695,6
2024-01-03 15:15:00,S001,3.935795445278852,183.5207080170371,19.78412666348576,0,1.1919884640757905,0.02144605634748866,1.4394002836199018,0
2024-01-03 15:25:00,S006,3.819402245067643,186.05629406225327,24.8729916374108,0,0.08589357788237173,0.0205282076809743,1.3421334387154016,5
2024-01-03 15:30:00,S007,3.225703809790971,112.75843000675002,15.367168740033897,0,0.31672783882224387,0.02860720754370028,-0.3819549775524437,6
2024-01-03 15:35:00,S001,3.4838549696476,79.82210914061045,14.725157607751369,0,-0.45194047563125217,0.04364523822684479,-0.8854552760725879,0
2024-01-03 15:40:00,S008,2.881810814382492,120.9541255014531,10.64972909881468,0,-0.06310790885314832,0.023825651272305005,-0.22451620800872732,7
2024-01-03 15:45:00,S005,3.35108641623411,169.4365414184581,21.02537779284735,0,0.7056379097859731,0.01977782589270481,0.9393985103506732,4
2024-01-03 15:50:00,S007,2.9759582161307296,186.793937629945,10.9139308258108,0,-0.2497455936602413,0.015931770879347506,1.346718392217496,6
2024-01-03 15:55:00,S010,2.509696536684566,124.43588328512207,14.284389828433646,0,-0.20829350194619023,0.020168591809907193,-0.07349851305471333,9
2024-01-03 16:00:00,S002,3.912211356259098,76.16139006672492,17.07474236125893,0,0.914231649110044,0.05136738381899201,-1.1214805617032586,1
2024-01-03 16:05:00,S001,3.042470642261567,68.806302385081,13.804191562895625,0,-0.44138432738603317,0.04421790644688204,-1.132422543302585,0
2024-01-03 16:10:00,S001,3.7924973270486513,136.56756235818597,23.35987683192764,0,0.7500266847870845,0.02777011803743032,0.3867411068058355,0
2024-01-03 16:15:00,S003,3.4174696290849886,94.3621343892531,13.836155523224503,0,-0.5713023011579685,0.03621653591074386,-0.5576156602627436,2
2024-01-03 16:20:00,S008,2.8702855413936,95.96231740265546,18.327006801297827,0,-0.011525272988891722,0.029910548419238868,-0.7760257679372036,7
2024-01-03 16:25:00,S009,2.622362388417049,63.16823555872399,12.577441905364877,0,-0.8237137783208448,0.041513940745804834,-1.329063550010312,8
2024-01-03 16:30:00,S008,3.100469254259491,171.77991860155697,10.207932038692904,0,0.230183712865891,0.018049078607788434,0.897087746168667,7
2024-01-03 16:35:00,S009,2.9403021886879905,89.89965396389869,14.991713034411934,0,0.3179398002709415,0.032706490611651,-0.7430923464335839,8
2024-01-03 16:45:00,S008,3.457733177198703,97.96147931115424,10.85675745055665,0,0.35726392293921183,0.03529686567781368,-0.7319090357654734,7
2024-01-03 16:50:00,S005,2.707187939710371,178.8667636470375,17.5008738878663,0,-0.6438984765237388,0.015135220676889891,1.1661430966902513,4
2024-01-03 16:55:00,S008,2.5604334186018134,126.83220615155774,20.20719193786561,0,-0.8972997585968896,0.02018756509951704,-0.09480099653832302,7
2024-01-03 17:00:00,S007,2.6255874067680227,107.8909266405391,15.609207017186012,0,-0.3503708093627069,0.024335571936205103,-0.49560751694285604,6
2024-01-03 17:05:00,S002,2.9928372248286976,58.16990710502564,12.736870609787353,0,-0.9193741314304003,0.051449922705061865,-1.5290302155208058,1
2024-01-03 17:10:00,S010,3.589166889016956,105.04421105108008,12.208406116157754,0,1.07947035233239,0.03416815503454981,-0.5364789095740408,9
2024-01-03 17:15:00,S005,2.848337036352014,110.798804097043,14.037423564874436,0,0.1411490966416431,0.02570729042887709,-0.4705141269717696,4
2024-01-03 17:20:00,S008,3.737817056889447,169.2587026409197,14.855962384156356,0,1.1773836382876337,0.022083455670804393,0.8414505269871301,7
2024-01-03 17:25:00,S003,3.934437822270042,106.50146606441936,15.088609917607544,0,0.5169681931850532,0.03694256959355658,-0.25331073341635013,2
2024-01-03 17:30:00,S008,3.7185860862792266,62.36089577929223,18.99951787391599,0,-0.0192309706102205,0.059630094135333635,-1.5175289508687253,7
2024-01-03 17:35:00,S007,3.785846406054687,164.69764255773103,12.200426710227724,0,1.1602589992866643,0.02298664599584525,0.8307865361637664,6
2024-01-03 17:40:00,S009,2.580658467492975,150.40354763611225,13.469198924739333,0,-0.3596437211950154,0.017158228697936446,0.5831949032292414,8
2024-01-03 17:45:00,S003,2.765690716297381,50.77094413783404,16.681142816586803,0,-1.1687471059726606,0.05447388782537284,-1.650345829893241,2
2024-01-03 17:50:00,S007,3.6277377189350215,171.79193519568253,24.186245533388952,0,-0.15810868711966553,0.021117043210390606,0.9964329287433659,6
2024-01-03 17:55:00,S009,3.979844671171616,139.67599802685274,11.229486019654932,0,1.3991862036786409,0.028493404214814028,0.3480395867141252,8
2024-01-03 18:00:00,S003,2.7532876950555925,58.045218728124624,20.76197485917868,0,-0.012403021241788714,0.047433496761847986,-1.467996615266593,2
2024-01-03 18:05:00,S007,2.752417882761569,175.46632887048045,18.233644474601075,0,-0.8753198361734524,0.015686302325481426,1.0822272550010046,6
2024-01-03 18:10:00,S009,2.3106859732152523,143.51848639881968,21.89594542555984,1,-1.6691586979563637,0.016100267157452778,0.43226959284111716,8
2024-01-03 18:15:00,S001,2.9563627957407936,70.88702668911642,19.18012794939183,0,-0.8361345313078576,0.041705272930817446,-1.0857740493129162,0
2024-01-03 18:20:00,S006,3.024694092711388,179.3744761102378,13.496092178362524,0,-0.7947081523562547,0.016862455339988747,1.1921934970289845,5
2024-01-03 18:25:00,S009,1.5285407442068029,218.5110660669936,18.739429690605483,1,-0.7821452290084494,0.006995255533960979,2.076158873290857,8
2024-01-03 18:30:00,S009,2.757394550597785,75.11896167769828,16.938903206577297,0,1.228853806390982,0.03670703759273798,-1.0670953573237765,8
2024-01-03 18:35:00,S009,2.707557392080835,197.4109311365579,13.749593363032446,0,-0.04983715851694992,0.013715336715932634,1.6136293032765203,8
2024-01-03 18:40:00,S008,3.2950936825775985,120.1970693717065,16.160638680874992,0,0.0,0.027414093367896193,-0.24122263002137836,7
2024-01-03 18:45:00,S002,3.473120670842527,112.84546606692864,16.87042924875803,0,0.0,0.030777671372945042,-0.2904994521234209,1
2024-01-03 18:50:00,S005,3.4911977945363653,161.95443264698622,14.673576093733434,0,0.0,0.02155666712704677,0.7594952570430692,4
2024-01-03 18:55:00,S003,2.582099060387479,80.63631595526434,16.280427149915262,0,0.0,0.03202154053639763,-0.901690135384507,2
2024-01-03 19:00:00,S004,3.269469024731361,92.20894732582444,22.33342168865516,0,0.0,0.0354571776296716,-0.7433387483323911,3
2024-01-03 19:05:00,S001,3.586043783159382,189.3211941031828,16.458037313695556,0,0.0,0.018941586545326353,1.569443432441658,0
2024-01-03 19:10:00,S002,2.609505389349441,161.6042870521515,20.66501442924717,0,-0.863615281493086,0.01614750101490717,0.8140031981240645,1
2024-01-03 19:15:00,S006,2.662043436237369,84.89549575801624,21.25391191130973,0,0.0,0.03135670994267607,-0.9279140704528914,5
2024-01-03 19:20:00,S008,3.7036026766769865,101.1866674636581,16.6627511031755,0,0.408508994099388,0.03660168645875352,-0.6607368303915248,7
2024-01-03 19:25:00,S002,3.799053512568635,51.48660432367305,21.670694597247987,0,1.1895481232191938,0.0737872221665237,-1.6804228350562018,1
2024-01-03 19:30:00,S008,2.981086786689936,134.36440611768813,14.191679609783538,0,-0.7225158899870503,0.02218658104927709,0.07141668055778547,7
2024-01-03 19:35:00,S001,3.7862959116278856,64.60503406868317,20.59557995214994,0,0.2002521284685037,0.05860682477183613,-1.226612263404558,0
2024-01-03 19:40:00,S010,2.852131632587457,172.83039057807073,15.059959132686483,0,0.0,0.016502489075461937,1.0819308849584057,9
2024-01-03 19:45:00,S001,3.927095292968659,70.5531365054481,18.06376938538849,0,0.14079938134077352,0.055661526714815786,-1.0932596514159214,0
2024-01-03 19:50:00,S009,2.9370416092566165,112.6092173493722,15.653003205207828,0,0.0,0.026081715849987423,-0.24528299011779994,8
2024-01-03 19:55:00,S003,2.9952339254734066,66.02010560035454,24.301043190731427,0,0.41313486508592767,0.0453685115735961,-1.2680846735551108,2
2024-01-03 20:00:00,S001,2.971943363402798,151.10263023259512,22.664722962285737,0,-0.955151929565861,0.019668376113846236,0.7126079335948481,0
2024-01-03 20:05:00,S007,2.685769040058726,60.58034563894349,23.641442555288148,0,0.0,0.04433399993493707,-1.6002739683710792,6
2024-01-03 20:10:00,S006,2.6167847794131545,193.3172287157101,13.704417504878387,0,-0.045258656824214594,0.013536221249715943,1.5050687545750336,5
2024-01-03 20:15:00,S006,2.519843219357941,126.7670684854221,21.54163869132335,0,-0.09694156005521348,0.019877743086320083,0.011683688443260013,5
2024-01-03 20:20:00,S009,3.704471951963656,197.1190708121877,19.08889293121371,0,0.7674303427070397,0.018793067238559048,1.6072315228461933,8
2024-01-03 20:25:00,S004,3.631805373853691,116.81793946014318,18.883320989971608,0,0.36233634912233015,0.031089449020643985,-0.17256430389576358,3
2024-01-03 20:30:00,S001,3.255017695909231,169.4660842285216,21.09203849858091,0,0.2830743325064331,0.01920748750722198,1.1243047026945125,0
2024-01-03 20:35:00,S005,3.1022464158473144,168.96928069445846,13.30763180704972,0,-0.38895137868905083,0.018359824951101052,0.928163479297541,4
2024-01-03 20:40:00,S007,2.891377869475252,195.44239083565068,21.020628553975385,0,0.20560882941652592,0.01479401606255778,1.548653264096743,6
2024-01-03 20:45:00,S009,3.5589343548700105,125.55329139923585,22.437259604262096,0,-0.14553759709364567,0.02834600602599743,0.038460077130611045,8
2024-01-03 20:50:00,S010,3.651954967092747,144.2849600970925,19.49894802414116,0,0.7998233345052901,0.025310711278446207,0.40040251734823035,9
2024-01-03 20:55:00,S007,3.831203410319324,143.815017524989,22.12402316824417,0,0.9398255408440721,0.026639800738384112,0.34319296189235104,6
2024-01-03 21:00:00,S004,3.45346798292892,103.39366602059609,12.227601724655212,0,-0.1783373909247712,0.03340115613955477,-0.4839233458508958,3
2024-01-03 21:05:00,S001,3.138996279202642,195.1614237250573,19.866480749089,0,-0.11602141670658916,0.01608410217105204,1.7003776056456341,0
2024-01-03 21:10:00,S009,3.2891237776261044,163.8966282725308,20.689984284798165,0,-0.2698105772439061,0.02006828213669043,0.8789725750548958,8
2024-01-03 21:15:00,S010,2.7702379715989287,66.47946706111745,23.25525951531985,0,-0.8817169954938184,0.041670580310690875,-1.457220568604115,9
2024-01-03 21:20:00,S006,2.608415421359765,136.36787941616174,22.80481823411668,0,0.08857220200182381,0.019127784580474663,0.2271258093503704,5
2024-01-03 21:25:00,S005,3.08021086307782,62.08712184297704,12.20744876642418,0,-0.022035552769494426,0.04961110728198662,-1.6417601458757194,4
2024-01-03 21:30:00,S005,3.773385804214109,109.59072092606895,13.683259389167366,0,0.6931749411362889,0.034431617676968826,-0.49956183255352676,4
2024-01-03 21:35:00,S001,2.74254182991098,194.8748479577499,13.086915654841324,0,-0.39645444929166196,0.01407334942662712,1.6939527621750712,0
2024-01-03 21:40:00,S007,2.9235518785639845,62.14306041735322,23.14920740523837,0,-0.9076515317553397,0.04704550851629989,-1.5637857546921545,6
2024-01-03 21:45:00,S002,2.8018956822017085,183.53549326936565,11.723595150428654,0,-0.9971578303669264,0.015266233425143806,1.3107969043824321,1
2024-01-03 21:50:00,S008,3.39614386386013,182.13427408171287,10.744088625242242,0,0.4150570771701938,0.018646374389424458,1.1255836601749258,7
2024-01-03 21:55:00,S005,3.808938828228845,63.0663934192151,17.310766625080642,0,0.035553024014736145,0.06039569763100451,-1.6182140911713803,4
2024-01-03 22:00:00,S001,3.167278649241311,123.35726006739247,15.27474808512858,0,0.4247368193303309,0.025675656603058535,0.0905746681197356,0
2024-01-03 22:05:00,S001,3.146287413073406,96.8287825679582,20.876667398999743,0,-0.02099123616790477,0.032493307561109595,-0.504176650345351,0
2024-01-03 22:10:00,S008,3.690902700177777,191.14884838616555,19.348155596020103,0,0.294758836317647,0.019309050151995664,1.3245138011210078,7
2024-01-03 22:15:00,S006,3.092580006785194,57.68951887639973,16.028144068551093,0,0.4841645854254293,0.05360731145764968,-1.5384159752408155,5
2024-01-03 22:20:00,S007,3.035473644202996,145.2116211656044,12.79629707280962,0,0.11192176563901146,0.02090379282063243,0.37580260555067624,6
2024-01-03 22:25:00,S010,3.39465093193849,122.70342754044611,10.40301481067403,0,0.6244129603395612,0.027665493945088642,-0.11486127114703462,9
2024-01-03 22:30:00,S004,3.572687529725332,193.57022488096945,16.406575680405147,0,0.11921954679641233,0.01845680311492993,1.6076078718359,3
2024-01-03 22:35:00,S001,3.560918367858501,87.82593162432948,16.700897030539608,0,0.4146309547850948,0.04054518183404736,-0.7060147493761759,0
2024-01-03 22:40:00,S004,2.5806729462660667,53.31287679517696,15.36941791799147,0,-0.9920145834592655,0.04840618441388385,-1.6454839043275329,3
2024-01-03 22:45:00,S002,2.7297167501259345,159.21746560042496,19.003771151493744,0,-0.07217893207577397,0.01714458109014896,0.7599360454359698,1
2024-01-03 22:50:00,S004,3.1274366666402287,96.41191923056664,24.05086833780236,0,0.546763720374162,0.032438278288358324,-0.6458561313760265,3
2024-01-03 22:55:00,S004,2.679071517007295,99.17642568287276,22.23618070939181,0,-0.4483651496329335,0.027013188853002038,-0.581736901061998,3
2024-01-03 23:00:00,S007,3.333245920254447,137.5878933891703,13.104904018675873,0,0.2977722760514512,0.024226302459505116,0.19779430104128481,6
2024-01-03 23:05:00,S007,3.771321449582104,77.27264792560081,16.455197985583006,0,0.4380755293276568,0.04880538651561587,-1.2105212757853117,6
2024-01-03 23:10:00,S005,2.678659803815074,71.08206919933144,14.297106066168755,0,-1.1302790244137708,0.03768404372031742,-1.425481508106002,4
2024-01-03 23:15:00,S009,3.3396169920005123,178.69023709959933,20.00391171188021,0,0.0504932143744079,0.01868942056387873,1.203258725465926,8
2024-01-03 23:20:00,S010,3.895247804293825,129.13819599082484,13.883564121897097,0,0.5005968723553349,0.030163405753855694,0.038770226575811514,9
2024-01-03 23:25:00,S001,3.6878369856935937,171.73580065273222,17.23411000122315,0,0.12691861783509273,0.021473897530172217,1.1751902778606682,0
2024-01-03 23:30:00,S002,3.069606107232473,142.579134067545,24.54728296950677,0,0.33988935710653845,0.021529139779759048,0.38303847280328274,1
2024-01-03 23:35:00,S001,3.581698536035236,77.56769976618517,14.92578249424908,0,-0.10613844965835773,0.04617512890507151,-0.9359976770764932,0
2024-01-03 23:40:00,S009,3.11183441276092,91.94544777398092,12.045554912013488,0,-0.22778257923959222,0.033844355405957094,-0.6982471293563021,8
2024-01-03 23:45:00,S008,3.661629241909455,107.83303466019709,17.60028686281004,0,-0.02927345826832184,0.033956470325706756,-0.5140673684143968,7
2024-01-03 23:50:00,S006,3.337256775835661,102.05035031183,23.99301535189949,0,0.24467676905046698,0.03270206094649511,-0.5429592707397478,5
2024-01-03 23:55:00,S001,3.5870443813927366,175.4623394869785,22.93734432847452,0,0.0053458453575006,0.02044338626554393,1.2587368698211974,0
2024-01-04 00:00:00,S010,2.5744922371895784,143.52787927612317,10.946595536733192,0,-1.3207555671042464,0.017937227596440144,0.3823270479168613,9
2024-01-04 00:05:00,S005,3.2770156470641467,142.1279366478517,13.54914674061261,0,0.5983558432490725,0.02305680166843618,0.28277789822380806,4
2024-01-04 00:10:00,S008,3.625229844147269,118.52267068342027,22.68501023648157,0,-0.03639939776218615,0.0305868052326003,-0.27817261299463847,7
2024-01-04 00:15:00,S009,3.653120697043769,59.291977786848186,18.65211879457384,0,0.5412862842828488,0.061612393999748806,-1.414033804769409,8
2024-01-04 00:20:00,S004,3.1374302785936456,107.43247209262752,20.786134307662177,0,0.45835876158635047,0.02920374275290378,-0.39024834772952977,3
2024-01-04 00:25:00,S002,2.893612564733953,113.25689262888746,10.598837988456268,0,-0.17599354249851995,0.02554910784953333,-0.28117966713101,1
2024-01-04 00:30:00,S006,3.4806801266866927,102.52980215348283,19.25829374491687,0,0.14342335085103164,0.03394798442248801,-0.5322003752273092,5
2024-01-04 00:35:00,S007,3.6498939170680775,194.94114466222788,24.551116850000604,0,-0.12142753251402638,0.018723055736668485,1.536949543280711,6
2024-01-04 00:40:00,S008,3.275814141540294,177.22722474199207,20.277617699166708,0,-0.34941570260697485,0.018483695979127343,1.017296792286126,7
2024-01-04 00:45:00,S006,2.75463880208924,64.34610440355739,16.287042616630824,0,-0.7260413245974529,0.04280972138398563,-1.3890422489674727,5
2024-01-04 00:50:00,S005,2.746898910549362,59.58196511463542,14.760832750418276,0,-0.5301167365147847,0.04610285855465345,-1.7019952826853426,4
2024-01-04 00:55:00,S010,3.2721132906351698,64.93695703100434,10.240422346826849,0,0.6976210534455913,0.050389076417131765,-1.4940483314064956,9
2024-01-04 01:00:00,S006,3.542377569672261,51.58266836752848,15.911352291617549,0,0.7877387675830212,0.0686737945339692,-1.6754536520771963,5
2024-01-04 01:05:00,S007,3.372582291210215,164.95208196569786,16.096248048610278,0,-0.2773116258578625,0.02044583039398734,0.836727504800206,6
2024-01-04 01:10:00,S010,3.57885162856622,90.73256827662286,14.743226838449951,0,0.30673833793105043,0.039443958174540814,-0.8781724967278729,9
2024-01-04 01:15:00,S007,3.640600100931224,151.4597553365009,14.514494794474324,0,0.26801780972100886,0.024036748855182477,0.5216918349046524,6
2024-01-04 01:20:00,S001,1.619930262291557,183.4780166628748,24.16313257519161,1,-1.9671141191011796,0.008829015550019545,1.438443171053769,0
2024-01-04 01:25:00,S007,2.813646046884421,69.55296950648983,13.053023108303446,0,-0.8269540540468028,0.040453284258659204,-1.3907699555704691,6
2024-01-04 01:30:00,S005,2.9768570106599253,51.31658179218942,15.731993632389816,0,0.22995810011056328,0.058009651191009724,-1.9007319483713634,4
2024-01-04 01:35:00,S009,3.3075446531515342,186.98445294189057,15.819591315968296,0,-0.3455760438922346,0.017688875202916125,1.3850736806682928,8
2024-01-04 01:40:00,S002,3.627134976296954,191.20015891803524,20.1492585032876,0,0.7335224115630008,0.018970355446525287,1.4844197145972666,1
2024-01-04 01:50:00,S005,3.098689150667449,86.33857363771511,13.052319918329689,0,0.12183214000752374,0.035889973852370374,-1.0586471213844106,4
2024-01-04 01:55:00,S008,3.0082195324072725,110.772283051761,13.58521801998915,0,-0.2675946091330217,0.02715678912864911,-0.44920517114785014,7
2024-01-04 02:00:00,S005,2.7709863119669547,192.152926559642,13.281575626163196,0,-0.3277028387004943,0.014420734367335621,1.4856016885067642,4
2024-01-04 02:05:00,S004,3.2338408821248787,70.00167009745556,13.63816414874456,0,0.0964106035312331,0.04619662469710787,-1.2584084534746782,3
2024-01-04 02:10:00,S004,2.9498940962095994,121.14629973026454,12.520300782890178,0,-0.28394678591527933,0.024349848922617684,-0.0721734624092158,3
2024-01-04 02:15:00,S008,3.374960872276307,182.65151419569312,12.276143694295786,0,0.36674133986903446,0.018477595912375477,1.136997915058402,7
2024-01-04 02:20:00,S006,2.6162244606885787,92.34707513160802,18.779452425014668,0,-0.9261531089836823,0.02833034459052195,-0.7607006885900935,5
2024-01-04 02:25:00,S008,3.4920140184170867,55.76013159895169,15.523751610926997,0,0.11705314614077977,0.06262564161266222,-1.6631920631133494,7
2024-01-04 02:30:00,S002,3.785253024584765,120.03171486846566,15.395797928654044,0,0.15811804828781106,0.03153544068263462,-0.12771391534760435,1
2024-01-04 02:35:00,S004,3.908315462713409,94.2418736063513,17.131954092536805,0,0.9584213665038095,0.041471113770761264,-0.6961875947209365,3
2024-01-04 02:40:00,S002,3.794439434969528,122.0839911254402,11.031308596337311,0,0.0091864103847632,0.031080565106689297,-0.0812250027966763,1
2024-01-04 02:45:00,S010,3.7396969142382734,133.65330367781792,10.819154548202036,0,0.16084528567205325,0.027980579686779077,0.1465694056265908,9
2024-01-04 02:50:00,S001,3.204110262983887,178.67866752762336,14.573546865775953,0,1.5841800006923301,0.01793224847229855,1.3308448655714455,0
2024-01-04 02:55:00,S004,3.5730715257679826,195.98913245457376,13.021094638200283,0,-0.3352439369454263,0.018230967609460882,1.663711373309337,3
2024-01-04 03:00:00,S002,3.7308169716189807,51.07131226523676,16.850958893287604,0,-0.06362246335054733,0.07305112802883593,-1.6898301826889228,1
2024-01-04 03:05:00,S010,3.1905330597022403,156.45070152567865,24.75567374813728,0,-0.5491638545360331,0.02039321670267255,0.6908622426663286,9
2024-01-04 03:10:00,S001,2.922737504943208,77.64520954251486,10.590428197295942,0,-0.2813727580406793,0.03764221285237736,-0.9342599579907672,0
2024-01-04 03:15:00,S009,2.783191041660167,112.16125965777428,24.037392001042345,0,-0.5243536114913674,0.024814192082935584,-0.25510253293885254,8
2024-01-04 03:20:00,S002,2.5157698368124803,164.2834841566226,23.39956740682184,0,-1.2150471348065004,0.015313589491813372,0.8746933510570185,1
2024-01-04 03:25:00,S010,2.876310207574166,126.4484676205641,23.63298109478505,0,-0.3142228521280743,0.022746896514220214,-0.02544762386859201,9
2024-01-04 03:30:00,S008,3.896497929568876,57.57610885742098,18.209571161720262,0,0.4044839111517895,0.06767560375678117,-1.6231177789839548,7
2024-01-04 03:40:00,S009,3.171327782659093,159.50025816212923,15.366321449405714,0,0.38813674099892603,0.019882900623500337,0.7826010976452995,8
2024-01-04 03:45:00,S002,2.954829675766376,194.9837659070816,24.170610725087226,0,0.43905983895389555,0.015154234312116736,1.5701273642585065,1
2024-01-04 03:50:00,S007,3.691273517975776,143.78241875471574,24.06459669936853,0,0.8776274710913547,0.025672634733013795,0.342431805146517,6
2024-01-04 03:55:00,S010,3.941119454157034,130.63102154605195,10.212949517075856,0,1.0648092465828678,0.030169858638562006,0.07441176172304474,9
2024-01-04 04:00:00,S004,3.623047717658733,81.9713178970905,23.007660316770284,0,0.04997619189075042,0.04419896873886104,-0.9807876132692341,3
2024-01-04 04:05:00,S007,3.108467889170856,75.37428407636303,24.66184844775764,0,-0.5828056288049197,0.041240430033261846,-1.254846642594618,6
2024-01-04 04:10:00,S008,2.588575216687408,90.74962870454831,11.556345153037846,0,-1.307922712881468,0.028524361513695393,-0.8910573670344902,7
2024-01-04 04:15:00,S003,3.417012484371589,105.64605688882536,21.582280414237573,0,0.4217785588981826,0.03234396611360497,-0.2747538600701329,2
2024-01-04 04:20:00,S009,3.672669738893089,122.62595482451113,21.91021675398944,0,0.501341956233996,0.029950182600816534,-0.02570916783671043,8
2024-01-04 04:25:00,S004,2.8574345058296373,83.65744696996933,17.567543860822536,0,-0.7656132118290957,0.034156367531916344,-0.9416799822225025,3
2024-01-04 04:30:00,S007,3.266640732208597,116.82767217397418,24.50452771927473,0,0.15817284303774093,0.027961189940209203,-0.28694123623487244,6
2024-01-04 04:35:00,S007,3.808779927744044,86.62213407603608,16.751647880275442,0,0.5421391955354471,0.04397005416607531,-0.9922178123776161,6
2024-01-04 04:40:00,S004,2.6386742755556,118.68504426906073,15.917190862582864,0,-0.21876023027403724,0.022232576072106956,-0.12925916956932806,3
2024-01-04 04:45:00,S003,3.937207179706745,87.14474646071581,15.220779332159807,0,0.5201946953351557,0.045180086455697106,-0.7385388580454175,2
2024-01-04 04:50:00,S009,3.833518285166439,74.0950418927826,12.595358046267464,0,0.1608485462733502,0.05173785163919954,-1.0895403880976362,8
2024-01-04 04:55:00,S006,2.6596176443542667,173.26286254780854,12.084534878299367,0,0.04339318366568801,0.015350188754193615,1.0550489373086545,5
2024-01-04 05:00:00,S010,2.9811003734673567,78.8386877702138,14.642043236329013,0,-0.9600190806896771,0.03781265844731026,-1.1621414833397596,9
2024-01-04 05:05:00,S010,3.283745213335883,146.1537286453032,21.794974830925607,0,0.3026448398685262,0.022467748469698255,0.44501977330280357,9
2024-01-04 05:10:00,S003,3.410986625189599,63.28675094549661,20.153084137413646,0,-0.5262205545171459,0.05389732564384942,-1.3366035435019112,2
2024-01-04 05:15:00,S010,2.9174014912281545,109.31274053635671,20.30784994703015,0,-0.36634372210772836,0.026688576982396302,-0.43456683877395136,9
2024-01-04 05:20:00,S003,3.9067386999776006,151.57174500075038,11.785319567397115,0,0.49575207478800154,0.02577484807409528,0.8764967635419959,2
2024-01-04 05:25:00,S001,3.430352273441681,131.72016279141474,11.88465238618471,0,0.5076147684984731,0.02604272725211692,0.27806554170694286,0
2024-01-04 05:30:00,S006,3.640492332106207,158.36170766953168,10.110878521664397,0,0.9808746877519403,0.02298846347043239,0.7206671403853837,5
2024-01-04 05:35:00,S006,3.9646847941531154,193.1999535318604,22.00206374128114,0,0.3241924620469083,0.020521147761529312,1.5024371003824222,5
2024-01-04 05:40:00,S006,3.0379920445396884,90.16887117839508,16.483465892567622,0,-0.926692749613427,0.03369224882711723,-0.8095795679716185,5
2024-01-04 05:45:00,S006,3.530851515191024,96.92512962863302,10.91358314852774,0,0.4928594706513354,0.03642864887934775,-0.6579691820972962,5
2024-01-04 05:50:00,S004,2.838759448335088,76.40371325617006,22.99349305401505,0,0.20008517277948812,0.03715473145193364,-1.1099211604059513,3
2024-01-04 05:55:00,S003,2.9408751407574005,116.9489539979842,20.90527790521201,0,-0.9658635592202001,0.025146656211706045,0.008583589634056641,2
2024-01-04 06:00:00,S009,2.656623054247177,135.34747914561842,17.972188694227313,0,-1.176895230919262,0.019628167963089083,0.25315545523644545,8
2024-01-04 06:05:00,S006,3.352402924403153,91.1998804681858,17.11652371220761,0,-0.178448590787871,0.03675885216982294,-0.7864437277108486,5
2024-01-04 06:10:00,S007,2.7612350385930946,132.03217606811495,20.716895258286726,0,-1.0475448891509496,0.02091334946232689,0.06807248388622741,6
2024-01-04 06:15:00,S007,2.944667331616229,189.44744115519924,11.869200785174913,0,0.18343229302313446,0.015543452651062531,1.4086757019997629,6
2024-01-04 06:20:00,S009,3.330969230830121,94.69323969752982,16.826134532805767,0,0.6743461765829437,0.03517642063064032,-0.6380136274816438,8
2024-01-04 06:25:00,S006,2.9527000837917328,184.96146176133075,19.426104364614844,0,-0.39970284061142003,0.01596386650232132,1.3175654105925745,5
2024-01-04 06:30:00,S008,3.3660301018295016,146.96110628421334,16.875452191394594,0,0.7774548851420935,0.022904224027075388,0.34939579026955986,7
2024-01-04 06:35:00,S006,2.627902512417516,179.92755633035443,17.487796763999956,0,-0.3247975713742166,0.01460533653581403,1.2046046127684047,5
2024-01-04 06:40:00,S002,2.830491090156374,65.48249733184994,18.77552753077993,0,-0.1243385856100021,0.04322515488955556,-1.3633827465602848,1
2024-01-04 06:45:00,S009,2.9007161048059737,186.59974930758327,16.535080991834356,0,-0.4302531260241471,0.015545123267390368,1.3766407105879714,8
2024-01-04 06:50:00,S010,3.4322780860510727,82.97929345534652,16.672590390107942,0,0.5148765948229181,0.041363067130529944,-1.063283621119522,9
2024-01-04 06:55:00,S005,3.914474176106704,141.55640896725382,22.52460678524444,0,1.1434878641397495,0.02765310454248459,0.2690358246673604,4
2024-01-04 07:00:00,S009,3.8985222124505663,178.73101864655447,12.559016869324664,0,0.9978061076445925,0.021812230701498316,1.204152685217362,8
2024-01-04 07:05:00,S008,2.9186957061614045,189.6008383343597,10.36966606954484,0,-0.4473343956680971,0.015393896628560083,1.2903529137189724,7
2024-01-04 07:10:00,S005,3.11184390605732,102.16736045733307,10.324683420204751,0,-0.8026302700493839,0.03045829795174457,-0.6780525147382941,4
2024-01-04 07:15:00,S001,3.2713405168989667,130.87866192704496,13.82640149248569,0,-0.15901175654271427,0.0249952167028766,0.2591996362442525,0
2024-01-04 07:20:00,S004,2.5599219599291416,104.34402350003072,22.395854674008326,0,-0.2788374884059466,0.024533479482732937,-0.4618810062304922,3
2024-01-04 07:25:00,S005,3.787495647671388,119.54331115151749,21.76406948960076,0,0.6756517416140677,0.03168304115781119,-0.26025719062923863,4
2024-01-04 07:30:00,S004,3.287977396676082,59.90829617332401,24.58852353474605,0,0.7280554367469403,0.05488350706243785,-1.492511494452257,3
2024-01-04 07:35:00,S010,3.5237675951743004,149.33482374943895,20.72983465793704,0,0.09148950912322773,0.02359642249855051,0.5209691114982479,9
2024-01-04 07:40:00,S001,2.517876974467363,70.95385589044079,20.73603889616193,0,-0.7534635424316036,0.0354861190067011,-1.0842757818152626,0
2024-01-04 07:45:00,S005,3.804028451488521,160.5239683627256,17.51560355476905,0,0.016532803817133068,0.02369757295468692,0.7251005180277752,4
2024-01-04 07:50:00,S009,3.815680701493432,86.47699703963389,18.258559518120464,0,-0.0828415109571341,0.04412364942903145,-0.8181193564838035,8
2024-01-04 07:55:00,S003,3.4465740899053308,53.74761234227742,20.810876680400185,0,0.5056989491479302,0.06412515717564318,-1.5757276528438258,2
2024-01-04 08:00:00,S002,3.0135926849437897,131.97145415380646,11.370298640853338,0,0.18310159478741594,0.022835185866810548,0.14274942682220756,1
2024-01-04 08:05:00,S004,2.7823482996535684,77.63729773590114,10.85503581327901,0,-0.5056290970225135,0.03583777875371071,-1.0813097287698608,3
2024-01-04 08:10:00,S006,2.57350696745691,135.91554150304188,22.292435280790784,0,-0.054395544960605946,0.018934604084331057,0.21697535017850839,5
2024-01-04 08:15:00,S008,3.949838377832715,116.11085616263954,13.906046631818626,0,1.0311426716713106,0.03401782148570065,-0.33139560349322855,7
2024-01-04 08:20:00,S005,3.839670611983709,153.41257008069869,14.256969145623238,0,0.03564216049518798,0.025028396367479316,0.5541107976723632,4
2024-01-04 08:25:00,S009,3.7879001604737472,194.40988757917088,19.42520676324167,0,-0.027780541019684968,0.019484092128474347,1.547844350205424,8
2024-01-04 08:30:00,S003,3.403384453565886,98.34872367041372,21.65340622307309,0,-0.043189636339444615,0.03460527321762972,-0.4576811010932345,2
2024-01-04 08:35:00,S002,2.584320858189818,162.12809551197574,22.762791359831432,0,-0.4292718267539719,0.015939993928069822,0.8258686989792485,1
2024-01-04 08:40:00,S001,3.147984057195161,54.95179038504909,24.30905128789613,0,0.6301070827277981,0.057286287390533874,-1.4430317472753744,0
2024-01-04 08:45:00,S007,2.763835425127993,85.30748928475364,17.41556216568637,0,-0.180831906488236,0.032398508594930216,-1.0229137786018647,6
2024-01-04 08:50:00,S010,3.638465247781046,125.09292985008965,23.676776685726573,0,0.11469765260674558,0.02908609824592399,-0.057811383264724014,9
2024-01-04 08:55:00,S006,3.842614838742768,136.08937041844734,15.26166434515468,0,1.2691078712858577,0.028235966017368903,0.22087606965732132,5
2024-01-04 09:00:00,S004,3.171957484573285,110.82075144956278,24.76134195949772,0,0.3896091849197165,0.02862241450989164,-0.3116614939081653,3
2024-01-04 09:05:00,S010,2.583167853555762,174.9551395911605,16.8670739883881,0,-1.055297394225284,0.014764744033496386,1.1326597302437258,9
2024-01-04 09:10:00,S001,2.655212595469877,148.48440535994786,23.604782776573657,0,-0.4927714617252841,0.017882097374834975,0.6539090242783128,0
2024-01-04 09:15:00,S002,3.525962694872712,78.53418962302064,17.813286740510186,0,0.9416418366828943,0.04489716786216356,-1.0677310381200502,1
2024-01-04 09:20:00,S006,3.0035236009642627,136.18732963278194,17.721763523997016,0,-0.8390912377785051,0.02205435416673839,0.22307427364768082,5
2024-01-04 09:25:00,S003,2.695480649758504,146.51434242759962,12.957744729520996,0,-0.7079038038073819,0.018397384207669006,0.7497193954597182,2
2024-01-04 09:30:00,S004,2.8552742058948195,74.74010402790967,11.86922594783687,0,-0.31668327867846546,0.03820270579830298,-1.1485064721422973,3
2024-01-04 09:35:00,S004,3.524006728694139,144.31010225899894,13.99152052805963,0,0.6687325227993193,0.02441968145878845,0.4650816371582388,3
2024-01-04 09:40:00,S003,3.7485865625528616,198.74365144418425,12.454243062074145,0,1.0531059127943574,0.01886141537163521,2.058987194118147,2
2024-01-04 09:45:00,S001,3.9784011009292,153.00179175861942,13.654221879732914,0,1.3231885054593229,0.026002317064009493,0.7551859074572835,0
2024-01-04 09:50:00,S003,3.7856454094148737,172.5660648750142,16.725197057869504,0,0.03705884686201211,0.02193736880966347,1.4027757337918254,2
2024-01-04 09:55:00,S003,3.360147738033492,64.75173823853197,16.739118204349747,0,-0.4254976713813816,0.051892780470795666,-1.2998797054054523,2
2024-01-04 10:00:00,S010,3.606147162140683,87.92561010354339,11.009269193822718,0,1.022979308584921,0.041013615458384174,-0.9451892342377053,9
2024-01-04 10:05:00,S002,3.581581991346808,88.57285266636438,20.7908223336223,0,0.055619296474096025,0.04043656586780062,-0.8403315704488575,1
2024-01-04 10:10:00,S002,3.18661572574932,64.33386559375029,23.47219667230151,0,-0.39496626559748815,0.04953247711518767,-1.3894019728921507,1
2024-01-04 10:15:00,S002,3.394065393216471,66.11758289433622,10.25369199882411,0,0.20744966746715088,0.05133377906641346,-1.3489965560674384,1
2024-01-04 10:20:00,S010,2.510564371936213,170.82440690483665,11.15193526430101,0,-1.0955827902044701,0.014696754505272995,1.0340375880195873,9
2024-01-04 10:25:00,S004,3.873721522286116,125.43132800983771,21.92665423790087,0,0.3497147935919771,0.030883205842111978,0.027212348367561912,3
2024-01-04 10:30:00,S009,2.5926435794353,160.15250530029437,17.826001282798686,0,-1.1952565810384472,0.01618859208235345,0.7968988066103471,8
2024-01-04 10:35:00,S010,1.9167054966817143,71.69252969937648,15.133382871683567,1,-0.5938588752544987,0.02673507971404493,-1.3327575631339479,9
2024-01-04 10:40:00,S003,3.731273513894693,92.22159536763792,11.05103043581784,0,0.37112577586120077,0.040459867329506856,-0.6112740154189007,2
2024-01-04 10:45:00,S002,2.865562317856514,95.884221989228,17.247019683482492,0,-0.5285030753599567,0.029885650194664836,-0.6747117578514937,1
2024-01-04 10:50:00,S008,2.760945558855008,104.18240884637176,19.55953234807036,0,-1.188892818977707,0.02650107238988216,-0.5946279676350352,7
2024-01-04 10:55:00,S007,2.9498114026660973,55.160481268018735,19.52394595176616,0,0.18597597753810424,0.05347689748750592,-1.7268237214094067,6
2024-01-04 11:00:00,S010,3.836532524450817,172.04132200510338,20.72429235327666,0,1.9198270277691027,0.022300064191055277,1.0630917009837488,9
2024-01-04 11:05:00,S002,2.716468065531222,64.03391103685033,10.250073258994496,0,-0.14909425232529205,0.04242233562063267,-1.396196653246506,1
2024-01-04 11:10:00,S002,3.01789682808558,75.91351343693148,19.32971185140812,0,0.3014287625543579,0.03975440855066322,-1.1270955538012883,1
2024-01-04 11:15:00,S003,3.777372100025856,179.5684434447505,16.101606228580078,0,0.046098586131163355,0.02103583473439038,1.5783091449740494,2
